[NX v23.2.1 Daemon Client] - 2026-09-26T05:36:13.990Z - [Client] Starting new daemon server in background
[NX v23.2.1 Daemon Client] - 2026-09-26T05:36:14.026Z - [Client] Waiting for server (max: 6000 attempts, 10ms interval)
DEBUG nx::native::watch::watcher: watching started origin=C:\Users\Gerar\Downloads\Proyectos\bibliohub
[NX v23.2.1 Daemon Server] - 2026-09-26T05:36:15.328Z - [WATCHER]: Subscribed to changes within: C:\Users\Gerar\Downloads\Proyectos\bibliohub (native)
[NX v23.2.1 Daemon Server] - 2026-09-26T05:36:15.354Z - New daemon starting from: C:\Users\Gerar\Downloads\Proyectos\bibliohub\node_modules\.pnpm\nx@23.2.1\node_modules\nx\dist\src\daemon\server\server.js
[NX v23.2.1 Daemon Server] - 2026-09-26T05:36:15.354Z - New daemon __dirname: C:\Users\Gerar\Downloads\Proyectos\bibliohub\node_modules\.pnpm\nx@23.2.1\node_modules\nx\dist\src\daemon\server
[NX v23.2.1 Daemon Server] - 2026-09-26T05:36:15.358Z - New daemon nxVersion: 23.2.1
[NX v23.2.1 Daemon Server] - 2026-09-26T05:36:15.362Z - New daemon getInstalledNxVersion(): 23.2.1
[NX v23.2.1 Daemon Server] - 2026-09-26T05:36:15.367Z - Time taken for 'workspace context init' 0.7936999999999443ms
[NX v23.2.1 Daemon Server] - 2026-09-26T05:36:15.377Z - [Server] Starting outdated check interval (20ms)
[NX v23.2.1 Daemon Server] - 2026-09-26T05:36:15.380Z - Started listening on: \\.\pipe\nx\C:\Users\Gerar\AppData\Local\Temp\b9b451ba310c574eb197\d.sock
[NX v23.2.1 Daemon Client] - 2026-09-26T05:36:15.389Z - [Client] Server available
[NX v23.2.1 Daemon Client] - 2026-09-26T05:36:15.392Z - [Client] Daemon server started, pid=26752
[NX v23.2.1 Daemon Client] - 2026-09-26T05:36:15.395Z - [Messenger] Setting up socket listeners
[NX v23.2.1 Daemon Client] - 2026-09-26T05:36:15.396Z - [Messenger] listen() complete
DEBUG nx::native::watch::watcher: watching started origin=C:\Users\Gerar\Downloads\Proyectos\bibliohub
[NX v23.2.1 Daemon Server] - 2026-09-26T05:36:15.646Z - [LATEST-NX]: Pulling latest Nx...
[NX v23.2.1 Daemon Server] - 2026-09-26T05:36:15.732Z - [AI-AGENTS]: Starting agent configuration status computation
[isolated-plugin] spawned worker for "C:\Users\Gerar\Downloads\Proyectos\bibliohub\node_modules\.pnpm\nx@23.2.1\node_modules\nx\dist\src\plugins\js" (pid: 32872, socket: \\.\pipe\nx\C:\Users\Gerar\AppData\Local\Temp\cc131f79\p26752-0-d566b478.sock)
[isolated-plugin] spawned worker for "C:\Users\Gerar\Downloads\Proyectos\bibliohub\node_modules\.pnpm\nx@23.2.1\node_modules\nx\dist\src\plugins\package-json" (pid: 2452, socket: \\.\pipe\nx\C:\Users\Gerar\AppData\Local\Temp\cc131f79\p26752-1-6a59232d.sock)
[isolated-plugin] spawned worker for "C:\Users\Gerar\Downloads\Proyectos\bibliohub\node_modules\.pnpm\nx@23.2.1\node_modules\nx\dist\src\plugins\project-json\build-nodes\project-json" (pid: 21812, socket: \\.\pipe\nx\C:\Users\Gerar\AppData\Local\Temp\cc131f79\p26752-2-fcd9a142.sock)
[NX v23.2.1 Daemon Server] - 2026-09-26T05:36:15.875Z - Time taken for 'hash changed files from watcher' 0.039099999999962165ms
[NX v23.2.1 Daemon Server] - 2026-09-26T05:36:15.875Z - Time taken for 'loadSpecifiedNxPlugins' 227.3841ms
[NX v23.2.1 Daemon Server] - 2026-09-26T05:36:15.883Z - Established a connection. Number of open connections: 1
[NX v23.2.1 Daemon Server] - 2026-09-26T05:36:15.884Z - Established a connection. Number of open connections: 2
[NX v23.2.1 Daemon Server] - 2026-09-26T05:36:15.887Z - Closed a connection. Number of open connections: 1
[plugin-worker] "C:\Users\Gerar\Downloads\Proyectos\bibliohub\node_modules\.pnpm\nx@23.2.1\node_modules\nx\dist\src\plugins\js" (pid: 32872) listening on \\.\pipe\nx\C:\Users\Gerar\AppData\Local\Temp\cc131f79\p26752-0-d566b478.sock
[1m[33mTime taken for 'plugin worker 32872 code loading' 802.7257ms[39m[22m
[isolated-plugin] connected to worker for "C:\Users\Gerar\Downloads\Proyectos\bibliohub\node_modules\.pnpm\nx@23.2.1\node_modules\nx\dist\src\plugins\js" (pid: 32872)
[plugin-worker] "C:\Users\Gerar\Downloads\Proyectos\bibliohub\node_modules\.pnpm\nx@23.2.1\node_modules\nx\dist\src\plugins\js" (pid: 32872) connected
[NX v23.2.1 Daemon Server] - 2026-09-26T05:36:16.748Z - Time taken for 'start-plugin-worker:C:\Users\Gerar\Downloads\Proyectos\bibliohub\node_modules\.pnpm\nx@23.2.1\node_modules\nx\dist\src\plugins\js' 1011.0071999999998ms
[plugin-worker] "C:\Users\Gerar\Downloads\Proyectos\bibliohub\node_modules\.pnpm\nx@23.2.1\node_modules\nx\dist\src\plugins\package-json" (pid: 2452) listening on \\.\pipe\nx\C:\Users\Gerar\AppData\Local\Temp\cc131f79\p26752-1-6a59232d.sock
[1m[33mTime taken for 'plugin worker 2452 code loading' 800.4549ms[39m[22m
[isolated-plugin] connected to worker for "C:\Users\Gerar\Downloads\Proyectos\bibliohub\node_modules\.pnpm\nx@23.2.1\node_modules\nx\dist\src\plugins\package-json" (pid: 2452)
[NX v23.2.1 Daemon Server] - 2026-09-26T05:36:16.776Z - Time taken for 'start-plugin-worker:C:\Users\Gerar\Downloads\Proyectos\bibliohub\node_modules\.pnpm\nx@23.2.1\node_modules\nx\dist\src\plugins\package-json' 993.4430999999997ms
[plugin-worker] "C:\Users\Gerar\Downloads\Proyectos\bibliohub\node_modules\.pnpm\nx@23.2.1\node_modules\nx\dist\src\plugins\package-json" (pid: 2452) connected
[plugin-worker] "C:\Users\Gerar\Downloads\Proyectos\bibliohub\node_modules\.pnpm\nx@23.2.1\node_modules\nx\dist\src\plugins\package-json" (pid: 2452) loaded successfully
[NX v23.2.1 Daemon Server] - 2026-09-26T05:36:16.805Z - Time taken for 'Load Nx Plugin: C:\Users\Gerar\Downloads\Proyectos\bibliohub\node_modules\.pnpm\nx@23.2.1\node_modules\nx\dist\src\plugins\package-json' 1162.0495999999998ms
[plugin-worker] "C:\Users\Gerar\Downloads\Proyectos\bibliohub\node_modules\.pnpm\nx@23.2.1\node_modules\nx\dist\src\plugins\project-json\build-nodes\project-json" (pid: 21812) listening on \\.\pipe\nx\C:\Users\Gerar\AppData\Local\Temp\cc131f79\p26752-2-fcd9a142.sock
[1m[33mTime taken for 'plugin worker 21812 code loading' 796.9656ms[39m[22m
[plugin-worker] "C:\Users\Gerar\Downloads\Proyectos\bibliohub\node_modules\.pnpm\nx@23.2.1\node_modules\nx\dist\src\plugins\js" (pid: 32872) loaded successfully
[isolated-plugin] connected to worker for "C:\Users\Gerar\Downloads\Proyectos\bibliohub\node_modules\.pnpm\nx@23.2.1\node_modules\nx\dist\src\plugins\project-json\build-nodes\project-json" (pid: 21812)
[NX v23.2.1 Daemon Server] - 2026-09-26T05:36:16.820Z - Time taken for 'start-plugin-worker:C:\Users\Gerar\Downloads\Proyectos\bibliohub\node_modules\.pnpm\nx@23.2.1\node_modules\nx\dist\src\plugins\project-json\build-nodes\project-json' 991.2016999999998ms
[NX v23.2.1 Daemon Server] - 2026-09-26T05:36:16.821Z - Time taken for 'Load Nx Plugin: C:\Users\Gerar\Downloads\Proyectos\bibliohub\node_modules\.pnpm\nx@23.2.1\node_modules\nx\dist\src\plugins\js' 1179.2711ms
[plugin-worker] "C:\Users\Gerar\Downloads\Proyectos\bibliohub\node_modules\.pnpm\nx@23.2.1\node_modules\nx\dist\src\plugins\project-json\build-nodes\project-json" (pid: 21812) connected
[plugin-worker] "C:\Users\Gerar\Downloads\Proyectos\bibliohub\node_modules\.pnpm\nx@23.2.1\node_modules\nx\dist\src\plugins\project-json\build-nodes\project-json" (pid: 21812) loaded successfully
[NX v23.2.1 Daemon Server] - 2026-09-26T05:36:16.835Z - [REQUEST]: Updated workspace context based on watched changes, recomputing project graph...
[NX v23.2.1 Daemon Server] - 2026-09-26T05:36:16.835Z - [REQUEST]: 
[NX v23.2.1 Daemon Server] - 2026-09-26T05:36:16.835Z - [REQUEST]: 
[NX v23.2.1 Daemon Server] - 2026-09-26T05:36:16.840Z - Time taken for 'loadDefaultNxPlugins' 1193.1519ms
[NX v23.2.1 Daemon Server] - 2026-09-26T05:36:16.840Z - Time taken for 'Load Nx Plugin: C:\Users\Gerar\Downloads\Proyectos\bibliohub\node_modules\.pnpm\nx@23.2.1\node_modules\nx\dist\src\plugins\project-json\build-nodes\project-json' 1189.3055ms
[1m[33mTime taken for 'nx/core/project-json:createNodes' 0.40010000000006585ms[39m[22m
[isolated-plugin] shutting down worker for "nx/core/project-json" after createNodes
[1m[33mTime taken for 'nx/core/package-json:createNodes' 33.871000000000095ms[39m[22m
[isolated-plugin] shutting down worker for "nx/core/package-json" after createNodes
[1m[33mTime taken for 'nx/js/dependencies-and-lockfile:createNodes' 173.20089999999993ms[39m[22m
[NX v23.2.1 Daemon Server] - 2026-09-26T05:36:17.101Z - Time taken for 'build-project-configs' 210.72029999999995ms
[NX v23.2.1 Daemon Server] - 2026-09-26T05:36:17.101Z - Time taken for 'createNodes:merge' 21.829400000000078ms
[NX v23.2.1 Daemon Server] - 2026-09-26T05:36:17.101Z - Time taken for 'native-file-deps' 0.027000000000043656ms
[NX v23.2.1 Daemon Server] - 2026-09-26T05:36:17.102Z - Time taken for 'get-workspace-files' 2.4606000000003405ms
[NX v23.2.1 Daemon Server] - 2026-09-26T05:36:17.102Z - Time taken for 'read cache' 0.7374999999997272ms
[1m[33mTime taken for 'build typescript dependencies' 257.0800999999999ms[39m[22m
[isolated-plugin] shutting down worker for "nx/js/dependencies-and-lockfile" after createDependencies
[NX v23.2.1 Daemon Server] - 2026-09-26T05:36:17.417Z - [SYNC]: collect registered sync generators
[NX v23.2.1 Daemon Server] - 2026-09-26T05:36:17.438Z - Wrote project graph cache to C:\Users\Gerar\Downloads\Proyectos\bibliohub\.nx\workspace-data\project-graph.json
[NX v23.2.1 Daemon Server] - 2026-09-26T05:36:17.438Z - Time taken for 'total execution time for createProjectGraph()' 329.1923999999999ms
[NX v23.2.1 Daemon Server] - 2026-09-26T05:36:17.439Z - Time taken for 'createDependencies' 310.58600000000024ms
[NX v23.2.1 Daemon Server] - 2026-09-26T05:36:17.439Z - Time taken for 'nx/js/dependencies-and-lockfile:createDependencies' 309.8780999999999ms
[NX v23.2.1 Daemon Server] - 2026-09-26T05:36:17.439Z - Time taken for 'createMetadata' 0.0670999999997548ms
[NX v23.2.1 Daemon Server] - 2026-09-26T05:36:17.439Z - Time taken for 'serialize graph' 5.602200000000266ms
[NX v23.2.1 Daemon Server] - 2026-09-26T05:36:17.439Z - Time taken for 'write cache' 18.672799999999825ms
[NX v23.2.1 Daemon Client] - 2026-09-26T05:36:17.580Z - [Messenger] Sending message type: REQUEST_PROJECT_GRAPH
[NX v23.2.1 Daemon Client] - 2026-09-26T05:36:17.582Z - [Messenger] Message sent
[NX v23.2.1 Daemon Server] - 2026-09-26T05:36:17.588Z - Received raw message of length 6772
[NX v23.2.1 Daemon Server] - 2026-09-26T05:36:17.589Z - Received json message of type REQUEST_PROJECT_GRAPH
[NX v23.2.1 Daemon Server] - 2026-09-26T05:36:17.591Z - [REQUEST]: Client Request for Project Graph Received
DEBUG nx::native::watch::watcher: force-flush END count=0 replies=1 elapsed=17.3065ms
[NX v23.2.1 Daemon Server] - 2026-09-26T05:36:17.610Z - Reusing in-memory cached project graph because no files changed.
[NX v23.2.1 Daemon Server] - 2026-09-26T05:36:17.611Z - Serializing response for REQUEST_PROJECT_GRAPH message in json mode
[NX v23.2.1 Daemon Server] - 2026-09-26T05:36:17.611Z - Responding to REQUEST_PROJECT_GRAPH message
[NX v23.2.1 Daemon Server] - 2026-09-26T05:36:17.611Z - [REQUEST]: Responding to the client. project-graph
[NX v23.2.1 Daemon Server] - 2026-09-26T05:36:17.616Z - Time taken for 'total for creating and serializing project graph' 19.34320000000025ms
[NX v23.2.1 Daemon Server] - 2026-09-26T05:36:17.617Z - Done responding to the client project-graph
[NX v23.2.1 Daemon Server] - 2026-09-26T05:36:17.617Z - Handled json message REQUEST_PROJECT_GRAPH. Handling time: 20. Response time: 6.
[NX v23.2.1 Daemon Client] - 2026-09-26T05:36:17.618Z - [Messenger] Received message, length: 546580
[NX v23.2.1 Daemon Server] - 2026-09-26T05:36:19.347Z - Closed a connection. Number of open connections: 0
Fetching nx...
[NX v23.2.1 Daemon Server] - 2026-09-26T05:36:21.805Z - Established a connection. Number of open connections: 1
[NX v23.2.1 Daemon Server] - 2026-09-26T05:36:21.806Z - Closed a connection. Number of open connections: 0
[NX v23.2.1 Daemon Server] - 2026-09-26T05:36:21.809Z - Established a connection. Number of open connections: 1
[NX v23.2.1 Daemon Server] - 2026-09-26T05:36:21.809Z - Closed a connection. Number of open connections: 0
[NX v23.2.1 Daemon Server] - 2026-09-26T05:36:21.810Z - Established a connection. Number of open connections: 1
[NX v23.2.1 Daemon Client] - 2026-09-26T05:36:21.810Z - [Messenger] Setting up socket listeners
[NX v23.2.1 Daemon Client] - 2026-09-26T05:36:21.813Z - [Messenger] listen() complete
[NX v23.2.1 Daemon Client] - 2026-09-26T05:36:23.594Z - [Messenger] Sending message type: GET_NX_CONSOLE_STATUS
[NX v23.2.1 Daemon Client] - 2026-09-26T05:36:23.596Z - [Messenger] Message sent
[NX v23.2.1 Daemon Server] - 2026-09-26T05:36:23.601Z - Received raw message of length 6772
[NX v23.2.1 Daemon Server] - 2026-09-26T05:36:23.602Z - Received json message of type GET_NX_CONSOLE_STATUS
[NX v23.2.1 Daemon Server] - 2026-09-26T05:36:23.604Z - Serializing response for GET_NX_CONSOLE_STATUS message in json mode
[NX v23.2.1 Daemon Server] - 2026-09-26T05:36:23.604Z - Responding to GET_NX_CONSOLE_STATUS message
[NX v23.2.1 Daemon Server] - 2026-09-26T05:36:23.604Z - [REQUEST]: Responding to the client. handleGetNxConsoleStatus
[NX v23.2.1 Daemon Server] - 2026-09-26T05:36:23.606Z - Done responding to the client handleGetNxConsoleStatus
[NX v23.2.1 Daemon Server] - 2026-09-26T05:36:23.607Z - Handled json message GET_NX_CONSOLE_STATUS. Handling time: 0. Response time: 3.
[NX v23.2.1 Daemon Client] - 2026-09-26T05:36:23.607Z - [Messenger] Received message, length: 22
[NX v23.2.1 Daemon Client] - 2026-09-26T05:36:24.032Z - [Messenger] Sending message type: REQUEST_PROJECT_GRAPH
[NX v23.2.1 Daemon Client] - 2026-09-26T05:36:24.033Z - [Messenger] Message sent
[NX v23.2.1 Daemon Server] - 2026-09-26T05:36:24.034Z - Received raw message of length 100
[NX v23.2.1 Daemon Server] - 2026-09-26T05:36:24.034Z - Received json message of type REQUEST_PROJECT_GRAPH
[NX v23.2.1 Daemon Server] - 2026-09-26T05:36:24.034Z - [REQUEST]: Client Request for Project Graph Received
DEBUG nx::native::watch::watcher: force-flush END count=0 replies=1 elapsed=24.8963ms
[NX v23.2.1 Daemon Server] - 2026-09-26T05:36:24.060Z - Reusing in-memory cached project graph because no files changed.
[NX v23.2.1 Daemon Server] - 2026-09-26T05:36:24.060Z - Serializing response for REQUEST_PROJECT_GRAPH message in json mode
[NX v23.2.1 Daemon Server] - 2026-09-26T05:36:24.061Z - Responding to REQUEST_PROJECT_GRAPH message
[NX v23.2.1 Daemon Server] - 2026-09-26T05:36:24.061Z - [REQUEST]: Responding to the client. project-graph
[NX v23.2.1 Daemon Server] - 2026-09-26T05:36:24.064Z - Time taken for 'total for creating and serializing project graph' 26.130800000000818ms
[NX v23.2.1 Daemon Server] - 2026-09-26T05:36:24.065Z - Done responding to the client project-graph
[NX v23.2.1 Daemon Server] - 2026-09-26T05:36:24.065Z - Handled json message REQUEST_PROJECT_GRAPH. Handling time: 26. Response time: 5.
[NX v23.2.1 Daemon Client] - 2026-09-26T05:36:24.066Z - [Messenger] Received message, length: 546580
[NX v23.2.1 Daemon Server] - 2026-09-26T05:36:24.296Z - Closed a connection. Number of open connections: 0
[NX v23.2.1 Daemon Server] - 2026-09-26T05:36:27.187Z - Established a connection. Number of open connections: 1
[NX v23.2.1 Daemon Server] - 2026-09-26T05:36:27.191Z - Established a connection. Number of open connections: 2
[NX v23.2.1 Daemon Server] - 2026-09-26T05:36:27.192Z - Closed a connection. Number of open connections: 1
[NX v23.2.1 Daemon Server] - 2026-09-26T05:36:27.192Z - Closed a connection. Number of open connections: 0
[NX v23.2.1 Daemon Server] - 2026-09-26T05:36:27.192Z - Established a connection. Number of open connections: 1
[NX v23.2.1 Daemon Client] - 2026-09-26T05:36:27.192Z - [Messenger] Setting up socket listeners
[NX v23.2.1 Daemon Client] - 2026-09-26T05:36:27.196Z - [Messenger] listen() complete
[NX v23.2.1 Daemon Client] - 2026-09-26T05:36:28.770Z - [Messenger] Sending message type: GET_NX_CONSOLE_STATUS
[NX v23.2.1 Daemon Client] - 2026-09-26T05:36:28.773Z - [Messenger] Message sent
[NX v23.2.1 Daemon Server] - 2026-09-26T05:36:28.780Z - Received raw message of length 6772
[NX v23.2.1 Daemon Server] - 2026-09-26T05:36:28.781Z - Received json message of type GET_NX_CONSOLE_STATUS
[NX v23.2.1 Daemon Server] - 2026-09-26T05:36:28.783Z - Serializing response for GET_NX_CONSOLE_STATUS message in json mode
[NX v23.2.1 Daemon Server] - 2026-09-26T05:36:28.783Z - Responding to GET_NX_CONSOLE_STATUS message
[NX v23.2.1 Daemon Server] - 2026-09-26T05:36:28.783Z - [REQUEST]: Responding to the client. handleGetNxConsoleStatus
[NX v23.2.1 Daemon Server] - 2026-09-26T05:36:28.784Z - Done responding to the client handleGetNxConsoleStatus
[NX v23.2.1 Daemon Server] - 2026-09-26T05:36:28.784Z - Handled json message GET_NX_CONSOLE_STATUS. Handling time: 0. Response time: 1.
[NX v23.2.1 Daemon Client] - 2026-09-26T05:36:28.786Z - [Messenger] Received message, length: 22
[NX v23.2.1 Daemon Client] - 2026-09-26T05:36:29.243Z - [Messenger] Sending message type: REQUEST_PROJECT_GRAPH
[NX v23.2.1 Daemon Client] - 2026-09-26T05:36:29.245Z - [Messenger] Message sent
[NX v23.2.1 Daemon Server] - 2026-09-26T05:36:29.246Z - Received raw message of length 100
[NX v23.2.1 Daemon Server] - 2026-09-26T05:36:29.246Z - Received json message of type REQUEST_PROJECT_GRAPH
[NX v23.2.1 Daemon Server] - 2026-09-26T05:36:29.246Z - [REQUEST]: Client Request for Project Graph Received
DEBUG nx::native::watch::watcher: force-flush END count=0 replies=1 elapsed=19.1126ms
[NX v23.2.1 Daemon Server] - 2026-09-26T05:36:29.266Z - Reusing in-memory cached project graph because no files changed.
[NX v23.2.1 Daemon Server] - 2026-09-26T05:36:29.267Z - Serializing response for REQUEST_PROJECT_GRAPH message in json mode
[NX v23.2.1 Daemon Server] - 2026-09-26T05:36:29.267Z - Responding to REQUEST_PROJECT_GRAPH message
[NX v23.2.1 Daemon Server] - 2026-09-26T05:36:29.267Z - [REQUEST]: Responding to the client. project-graph
[NX v23.2.1 Daemon Server] - 2026-09-26T05:36:29.271Z - Time taken for 'total for creating and serializing project graph' 20.42579999999907ms
[NX v23.2.1 Daemon Server] - 2026-09-26T05:36:29.273Z - Done responding to the client project-graph
[NX v23.2.1 Daemon Server] - 2026-09-26T05:36:29.273Z - Handled json message REQUEST_PROJECT_GRAPH. Handling time: 21. Response time: 6.
[NX v23.2.1 Daemon Client] - 2026-09-26T05:36:29.273Z - [Messenger] Received message, length: 546580
[NX v23.2.1 Daemon Server] - 2026-09-26T05:36:29.294Z - Closed a connection. Number of open connections: 0
[NX v23.2.1 Daemon Server] - 2026-09-26T05:36:29.599Z - [LATEST-NX]: Successfully pulled latest Nx to C:\Users\Gerar\AppData\Local\Temp\tmp-26752-VSHSMyMdCB9V
[NX v23.2.1 Daemon Server] - 2026-09-26T05:36:29.602Z - [NX-CONSOLE]: Using local implementation (NX_USE_LOCAL=true or inner call)
[NX v23.2.1 Daemon Server] - 2026-09-26T05:36:29.603Z - [AI-AGENTS]: Failed to compute agent configuration status from latest Nx. Error: Only URLs with a scheme in: file, data, and node are supported by the default ESM loader. On Windows, absolute paths must be valid file:// URLs. Received protocol 'c:'
DEBUG nx::native::ide::install: Detected editor: Unknown
[NX v23.2.1 Daemon Server] - 2026-09-26T05:36:29.603Z - [AI-AGENTS]: Agent configuration status computation completed: 0 fully configured, 0 outdated, 0 partially configured, 0 non-configured
[NX v23.2.1 Daemon Server] - 2026-09-26T05:36:29.607Z - [NX-CONSOLE]: Console status check completed, shouldPrompt: false
DEBUG nx::native::watch::watcher: idle-window emitting events count=3
DEBUG nx::native::watch::watcher: idle-window emitting events count=3
DEBUG nx::native::watch::watcher:   [update] apps/backend/package.json
DEBUG nx::native::watch::watcher:   [update] apps/frontend/package.json
DEBUG nx::native::watch::watcher:   [update] package.json
DEBUG nx::native::watch::watcher:   [update] package.json
DEBUG nx::native::watch::watcher:   [update] apps/backend/package.json
DEBUG nx::native::watch::watcher:   [update] apps/frontend/package.json
[NX v23.2.1 Daemon Server] - 2026-09-26T05:36:38.781Z - [WATCHER]: 0 file(s) created or restored, 3 file(s) modified, 0 file(s) deleted
[NX v23.2.1 Daemon Server] - 2026-09-26T05:36:38.781Z - [WATCHER]: [watcher] routeWorkspaceChanges batch: 3 events: update:apps/frontend/package.json, update:package.json, update:apps/backend/package.json
[NX v23.2.1 Daemon Server] - 2026-09-26T05:36:38.782Z - [WATCHER]: File changes detected:
Created:
(none)
Updated:
  - apps/frontend/package.json
  - package.json
  - apps/backend/package.json
Deleted:
(none)
[NX v23.2.1 Daemon Server] - 2026-09-26T05:36:38.785Z - [SYNC]: clearing sync generators cache due to file changes
[NX v23.2.1 Daemon Server] - 2026-09-26T05:36:38.787Z - [REQUEST]: Updated workspace context based on watched changes, recomputing project graph...
[NX v23.2.1 Daemon Server] - 2026-09-26T05:36:38.787Z - [REQUEST]: package.json,apps/backend/package.json,apps/frontend/package.json
[NX v23.2.1 Daemon Server] - 2026-09-26T05:36:38.787Z - [REQUEST]: 
[plugin-client] restarting worker for "nx/js/dependencies-and-lockfile"
[isolated-plugin] spawned worker for "nx/js/dependencies-and-lockfile" (pid: 20344, socket: \\.\pipe\nx\C:\Users\Gerar\AppData\Local\Temp\cc131f79\p26752-3-a80512f8.sock)
[plugin-client] restarting worker for "nx/core/package-json"
[isolated-plugin] spawned worker for "nx/core/package-json" (pid: 12432, socket: \\.\pipe\nx\C:\Users\Gerar\AppData\Local\Temp\cc131f79\p26752-4-95b1b190.sock)
[plugin-client] restarting worker for "nx/core/project-json"
[isolated-plugin] spawned worker for "nx/core/project-json" (pid: 22204, socket: \\.\pipe\nx\C:\Users\Gerar\AppData\Local\Temp\cc131f79\p26752-5-778915a7.sock)
[NX v23.2.1 Daemon Server] - 2026-09-26T05:36:38.915Z - [WATCHER]: Processing file changes in outputs
[NX v23.2.1 Daemon Server] - 2026-09-26T05:36:38.916Z - Time taken for 'hash changed files from watcher' 2.500099999997474ms
[isolated-plugin] connected to worker for "nx/js/dependencies-and-lockfile" (pid: 20344)
[isolated-plugin] connected to worker for "nx/core/package-json" (pid: 12432)
[plugin-worker] "nx/core/package-json" (pid: 12432) listening on \\.\pipe\nx\C:\Users\Gerar\AppData\Local\Temp\cc131f79\p26752-4-95b1b190.sock
[1m[33mTime taken for 'plugin worker 12432 code loading' 736.4973ms[39m[22m
[plugin-worker] "nx/js/dependencies-and-lockfile" (pid: 20344) listening on \\.\pipe\nx\C:\Users\Gerar\AppData\Local\Temp\cc131f79\p26752-3-a80512f8.sock
[NX v23.2.1 Daemon Server] - 2026-09-26T05:36:39.748Z - Time taken for 'start-plugin-worker:nx/js/dependencies-and-lockfile' 956.190300000002ms
[NX v23.2.1 Daemon Server] - 2026-09-26T05:36:39.748Z - Time taken for 'start-plugin-worker:nx/core/package-json' 911.229000000003ms
[plugin-worker] "nx/core/package-json" (pid: 12432) connected
[plugin-worker] "nx/js/dependencies-and-lockfile" (pid: 20344) connected
[1m[33mTime taken for 'plugin worker 20344 code loading' 772.3279ms[39m[22m
[plugin-worker] "nx/core/package-json" (pid: 12432) loaded successfully
[isolated-plugin] connected to worker for "nx/core/project-json" (pid: 22204)
[plugin-worker] "nx/core/project-json" (pid: 22204) listening on \\.\pipe\nx\C:\Users\Gerar\AppData\Local\Temp\cc131f79\p26752-5-778915a7.sock
[NX v23.2.1 Daemon Server] - 2026-09-26T05:36:39.808Z - Time taken for 'start-plugin-worker:nx/core/project-json' 935.8807000000015ms
[plugin-worker] "nx/core/project-json" (pid: 22204) connected
[1m[33mTime taken for 'plugin worker 22204 code loading' 757.9753000000001ms[39m[22m
[plugin-worker] "nx/js/dependencies-and-lockfile" (pid: 20344) loaded successfully
[1m[33mTime taken for 'nx/core/package-json:createNodes' 37.823600000000056ms[39m[22m
[isolated-plugin] shutting down worker for "nx/core/package-json" after createNodes
[plugin-worker] "nx/core/project-json" (pid: 22204) loaded successfully
[1m[33mTime taken for 'nx/core/project-json:createNodes' 0.4420999999999822ms[39m[22m
[isolated-plugin] shutting down worker for "nx/core/project-json" after createNodes
[1m[33mTime taken for 'nx/js/dependencies-and-lockfile:createNodes' 14.439500000000066ms[39m[22m
[NX v23.2.1 Daemon Server] - 2026-09-26T05:36:39.859Z - Time taken for 'build-project-configs' 1053.1816ms
[NX v23.2.1 Daemon Server] - 2026-09-26T05:36:39.859Z - Time taken for 'createNodes:merge' 3.9994000000006054ms
[NX v23.2.1 Daemon Server] - 2026-09-26T05:36:39.859Z - Time taken for 'native-file-deps' 0.007300000001123408ms
[NX v23.2.1 Daemon Server] - 2026-09-26T05:36:39.859Z - Time taken for 'get-workspace-files' 2.0015000000021246ms
[1m[33mTime taken for 'build typescript dependencies' 187.40660000000014ms[39m[22m
[isolated-plugin] shutting down worker for "nx/js/dependencies-and-lockfile" after createDependencies
[NX v23.2.1 Daemon Server] - 2026-09-26T05:36:40.078Z - [SYNC]: collect registered sync generators
[NX v23.2.1 Daemon Server] - 2026-09-26T05:36:40.080Z - [SYNC]: nx.json hash is the same, not collecting global sync generators
[NX v23.2.1 Daemon Server] - 2026-09-26T05:36:40.094Z - Wrote project graph cache to C:\Users\Gerar\Downloads\Proyectos\bibliohub\.nx\workspace-data\project-graph.json
[NX v23.2.1 Daemon Server] - 2026-09-26T05:36:40.095Z - Time taken for 'total execution time for createProjectGraph()' 228.42009999999937ms
[NX v23.2.1 Daemon Server] - 2026-09-26T05:36:40.095Z - Time taken for 'createDependencies' 217.36309999999867ms
[NX v23.2.1 Daemon Server] - 2026-09-26T05:36:40.095Z - Time taken for 'nx/js/dependencies-and-lockfile:createDependencies' 217.1251000000011ms
[NX v23.2.1 Daemon Server] - 2026-09-26T05:36:40.095Z - Time taken for 'createMetadata' 0.025700000001961598ms
[NX v23.2.1 Daemon Server] - 2026-09-26T05:36:40.095Z - Time taken for 'serialize graph' 3.6591000000007625ms
[NX v23.2.1 Daemon Server] - 2026-09-26T05:36:40.095Z - Time taken for 'write cache' 14.956999999998516ms
[NX v23.2.1 Daemon Server] - 2026-09-26T05:36:41.424Z - Established a connection. Number of open connections: 1
[NX v23.2.1 Daemon Server] - 2026-09-26T05:36:41.425Z - Closed a connection. Number of open connections: 0
[NX v23.2.1 Daemon Server] - 2026-09-26T05:36:41.428Z - Established a connection. Number of open connections: 1
[NX v23.2.1 Daemon Server] - 2026-09-26T05:36:41.428Z - Closed a connection. Number of open connections: 0
[NX v23.2.1 Daemon Server] - 2026-09-26T05:36:41.429Z - Established a connection. Number of open connections: 1
[NX v23.2.1 Daemon Client] - 2026-09-26T05:36:41.428Z - [Messenger] Setting up socket listeners
[NX v23.2.1 Daemon Client] - 2026-09-26T05:36:41.432Z - [Messenger] listen() complete
[NX v23.2.1 Daemon Client] - 2026-09-26T05:36:42.863Z - [Messenger] Sending message type: GET_NX_CONSOLE_STATUS
[NX v23.2.1 Daemon Client] - 2026-09-26T05:36:42.864Z - [Messenger] Message sent
[NX v23.2.1 Daemon Server] - 2026-09-26T05:36:42.869Z - Received raw message of length 6989
[NX v23.2.1 Daemon Server] - 2026-09-26T05:36:42.869Z - Received json message of type GET_NX_CONSOLE_STATUS
[NX v23.2.1 Daemon Server] - 2026-09-26T05:36:42.873Z - Graph recompute necessary due to env variable refresh. Changed keys: PATH, PNPM_PACKAGE_NAME, NODE, PNPM_SCRIPT_SRC_DIR
[NX v23.2.1 Daemon Server] - 2026-09-26T05:36:42.874Z - Serializing response for GET_NX_CONSOLE_STATUS message in json mode
[NX v23.2.1 Daemon Server] - 2026-09-26T05:36:42.874Z - Responding to GET_NX_CONSOLE_STATUS message
[NX v23.2.1 Daemon Server] - 2026-09-26T05:36:42.874Z - [REQUEST]: Responding to the client. handleGetNxConsoleStatus
[NX v23.2.1 Daemon Server] - 2026-09-26T05:36:42.877Z - Done responding to the client handleGetNxConsoleStatus
[NX v23.2.1 Daemon Server] - 2026-09-26T05:36:42.877Z - Handled json message GET_NX_CONSOLE_STATUS. Handling time: 0. Response time: 3.
[NX v23.2.1 Daemon Client] - 2026-09-26T05:36:42.877Z - [Messenger] Received message, length: 22
[NX v23.2.1 Daemon Client] - 2026-09-26T05:36:43.223Z - [Messenger] Sending message type: REQUEST_PROJECT_GRAPH
[NX v23.2.1 Daemon Client] - 2026-09-26T05:36:43.224Z - [Messenger] Message sent
[NX v23.2.1 Daemon Server] - 2026-09-26T05:36:43.226Z - Received raw message of length 100
[NX v23.2.1 Daemon Server] - 2026-09-26T05:36:43.226Z - Received json message of type REQUEST_PROJECT_GRAPH
[NX v23.2.1 Daemon Server] - 2026-09-26T05:36:43.226Z - [REQUEST]: Client Request for Project Graph Received
DEBUG nx::native::watch::watcher: force-flush END count=0 replies=1 elapsed=14.232ms
[NX v23.2.1 Daemon Server] - 2026-09-26T05:36:43.241Z - No in-memory cached project graph found. Recomputing it...
[NX v23.2.1 Daemon Server] - 2026-09-26T05:36:43.243Z - [REQUEST]: Updated workspace context based on watched changes, recomputing project graph...
[NX v23.2.1 Daemon Server] - 2026-09-26T05:36:43.243Z - [REQUEST]: 
[NX v23.2.1 Daemon Server] - 2026-09-26T05:36:43.243Z - [REQUEST]: 
[NX v23.2.1 Daemon Server] - 2026-09-26T05:36:43.246Z - Streaming message to client: progress update for topic graph-construction
[plugin-client] restarting worker for "nx/js/dependencies-and-lockfile"
[isolated-plugin] spawned worker for "nx/js/dependencies-and-lockfile" (pid: 9544, socket: \\.\pipe\nx\C:\Users\Gerar\AppData\Local\Temp\cc131f79\p26752-6-1be836db.sock)
[plugin-client] restarting worker for "nx/core/package-json"
[isolated-plugin] spawned worker for "nx/core/package-json" (pid: 13276, socket: \\.\pipe\nx\C:\Users\Gerar\AppData\Local\Temp\cc131f79\p26752-7-ee49c3b6.sock)
[plugin-client] restarting worker for "nx/core/project-json"
[isolated-plugin] spawned worker for "nx/core/project-json" (pid: 9112, socket: \\.\pipe\nx\C:\Users\Gerar\AppData\Local\Temp\cc131f79\p26752-8-bd3d4f43.sock)
[NX v23.2.1 Daemon Client] - 2026-09-26T05:36:43.366Z - [Messenger] Received message, length: 47
[isolated-plugin] connected to worker for "nx/js/dependencies-and-lockfile" (pid: 9544)
[plugin-worker] "nx/js/dependencies-and-lockfile" (pid: 9544) listening on \\.\pipe\nx\C:\Users\Gerar\AppData\Local\Temp\cc131f79\p26752-6-1be836db.sock
[1m[33mTime taken for 'plugin worker 9544 code loading' 736.8464ms[39m[22m
[NX v23.2.1 Daemon Server] - 2026-09-26T05:36:44.151Z - Time taken for 'start-plugin-worker:nx/js/dependencies-and-lockfile' 903.6800000000003ms
[plugin-worker] "nx/js/dependencies-and-lockfile" (pid: 9544) connected
[plugin-worker] "nx/core/package-json" (pid: 13276) listening on \\.\pipe\nx\C:\Users\Gerar\AppData\Local\Temp\cc131f79\p26752-7-ee49c3b6.sock
[1m[33mTime taken for 'plugin worker 13276 code loading' 720.7669ms[39m[22m
[isolated-plugin] connected to worker for "nx/core/package-json" (pid: 13276)
[NX v23.2.1 Daemon Server] - 2026-09-26T05:36:44.182Z - Time taken for 'start-plugin-worker:nx/core/package-json' 893.140800000001ms
[plugin-worker] "nx/core/package-json" (pid: 13276) connected
[plugin-worker] "nx/core/package-json" (pid: 13276) loaded successfully
[isolated-plugin] connected to worker for "nx/core/project-json" (pid: 9112)
[plugin-worker] "nx/core/project-json" (pid: 9112) listening on \\.\pipe\nx\C:\Users\Gerar\AppData\Local\Temp\cc131f79\p26752-8-bd3d4f43.sock
[NX v23.2.1 Daemon Server] - 2026-09-26T05:36:44.208Z - Time taken for 'start-plugin-worker:nx/core/project-json' 884.9830000000002ms
[1m[33mTime taken for 'plugin worker 9112 code loading' 724.9823ms[39m[22m
[plugin-worker] "nx/core/project-json" (pid: 9112) connected
[plugin-worker] "nx/js/dependencies-and-lockfile" (pid: 9544) loaded successfully
[plugin-worker] "nx/core/project-json" (pid: 9112) loaded successfully
[1m[33mTime taken for 'nx/core/project-json:createNodes' 0.39039999999999964ms[39m[22m
[isolated-plugin] shutting down worker for "nx/core/project-json" after createNodes
[NX v23.2.1 Daemon Server] - 2026-09-26T05:36:44.230Z - Streaming message to client: progress update for topic graph-construction
[NX v23.2.1 Daemon Client] - 2026-09-26T05:36:44.230Z - [Messenger] Received message, length: 153
[1m[33mTime taken for 'nx/js/dependencies-and-lockfile:createNodes' 14.331399999999917ms[39m[22m
[NX v23.2.1 Daemon Server] - 2026-09-26T05:36:44.243Z - Streaming message to client: progress update for topic graph-construction
[1m[33mTime taken for 'nx/core/package-json:createNodes' 35.724399999999946ms[39m[22m
[isolated-plugin] shutting down worker for "nx/core/package-json" after createNodes
[NX v23.2.1 Daemon Client] - 2026-09-26T05:36:44.246Z - [Messenger] Received message, length: 101
[NX v23.2.1 Daemon Server] - 2026-09-26T05:36:44.247Z - Streaming message to client: progress update for topic graph-construction
[NX v23.2.1 Daemon Server] - 2026-09-26T05:36:44.265Z - Streaming message to client: progress update for topic graph-construction
[NX v23.2.1 Daemon Server] - 2026-09-26T05:36:44.268Z - Time taken for 'build-project-configs' 1007.8787000000011ms
[NX v23.2.1 Daemon Server] - 2026-09-26T05:36:44.268Z - Time taken for 'createNodes:merge' 6.5974999999998545ms
[NX v23.2.1 Daemon Client] - 2026-09-26T05:36:44.271Z - [Messenger] Received message, length: 47
[NX v23.2.1 Daemon Client] - 2026-09-26T05:36:44.273Z - [Messenger] Received message, length: 47
[1m[33mTime taken for 'build typescript dependencies' 0.23869999999999436ms[39m[22m
[isolated-plugin] shutting down worker for "nx/js/dependencies-and-lockfile" after createDependencies
[NX v23.2.1 Daemon Server] - 2026-09-26T05:36:44.287Z - Streaming message to client: progress update for topic graph-construction
[NX v23.2.1 Daemon Server] - 2026-09-26T05:36:44.298Z - [SYNC]: collect registered sync generators
[NX v23.2.1 Daemon Server] - 2026-09-26T05:36:44.298Z - [SYNC]: project graph hash is the same, not collecting task sync generators
[NX v23.2.1 Daemon Server] - 2026-09-26T05:36:44.298Z - [SYNC]: nx.json hash is the same, not collecting global sync generators
[NX v23.2.1 Daemon Server] - 2026-09-26T05:36:44.314Z - Wrote project graph cache to C:\Users\Gerar\Downloads\Proyectos\bibliohub\.nx\workspace-data\project-graph.json
[NX v23.2.1 Daemon Server] - 2026-09-26T05:36:44.315Z - Serializing response for REQUEST_PROJECT_GRAPH message in json mode
[NX v23.2.1 Daemon Server] - 2026-09-26T05:36:44.315Z - Responding to REQUEST_PROJECT_GRAPH message
[NX v23.2.1 Daemon Server] - 2026-09-26T05:36:44.315Z - [REQUEST]: Responding to the client. project-graph
[NX v23.2.1 Daemon Server] - 2026-09-26T05:36:44.315Z - Time taken for 'total for creating and serializing project graph' 1088.7841000000008ms
[NX v23.2.1 Daemon Server] - 2026-09-26T05:36:44.316Z - Time taken for 'total execution time for createProjectGraph()' 34.87189999999828ms
[NX v23.2.1 Daemon Server] - 2026-09-26T05:36:44.316Z - Time taken for 'createDependencies' 25.855400000000373ms
[NX v23.2.1 Daemon Server] - 2026-09-26T05:36:44.316Z - Time taken for 'nx/js/dependencies-and-lockfile:createDependencies' 25.56329999999798ms
[NX v23.2.1 Daemon Server] - 2026-09-26T05:36:44.316Z - Time taken for 'createMetadata' 0.02289999999993597ms
[NX v23.2.1 Daemon Server] - 2026-09-26T05:36:44.316Z - Time taken for 'serialize graph' 5.270000000000437ms
[NX v23.2.1 Daemon Server] - 2026-09-26T05:36:44.316Z - Time taken for 'write cache' 16.039700000001176ms
[NX v23.2.1 Daemon Client] - 2026-09-26T05:36:44.319Z - [Messenger] Received message, length: 47
[NX v23.2.1 Daemon Server] - 2026-09-26T05:36:44.321Z - Done responding to the client project-graph
[NX v23.2.1 Daemon Server] - 2026-09-26T05:36:44.321Z - Handled json message REQUEST_PROJECT_GRAPH. Handling time: 1089. Response time: 6.
[NX v23.2.1 Daemon Client] - 2026-09-26T05:36:44.321Z - [Messenger] Received message, length: 549526
[NX v23.2.1 Daemon Client] - 2026-09-26T05:36:44.329Z - [Messenger] Sending message type: PRE_TASKS_EXECUTION
[NX v23.2.1 Daemon Client] - 2026-09-26T05:36:44.330Z - [Messenger] Message sent
[NX v23.2.1 Daemon Server] - 2026-09-26T05:36:44.332Z - Received raw message of length 996
[NX v23.2.1 Daemon Server] - 2026-09-26T05:36:44.332Z - Received json message of type PRE_TASKS_EXECUTION
[NX v23.2.1 Daemon Server] - 2026-09-26T05:36:44.337Z - Serializing response for PRE_TASKS_EXECUTION message in json mode
[NX v23.2.1 Daemon Server] - 2026-09-26T05:36:44.338Z - Responding to PRE_TASKS_EXECUTION message
[NX v23.2.1 Daemon Server] - 2026-09-26T05:36:44.338Z - [REQUEST]: Responding to the client. handleRunPreTasksExecution
[NX v23.2.1 Daemon Server] - 2026-09-26T05:36:44.338Z - Time taken for 'preTasksExecution' 4.400499999999738ms
[NX v23.2.1 Daemon Server] - 2026-09-26T05:36:44.341Z - Done responding to the client handleRunPreTasksExecution
[NX v23.2.1 Daemon Server] - 2026-09-26T05:36:44.341Z - Handled json message PRE_TASKS_EXECUTION. Handling time: 4. Response time: 4.
[NX v23.2.1 Daemon Client] - 2026-09-26T05:36:44.341Z - [Messenger] Received message, length: 2
[NX v23.2.1 Daemon Client] - 2026-09-26T05:36:44.852Z - [Messenger] Sending message type: HASH_TASKS
[NX v23.2.1 Daemon Client] - 2026-09-26T05:36:44.853Z - [Messenger] Message sent
[NX v23.2.1 Daemon Server] - 2026-09-26T05:36:44.858Z - Received raw message of length 30600
[NX v23.2.1 Daemon Server] - 2026-09-26T05:36:44.859Z - Received json message of type HASH_TASKS
DEBUG nx::native::watch::watcher: force-flush END count=0 replies=1 elapsed=18.8727ms
[NX v23.2.1 Daemon Server] - 2026-09-26T05:36:44.879Z - Reusing in-memory cached project graph because no files changed.
DEBUG nx::native::tasks::hash_planner: get_plans_internal COMPLETED in 11.681ms - processed 3 tasks (setup: 7.4353ms, parallel_planning: 4.2297ms, pool: 1198 unique instructions)
DEBUG nx::native::tasks::hashers::hash_workspace_files: Hashing workspace fileset: Adding "11447477098452327754" (".prettierrc.json") to hash
DEBUG nx::native::tasks::hashers::hash_workspace_files: Hashing workspace fileset: Adding "11844966719602200094" (".gitignore") to hash
DEBUG nx::native::tasks::hashers::hash_workspace_files: Hashing workspace fileset: Adding "11239123541410728248" ("pnpm-lock.yaml") to hash
DEBUG nx::native::tasks::hashers::hash_workspace_files: Hashing workspace fileset: Hash Value: "9951374351054095010"
DEBUG nx::native::tasks::hashers::hash_workspace_files: Hashing workspace fileset: Adding "3667920321166862548" ("nx.json") to hash
DEBUG nx::native::tasks::hashers::hash_workspace_files: Hashing workspace fileset: Hash Value: "12335960421633655490"
DEBUG nx::native::tasks::task_hasher: hash_plans COMPLETED in 10.1334ms - processed 3 plans (setup: 391.8µs, hashing: 9.7328ms, assembly: 5.0247ms)
[NX v23.2.1 Daemon Server] - 2026-09-26T05:36:44.915Z - Serializing response for HASH_TASKS message in json mode
[NX v23.2.1 Daemon Server] - 2026-09-26T05:36:44.916Z - Responding to HASH_TASKS message
[NX v23.2.1 Daemon Server] - 2026-09-26T05:36:44.916Z - [REQUEST]: Responding to the client. handleHashTasks
[NX v23.2.1 Daemon Server] - 2026-09-26T05:36:44.922Z - Done responding to the client handleHashTasks
[NX v23.2.1 Daemon Server] - 2026-09-26T05:36:44.922Z - Handled json message HASH_TASKS. Handling time: 56. Response time: 7.
[NX v23.2.1 Daemon Client] - 2026-09-26T05:36:44.921Z - [Messenger] Received message, length: 79042
[NX v23.2.1 Daemon Client] - 2026-09-26T05:36:44.980Z - [Messenger] Sending message type: GET_ESTIMATED_TASK_TIMINGS
[NX v23.2.1 Daemon Client] - 2026-09-26T05:36:44.981Z - [Messenger] Message sent
[NX v23.2.1 Daemon Server] - 2026-09-26T05:36:45.003Z - Received raw message of length 231
[NX v23.2.1 Daemon Server] - 2026-09-26T05:36:45.003Z - Received json message of type GET_ESTIMATED_TASK_TIMINGS
[NX v23.2.1 Daemon Server] - 2026-09-26T05:36:45.011Z - Serializing response for GET_ESTIMATED_TASK_TIMINGS message in json mode
[NX v23.2.1 Daemon Server] - 2026-09-26T05:36:45.011Z - Responding to GET_ESTIMATED_TASK_TIMINGS message
[NX v23.2.1 Daemon Server] - 2026-09-26T05:36:45.011Z - [REQUEST]: Responding to the client. handleGetEstimatedTaskTimings
[NX v23.2.1 Daemon Server] - 2026-09-26T05:36:45.015Z - Done responding to the client handleGetEstimatedTaskTimings
[NX v23.2.1 Daemon Server] - 2026-09-26T05:36:45.015Z - Handled json message GET_ESTIMATED_TASK_TIMINGS. Handling time: 7. Response time: 4.
[NX v23.2.1 Daemon Client] - 2026-09-26T05:36:45.014Z - [Messenger] Received message, length: 2
DEBUG nx::native::watch::watcher: idle-window emitting events count=496
DEBUG nx::native::watch::watcher:   [delete] apps/backend/dist/modules/inventario/dto/create-movimiento-inventario.dto.d.ts
DEBUG nx::native::watch::watcher:   [delete] apps/backend/dist/modules/configuracion/config-claves.d.ts
DEBUG nx::native::watch::watcher:   [delete] apps/backend/dist/common/sesiones.js
DEBUG nx::native::watch::watcher:   [delete] apps/backend/dist/app.module.js.map
DEBUG nx::native::watch::watcher:   [delete] apps/backend/dist/modules/ventas/controllers/ventas.controller.d.ts
DEBUG nx::native::watch::watcher:   [delete] apps/backend/dist/modules/ventas/entities/detalle-venta.entity.js.map
DEBUG nx::native::watch::watcher:   [delete] apps/backend/dist/modules/proveedores/dto/create-proveedor.dto.js
DEBUG nx::native::watch::watcher:   [delete] apps/backend/dist/infra/stripe/stripe.service.js.map
DEBUG nx::native::watch::watcher:   [delete] apps/backend/dist/modules/clientes/dto
DEBUG nx::native::watch::watcher:   [delete] apps/backend/dist/modules/catalogo/catalogo.module.js.map
DEBUG nx::native::watch::watcher:   [delete] apps/backend/dist/modules/proveedores/entities/proveedor.entity.js
DEBUG nx::native::watch::watcher:   [delete] apps/backend/dist/modules/configuracion/configuracion.module.js.map
DEBUG nx::native::watch::watcher:   [delete] apps/backend/dist/modules/ventas/interfaces/ventas.interface.js.map
DEBUG nx::native::watch::watcher:   [delete] apps/backend/dist/modules/clientes/clientes.module.js
DEBUG nx::native::watch::watcher:   [delete] apps/backend/dist/modules/inventario/services
DEBUG nx::native::watch::watcher:   [delete] apps/backend/dist/modules/inventario/controllers/inventario.controller.js
DEBUG nx::native::watch::watcher:   [delete] apps/backend/dist/modules/carrito/services/carrito.service.d.ts
DEBUG nx::native::watch::watcher:   [delete] apps/backend/dist/modules/carrito/entities/carrito.entity.js.map
DEBUG nx::native::watch::watcher:   [delete] apps/backend/dist/modules/proveedores/controllers/proveedores.controller.js
DEBUG nx::native::watch::watcher:   [delete] apps/backend/dist/modules/auth/entities/sesion.entity.js
DEBUG nx::native::watch::watcher:   [delete] apps/backend/dist/modules/auth/entities/log-acceso.entity.js
DEBUG nx::native::watch::watcher:   [delete] apps/backend/dist/modules/empleados/dto/update-empleado.dto.js
DEBUG nx::native::watch::watcher:   [delete] apps/backend/dist/modules/cuenta/cuenta.module.js
DEBUG nx::native::watch::watcher:   [delete] apps/backend/dist/modules/catalogo/controllers/catalogo.controller.js
DEBUG nx::native::watch::watcher:   [delete] apps/backend/dist/modules/auth/dto/login.dto.d.ts
DEBUG nx::native::watch::watcher:   [delete] apps/backend/dist/app.module.d.ts
DEBUG nx::native::watch::watcher:   [delete] apps/backend/dist/modules/auth/dto/recuperar-password.dto.js
DEBUG nx::native::watch::watcher:   [delete] apps/backend/dist/modules/proveedores/dto/create-pedido-compra.dto.d.ts
DEBUG nx::native::watch::watcher:   [delete] apps/backend/dist/modules/carrito/dto
DEBUG nx::native::watch::watcher:   [delete] apps/backend/dist/infra/storage/local-storage.service.js
DEBUG nx::native::watch::watcher:   [delete] apps/backend/dist/modules/inventario/controllers/inventario.controller.js.map
DEBUG nx::native::watch::watcher:   [delete] apps/backend/dist/modules/proveedores/dto/create-proveedor.dto.d.ts
DEBUG nx::native::watch::watcher:   [delete] apps/backend/dist/modules/auth/services/recuperacion.service.js.map
DEBUG nx::native::watch::watcher:   [delete] apps/backend/dist/modules/clientes/entities
DEBUG nx::native::watch::watcher:   [delete] apps/backend/dist/modules/proveedores/interfaces
DEBUG nx::native::watch::watcher:   [delete] apps/backend/dist/modules/pedidos/dto/checkout.dto.js.map
DEBUG nx::native::watch::watcher:   [delete] apps/backend/dist/modules/pedidos/services/checkout.service.js
DEBUG nx::native::watch::watcher:   [delete] apps/backend/dist/modules/catalogo/dto/create-editorial.dto.js
DEBUG nx::native::watch::watcher:   [delete] apps/backend/dist/common/auth/roles.guard.js
DEBUG nx::native::watch::watcher:   [delete] apps/backend/dist/modules/configuracion/services/configuracion.service.js.map
DEBUG nx::native::watch::watcher:   [delete] apps/backend/dist/modules/proveedores/dto/update-proveedor.dto.js
DEBUG nx::native::watch::watcher:   [delete] apps/backend/dist/modules/proveedores/interfaces/proveedores.interface.js.map
DEBUG nx::native::watch::watcher:   [delete] apps/backend/dist/modules/carrito/dto/agregar-item-carrito.dto.d.ts
DEBUG nx::native::watch::watcher:   [delete] apps/backend/dist/modules/cuenta/controllers
DEBUG nx::native::watch::watcher:   [delete] apps/backend/dist/modules/lista-deseos/controllers/lista-deseos.controller.d.ts
DEBUG nx::native::watch::watcher:   [delete] apps/backend/dist/modules/configuracion/controllers/configuracion.controller.d.ts
DEBUG nx::native::watch::watcher:   [delete] apps/backend/dist/modules/proveedores/dto/query-pedido-compra.dto.d.ts
DEBUG nx::native::watch::watcher:   [delete] apps/backend/dist/modules/cuenta/services/cuenta.service.js
DEBUG nx::native::watch::watcher:   [delete] apps/backend/dist/infra/email/smtp-email.service.js.map
DEBUG nx::native::watch::watcher:   [delete] apps/backend/dist/modules/pedidos/services/checkout.service.js.map
DEBUG nx::native::watch::watcher:   [delete] apps/backend/dist/modules/clientes/dto/create-cliente.dto.js
DEBUG nx::native::watch::watcher:   [delete] apps/backend/dist/modules/empleados/interfaces/empleados.interface.d.ts
DEBUG nx::native::watch::watcher:   [delete] apps/backend/dist/infra/storage/storage.interface.js.map
DEBUG nx::native::watch::watcher:   [delete] apps/backend/dist/modules/clientes/dto/query-cliente.dto.js
DEBUG nx::native::watch::watcher:   [delete] apps/backend/dist/modules/pedidos/services/pedidos.service.d.ts
DEBUG nx::native::watch::watcher:   [delete] apps/backend/dist/modules/catalogo/dto/update-libro.dto.js.map
DEBUG nx::native::watch::watcher:   [delete] apps/backend/dist/modules/ventas/dto/create-venta.dto.js.map
DEBUG nx::native::watch::watcher:   [delete] apps/backend/dist/modules/lista-deseos/entities/lista-deseos.entity.js
DEBUG nx::native::watch::watcher:   [delete] apps/backend/dist/modules/pedidos/interfaces/pedidos.interface.js.map
DEBUG nx::native::watch::watcher:   [delete] apps/backend/dist/modules/clientes/interfaces
DEBUG nx::native::watch::watcher:   [delete] apps/backend/dist/modules/lista-deseos/services/lista-deseos.service.js
DEBUG nx::native::watch::watcher:   [delete] apps/backend/dist/modules/catalogo/dto/create-autor.dto.d.ts
DEBUG nx::native::watch::watcher:   [delete] apps/backend/dist/modules/empleados/dto/create-empleado.dto.js
DEBUG nx::native::watch::watcher:   [delete] apps/backend/dist/modules/proveedores/proveedores.module.js
DEBUG nx::native::watch::watcher:   [delete] apps/backend/dist/modules/ventas/dto/create-venta.dto.d.ts
DEBUG nx::native::watch::watcher:   [delete] apps/backend/dist/main.js
DEBUG nx::native::watch::watcher:   [delete] apps/backend/dist/infra/stripe/stripe.module.js
DEBUG nx::native::watch::watcher:   [delete] apps/backend/dist/modules/pedidos/dto/cambiar-estado.dto.js.map
DEBUG nx::native::watch::watcher:   [delete] apps/backend/dist/modules/empleados/empleados.module.d.ts
DEBUG nx::native::watch::watcher:   [delete] apps/backend/dist/modules/catalogo/controllers
DEBUG nx::native::watch::watcher:   [delete] apps/backend/dist/modules/catalogo/dto/query-libro.dto.js
DEBUG nx::native::watch::watcher:   [delete] apps/backend/dist/modules/carrito/services/carrito.service.js.map
DEBUG nx::native::watch::watcher:   [delete] apps/backend/dist/modules/ventas/interfaces/ventas.interface.js
DEBUG nx::native::watch::watcher:   [delete] apps/backend/dist/modules/cuenta/services
DEBUG nx::native::watch::watcher:   [delete] apps/backend/dist/app.service.js.map
DEBUG nx::native::watch::watcher:   [delete] apps/backend/dist/config/typeorm.config.d.ts
DEBUG nx::native::watch::watcher:   [delete] apps/backend/dist/infra/storage/storage.interface.js
DEBUG nx::native::watch::watcher:   [delete] apps/backend/dist/modules/inventario/interfaces/inventario.interface.js
DEBUG nx::native::watch::watcher:   [delete] apps/backend/dist/modules/cuenta/cuenta.module.js.map
DEBUG nx::native::watch::watcher:   [delete] apps/backend/dist/common/auth/current-user.decorator.js.map
DEBUG nx::native::watch::watcher:   [delete] apps/backend/dist/modules/catalogo/services/autores-editoriales.service.d.ts
DEBUG nx::native::watch::watcher:   [delete] apps/backend/dist/modules/proveedores/dto/create-pedido-compra.dto.js.map
DEBUG nx::native::watch::watcher:   [delete] apps/backend/dist/modules/proveedores/controllers/proveedores.controller.d.ts
DEBUG nx::native::watch::watcher:   [delete] apps/backend/dist/modules/pedidos/entities
DEBUG nx::native::watch::watcher:   [delete] apps/backend/dist/modules/ventas/controllers
DEBUG nx::native::watch::watcher:   [delete] apps/backend/dist/modules/catalogo/entities/categoria.entity.js.map
DEBUG nx::native::watch::watcher:   [delete] apps/backend/dist/modules/catalogo/dto/update-categoria.dto.js
DEBUG nx::native::watch::watcher:   [delete] apps/backend/dist/modules/reportes/controllers/reportes.controller.d.ts
DEBUG nx::native::watch::watcher:   [delete] apps/backend/dist/modules/lista-deseos/services
DEBUG nx::native::watch::watcher:   [delete] apps/backend/dist/modules/pedidos/entities/direccion-entrega.entity.js.map
DEBUG nx::native::watch::watcher:   [delete] apps/backend/dist/modules/proveedores/entities/detalle-pedido-compra.entity.js
DEBUG nx::native::watch::watcher:   [delete] apps/backend/dist/infra/storage/storage.interface.d.ts
DEBUG nx::native::watch::watcher:   [delete] apps/backend/dist/modules/catalogo/entities/libro-autor.entity.js
DEBUG nx::native::watch::watcher:   [delete] apps/backend/dist/modules/empleados/empleados.module.js
DEBUG nx::native::watch::watcher:   [delete] apps/backend/dist/modules/empleados/services/empleados.service.js.map
DEBUG nx::native::watch::watcher:   [delete] apps/backend/dist/modules/pedidos/dto/create-direccion.dto.d.ts
DEBUG nx::native::watch::watcher:   [delete] apps/backend/dist/modules/ventas/ventas.module.d.ts
DEBUG nx::native::watch::watcher:   [delete] apps/backend/dist/infra/email/smtp-email.service.js
DEBUG nx::native::watch::watcher:   [delete] apps/backend/dist/modules/catalogo/services/categorias.service.js
DEBUG nx::native::watch::watcher:   [delete] apps/backend/dist/modules/catalogo/entities/autor.entity.d.ts
DEBUG nx::native::watch::watcher:   [delete] apps/backend/dist/modules/proveedores/entities/pedido-compra.entity.d.ts
DEBUG nx::native::watch::watcher:   [delete] apps/backend/dist/modules/proveedores/dto/query-pedido-compra.dto.js
DEBUG nx::native::watch::watcher:   [delete] apps/backend/dist/modules/proveedores/dto/update-proveedor.dto.d.ts
DEBUG nx::native::watch::watcher:   [delete] apps/backend/dist/modules/reportes/interfaces/reportes.interface.js
DEBUG nx::native::watch::watcher:   [delete] apps/backend/dist/modules/reportes/dto/query-historial-ventas.dto.js.map
DEBUG nx::native::watch::watcher:   [delete] apps/backend/dist/modules/ventas/dto/query-venta.dto.js.map
DEBUG nx::native::watch::watcher:   [delete] apps/backend/dist/modules/clientes/entities/cliente.entity.d.ts
DEBUG nx::native::watch::watcher:   [delete] apps/backend/dist
DEBUG nx::native::watch::watcher:   [delete] apps/backend/dist/common/sesiones.d.ts
DEBUG nx::native::watch::watcher:   [delete] apps/backend/dist/modules/catalogo/services/autores-editoriales.service.js.map
DEBUG nx::native::watch::watcher:   [delete] apps/backend/dist/modules/lista-deseos/lista-deseos.module.js.map
DEBUG nx::native::watch::watcher:   [delete] apps/backend/dist/modules/inventario/dto/create-movimiento-inventario.dto.js
DEBUG nx::native::watch::watcher:   [delete] apps/backend/dist/infra/stripe/stripe.service.js
DEBUG nx::native::watch::watcher:   [delete] apps/backend/dist/modules/carrito/controllers
DEBUG nx::native::watch::watcher:   [delete] apps/backend/dist/common/asignar-definidos.d.ts
DEBUG nx::native::watch::watcher:   [delete] apps/backend/dist/modules/proveedores/dto/recibir-pedido-compra.dto.d.ts
DEBUG nx::native::watch::watcher:   [delete] apps/backend/dist/modules/proveedores/entities
DEBUG nx::native::watch::watcher:   [delete] apps/backend/dist/modules/ventas/services/ventas.service.js
DEBUG nx::native::watch::watcher:   [delete] apps/backend/dist/modules/carrito/interfaces
DEBUG nx::native::watch::watcher:   [delete] apps/backend/dist/modules/empleados/entities/empleado.entity.js
DEBUG nx::native::watch::watcher:   [delete] apps/backend/dist/modules/carrito/services
DEBUG nx::native::watch::watcher:   [delete] apps/backend/dist/modules/cuenta/controllers/cuenta.controller.js
DEBUG nx::native::watch::watcher:   [delete] apps/backend/dist/modules/ventas
DEBUG nx::native::watch::watcher:   [delete] apps/backend/dist/modules/proveedores/interfaces/proveedores.interface.d.ts
DEBUG nx::native::watch::watcher:   [delete] apps/backend/dist/modules/auth/controllers/auth.controller.d.ts
DEBUG nx::native::watch::watcher:   [delete] apps/backend/dist/modules/clientes/entities/cliente.entity.js.map
DEBUG nx::native::watch::watcher:   [delete] apps/backend/dist/modules
DEBUG nx::native::watch::watcher:   [delete] apps/backend/dist/modules/clientes/controllers/clientes.controller.d.ts
DEBUG nx::native::watch::watcher:   [delete] apps/backend/dist/modules/carrito/carrito.module.js.map
DEBUG nx::native::watch::watcher:   [delete] apps/backend/dist/modules/configuracion/config-claves.js.map
DEBUG nx::native::watch::watcher:   [delete] apps/backend/dist/modules/catalogo/dto/update-autor.dto.js
DEBUG nx::native::watch::watcher:   [delete] apps/backend/dist/modules/cuenta/controllers/cuenta.controller.d.ts
DEBUG nx::native::watch::watcher:   [delete] apps/backend/dist/modules/auth/strategies/jwt.strategy.js.map
DEBUG nx::native::watch::watcher:   [delete] apps/backend/dist/modules/catalogo/entities
DEBUG nx::native::watch::watcher:   [delete] apps/backend/dist/modules/carrito/entities/carrito.entity.js
DEBUG nx::native::watch::watcher:   [delete] apps/backend/dist/modules/carrito/dto/actualizar-item-carrito.dto.js
DEBUG nx::native::watch::watcher:   [delete] apps/backend/dist/modules/proveedores/dto
DEBUG nx::native::watch::watcher:   [delete] apps/backend/dist/modules/clientes/dto/query-cliente.dto.js.map
DEBUG nx::native::watch::watcher:   [delete] apps/backend/dist/modules/pedidos/services/checkout.service.d.ts
DEBUG nx::native::watch::watcher:   [delete] apps/backend/dist/modules/proveedores/controllers/proveedores.controller.js.map
DEBUG nx::native::watch::watcher:   [delete] apps/backend/dist/modules/inventario/entities/movimiento-inventario.entity.d.ts
DEBUG nx::native::watch::watcher:   [delete] apps/backend/dist/modules/clientes/entities/transaccion-puntos.entity.d.ts
DEBUG nx::native::watch::watcher:   [delete] apps/backend/dist/modules/proveedores/interfaces/proveedores.interface.js
DEBUG nx::native::watch::watcher:   [delete] apps/backend/dist/modules/clientes/interfaces/clientes.interface.d.ts
DEBUG nx::native::watch::watcher:   [delete] apps/backend/dist/modules/clientes/dto/ajuste-puntos-cliente.dto.d.ts
DEBUG nx::native::watch::watcher:   [delete] apps/backend/dist/modules/catalogo/controllers/catalogo.controller.d.ts
DEBUG nx::native::watch::watcher:   [delete] apps/backend/dist/modules/inventario/services/inventario.service.js.map
DEBUG nx::native::watch::watcher:   [delete] apps/backend/dist/modules/pedidos/services/direcciones.service.js.map
DEBUG nx::native::watch::watcher:   [delete] apps/backend/dist/modules/configuracion/configuracion.module.js
DEBUG nx::native::watch::watcher:   [delete] apps/backend/dist/modules/carrito/controllers/carrito.controller.d.ts
DEBUG nx::native::watch::watcher:   [delete] apps/backend/dist/main.d.ts
DEBUG nx::native::watch::watcher:   [delete] apps/backend/dist/modules/auth/controllers
DEBUG nx::native::watch::watcher:   [delete] apps/backend/dist/modules/inventario/dto/create-movimiento-inventario.dto.js.map
DEBUG nx::native::watch::watcher:   [delete] apps/backend/dist/modules/catalogo/services
DEBUG nx::native::watch::watcher:   [delete] apps/backend/dist/modules/catalogo/dto/create-autor.dto.js.map
DEBUG nx::native::watch::watcher:   [delete] apps/backend/dist/modules/inventario/dto
DEBUG nx::native::watch::watcher:   [delete] apps/backend/dist/modules/empleados/controllers/empleados.controller.d.ts
DEBUG nx::native::watch::watcher:   [delete] apps/backend/dist/modules/auth/strategies/jwt.strategy.js
DEBUG nx::native::watch::watcher:   [delete] apps/backend/dist/modules/ventas/services/ventas.service.d.ts
DEBUG nx::native::watch::watcher:   [delete] apps/backend/dist/modules/clientes/dto/update-cliente.dto.d.ts
DEBUG nx::native::watch::watcher:   [delete] apps/backend/dist/modules/configuracion/entities
DEBUG nx::native::watch::watcher:   [delete] apps/backend/dist/modules/configuracion
DEBUG nx::native::watch::watcher:   [delete] apps/backend/dist/modules/catalogo/dto/update-categoria.dto.d.ts
DEBUG nx::native::watch::watcher:   [delete] apps/backend/dist/modules/carrito/controllers/carrito.controller.js
DEBUG nx::native::watch::watcher:   [delete] apps/backend/dist/modules/empleados/entities
DEBUG nx::native::watch::watcher:   [delete] apps/backend/dist/modules/carrito/interfaces/carrito.interface.d.ts
DEBUG nx::native::watch::watcher:   [delete] apps/backend/dist/modules/auth/services/sesiones-limpieza.service.d.ts
DEBUG nx::native::watch::watcher:   [delete] apps/backend/dist/modules/pedidos/dto/cambiar-estado.dto.d.ts
DEBUG nx::native::watch::watcher:   [delete] apps/backend/dist/modules/carrito/dto/agregar-item-carrito.dto.js
DEBUG nx::native::watch::watcher:   [delete] apps/backend/dist/modules/catalogo/controllers/catalogo.controller.js.map
DEBUG nx::native::watch::watcher:   [delete] apps/backend/dist/modules/catalogo/dto/create-autor.dto.js
DEBUG nx::native::watch::watcher:   [delete] apps/backend/dist/modules/proveedores/services/proveedores.service.js
DEBUG nx::native::watch::watcher:   [delete] apps/backend/dist/modules/pedidos/pedidos.module.d.ts
DEBUG nx::native::watch::watcher:   [delete] apps/backend/dist/modules/empleados/controllers/empleados.controller.js
DEBUG nx::native::watch::watcher:   [delete] apps/backend/dist/modules/inventario/entities/movimiento-inventario.entity.js
DEBUG nx::native::watch::watcher:   [delete] apps/backend/dist/modules/pedidos/entities/pedido-linea.entity.js.map
DEBUG nx::native::watch::watcher:   [delete] apps/backend/dist/common/auth/jwt-payload.interface.d.ts
DEBUG nx::native::watch::watcher:   [delete] apps/backend/dist/modules/auth/entities/log-acceso.entity.d.ts
DEBUG nx::native::watch::watcher:   [delete] apps/backend/dist/modules/auth/dto/registro-cliente.dto.js.map
DEBUG nx::native::watch::watcher:   [delete] apps/backend/dist/modules/proveedores/proveedores.module.d.ts
DEBUG nx::native::watch::watcher:   [delete] apps/backend/dist/modules/catalogo/services/categorias.service.d.ts
DEBUG nx::native::watch::watcher:   [delete] apps/backend/dist/modules/cuenta/dto/cuenta.dto.d.ts
DEBUG nx::native::watch::watcher:   [delete] apps/backend/dist/common/auth/roles.decorator.js.map
DEBUG nx::native::watch::watcher:   [delete] apps/backend/dist/modules/clientes/clientes.module.d.ts
DEBUG nx::native::watch::watcher:   [delete] apps/backend/dist/common
DEBUG nx::native::watch::watcher:   [delete] apps/backend/dist/modules/ventas/entities/detalle-venta.entity.d.ts
DEBUG nx::native::watch::watcher:   [delete] apps/backend/dist/modules/empleados/entities/empleado.entity.d.ts
DEBUG nx::native::watch::watcher:   [delete] apps/backend/dist/modules/catalogo/dto/create-editorial.dto.d.ts
DEBUG nx::native::watch::watcher:   [delete] apps/backend/dist/modules/catalogo/dto/create-libro.dto.js.map
DEBUG nx::native::watch::watcher:   [delete] apps/backend/dist/modules/empleados/dto/change-password.dto.js.map
DEBUG nx::native::watch::watcher:   [delete] apps/backend/dist/modules/pedidos/entities/detalle-pedido-linea.entity.d.ts
DEBUG nx::native::watch::watcher:   [delete] apps/backend/dist/modules/reportes/reportes.module.d.ts
DEBUG nx::native::watch::watcher:   [delete] apps/backend/dist/modules/catalogo/services/libros.service.js.map
DEBUG nx::native::watch::watcher:   [delete] apps/backend/dist/modules/auth/entities/recuperacion-password.entity.d.ts
DEBUG nx::native::watch::watcher:   [delete] apps/backend/dist/modules/proveedores/services
DEBUG nx::native::watch::watcher:   [delete] apps/backend/dist/modules/pedidos/interfaces/pedidos.interface.js
DEBUG nx::native::watch::watcher:   [delete] apps/backend/dist/modules/clientes/controllers/clientes.controller.js
DEBUG nx::native::watch::watcher:   [delete] apps/backend/dist/modules/reportes/services/reportes.service.js
DEBUG nx::native::watch::watcher:   [delete] apps/backend/dist/modules/ventas/entities/detalle-venta.entity.js
DEBUG nx::native::watch::watcher:   [delete] apps/backend/dist/modules/configuracion/controllers/configuracion.controller.js.map
DEBUG nx::native::watch::watcher:   [delete] apps/backend/dist/modules/reportes/dto/query-reporte-ventas.dto.js
DEBUG nx::native::watch::watcher:   [delete] apps/backend/dist/modules/cuenta/dto/cuenta.dto.js.map
DEBUG nx::native::watch::watcher:   [delete] apps/backend/dist/config/typeorm.config.js
DEBUG nx::native::watch::watcher:   [delete] apps/backend/dist/modules/catalogo/interfaces/catalogo.interface.js
DEBUG nx::native::watch::watcher:   [delete] apps/backend/dist/modules/pedidos/entities/detalle-pedido-linea.entity.js
DEBUG nx::native::watch::watcher:   [delete] apps/backend/dist/modules/auth/dto/registro-cliente.dto.d.ts
DEBUG nx::native::watch::watcher:   [delete] apps/backend/dist/infra/email/smtp-email.service.d.ts
DEBUG nx::native::watch::watcher:   [delete] apps/backend/dist/modules/clientes/dto/ajuste-puntos-cliente.dto.js
DEBUG nx::native::watch::watcher:   [delete] apps/backend/dist/modules/pedidos/entities/direccion-entrega.entity.d.ts
DEBUG nx::native::watch::watcher:   [delete] apps/backend/dist/app.controller.js.map
DEBUG nx::native::watch::watcher:   [delete] apps/backend/dist/modules/catalogo/dto/create-categoria.dto.js
DEBUG nx::native::watch::watcher:   [delete] apps/backend/dist/modules/ventas/dto/query-venta.dto.js
DEBUG nx::native::watch::watcher:   [delete] apps/backend/dist/modules/pedidos/services/direcciones.service.js
DEBUG nx::native::watch::watcher:   [delete] apps/backend/dist/common/auth/roles.decorator.js
DEBUG nx::native::watch::watcher:   [delete] apps/backend/dist/modules/catalogo/entities/libro.entity.d.ts
DEBUG nx::native::watch::watcher:   [delete] apps/backend/dist/common/auth/public.decorator.d.ts
DEBUG nx::native::watch::watcher:   [delete] apps/backend/dist/modules/proveedores/entities/proveedor.entity.d.ts
DEBUG nx::native::watch::watcher:   [delete] apps/backend/dist/modules/configuracion/dto/update-configuracion.dto.js
DEBUG nx::native::watch::watcher:   [delete] apps/backend/dist/modules/auth/auth.module.js.map
DEBUG nx::native::watch::watcher:   [delete] apps/backend/dist/common/auth/roles.decorator.d.ts
DEBUG nx::native::watch::watcher:   [delete] apps/backend/dist/modules/catalogo/interfaces/catalogo.interface.js.map
DEBUG nx::native::watch::watcher:   [delete] apps/backend/dist/modules/configuracion/controllers/configuracion.controller.js
DEBUG nx::native::watch::watcher:   [delete] apps/backend/dist/modules/inventario/controllers/inventario.controller.d.ts
DEBUG nx::native::watch::watcher:   [delete] apps/backend/dist/modules/reportes/controllers/reportes.controller.js.map
DEBUG nx::native::watch::watcher:   [delete] apps/backend/dist/modules/cuenta/dto
DEBUG nx::native::watch::watcher:   [delete] apps/backend/dist/modules/inventario/inventario.module.js.map
DEBUG nx::native::watch::watcher:   [delete] apps/backend/dist/modules/pedidos/entities/detalle-pedido-linea.entity.js.map
DEBUG nx::native::watch::watcher:   [delete] apps/backend/dist/modules/pedidos/services
DEBUG nx::native::watch::watcher:   [delete] apps/backend/dist/modules/empleados/controllers/empleados.controller.js.map
DEBUG nx::native::watch::watcher:   [delete] apps/backend/dist/config
DEBUG nx::native::watch::watcher:   [delete] apps/backend/dist/infra/email/email.interface.js.map
DEBUG nx::native::watch::watcher:   [delete] apps/backend/dist/modules/auth/services/sesiones-limpieza.service.js.map
DEBUG nx::native::watch::watcher:   [delete] apps/backend/dist/modules/proveedores/dto/update-proveedor.dto.js.map
DEBUG nx::native::watch::watcher:   [delete] apps/backend/dist/modules/pedidos/dto/create-direccion.dto.js.map
DEBUG nx::native::watch::watcher:   [delete] apps/backend/dist/modules/clientes/interfaces/clientes.interface.js.map
DEBUG nx::native::watch::watcher:   [delete] apps/backend/dist/infra/email/console-email.service.js
DEBUG nx::native::watch::watcher:   [delete] apps/backend/dist/modules/catalogo
DEBUG nx::native::watch::watcher:   [delete] apps/backend/dist/modules/clientes/services/clientes.service.d.ts
DEBUG nx::native::watch::watcher:   [delete] apps/backend/dist/modules/ventas/interfaces
DEBUG nx::native::watch::watcher:   [delete] apps/backend/dist/modules/ventas/ventas.module.js
DEBUG nx::native::watch::watcher:   [delete] apps/backend/dist/modules/pedidos/controllers/pedidos.controller.d.ts
DEBUG nx::native::watch::watcher:   [delete] apps/backend/dist/modules/auth/auth.module.js
DEBUG nx::native::watch::watcher:   [delete] apps/backend/dist/modules/clientes/controllers
DEBUG nx::native::watch::watcher:   [delete] apps/backend/dist/common/auth/jwt-auth.guard.d.ts
DEBUG nx::native::watch::watcher:   [delete] apps/backend/dist/modules/catalogo/services/libros.service.js
DEBUG nx::native::watch::watcher:   [delete] apps/backend/dist/modules/pedidos/dto/checkout.dto.js
DEBUG nx::native::watch::watcher:   [delete] apps/backend/dist/modules/catalogo/dto/update-editorial.dto.d.ts
DEBUG nx::native::watch::watcher:   [delete] apps/backend/dist/modules/empleados/interfaces/empleados.interface.js
DEBUG nx::native::watch::watcher:   [delete] apps/backend/dist/modules/ventas/entities/venta.entity.js
DEBUG nx::native::watch::watcher:   [delete] apps/backend/dist/modules/reportes/dto
DEBUG nx::native::watch::watcher:   [delete] apps/backend/dist/modules/empleados/services/empleados.service.d.ts
DEBUG nx::native::watch::watcher:   [delete] apps/backend/dist/modules/catalogo/dto/update-editorial.dto.js.map
DEBUG nx::native::watch::watcher:   [delete] apps/backend/dist/modules/carrito/controllers/carrito.controller.js.map
DEBUG nx::native::watch::watcher:   [delete] apps/backend/dist/modules/pedidos/entities/pedido-linea.entity.js
DEBUG nx::native::watch::watcher:   [delete] apps/backend/dist/modules/configuracion/services/configuracion.service.d.ts
DEBUG nx::native::watch::watcher:   [delete] apps/backend/dist/modules/proveedores/dto/recibir-pedido-compra.dto.js.map
DEBUG nx::native::watch::watcher:   [delete] apps/backend/dist/modules/empleados/empleados.module.js.map
DEBUG nx::native::watch::watcher:   [delete] apps/backend/dist/modules/catalogo/dto/update-categoria.dto.js.map
DEBUG nx::native::watch::watcher:   [delete] apps/backend/dist/modules/configuracion/services/configuracion.service.js
DEBUG nx::native::watch::watcher:   [delete] apps/backend/dist/modules/pedidos/dto/update-direccion.dto.js
DEBUG nx::native::watch::watcher:   [delete] apps/backend/dist/modules/carrito/dto/actualizar-item-carrito.dto.d.ts
DEBUG nx::native::watch::watcher:   [delete] apps/backend/dist/modules/auth/services/sesiones-limpieza.service.js
DEBUG nx::native::watch::watcher:   [delete] apps/backend/dist/modules/ventas/dto/query-venta.dto.d.ts
DEBUG nx::native::watch::watcher:   [delete] apps/backend/dist/modules/pedidos/dto
DEBUG nx::native::watch::watcher:   [delete] apps/backend/dist/modules/pedidos/services/pedidos.service.js
DEBUG nx::native::watch::watcher:   [delete] apps/backend/dist/modules/carrito
DEBUG nx::native::watch::watcher:   [delete] apps/backend/dist/infra/stripe/stripe.module.js.map
DEBUG nx::native::watch::watcher:   [delete] apps/backend/dist/modules/inventario/interfaces/inventario.interface.js.map
DEBUG nx::native::watch::watcher:   [delete] apps/backend/dist/modules/auth/controllers/auth.controller.js
DEBUG nx::native::watch::watcher:   [delete] apps/backend/dist/modules/empleados/dto
DEBUG nx::native::watch::watcher:   [delete] apps/backend/dist/modules/catalogo/entities/categoria.entity.js
DEBUG nx::native::watch::watcher:   [delete] apps/backend/dist/modules/configuracion/configuracion.module.d.ts
DEBUG nx::native::watch::watcher:   [delete] apps/backend/dist/modules/auth/services/recuperacion.service.js
DEBUG nx::native::watch::watcher:   [delete] apps/backend/dist/modules/ventas/controllers/ventas.controller.js
DEBUG nx::native::watch::watcher:   [delete] apps/backend/dist/modules/catalogo/catalogo.module.d.ts
DEBUG nx::native::watch::watcher:   [delete] apps/backend/dist/modules/clientes/dto/update-cliente.dto.js.map
DEBUG nx::native::watch::watcher:   [delete] apps/backend/dist/modules/ventas/entities
DEBUG nx::native::watch::watcher:   [delete] apps/backend/dist/modules/proveedores/dto/create-proveedor.dto.js.map
DEBUG nx::native::watch::watcher:   [delete] apps/backend/dist/modules/auth
DEBUG nx::native::watch::watcher:   [delete] apps/backend/dist/modules/configuracion/entities/configuracion.entity.js
DEBUG nx::native::watch::watcher:   [delete] apps/backend/dist/infra/email
DEBUG nx::native::watch::watcher:   [delete] apps/backend/dist/app.module.js
DEBUG nx::native::watch::watcher:   [delete] apps/backend/dist/infra/stripe/stripe.module.d.ts
DEBUG nx::native::watch::watcher:   [delete] apps/backend/dist/main.js.map
DEBUG nx::native::watch::watcher:   [delete] apps/backend/dist/modules/inventario/services/inventario.service.js
DEBUG nx::native::watch::watcher:   [delete] apps/backend/dist/modules/carrito/carrito.module.js
DEBUG nx::native::watch::watcher:   [delete] apps/backend/dist/modules/clientes/dto/query-cliente.dto.d.ts
DEBUG nx::native::watch::watcher:   [delete] apps/backend/dist/infra/stripe/stripe.service.d.ts
DEBUG nx::native::watch::watcher:   [delete] apps/backend/dist/modules/reportes/dto/query-historial-ventas.dto.js
DEBUG nx::native::watch::watcher:   [delete] apps/backend/dist/modules/pedidos/controllers
DEBUG nx::native::watch::watcher:   [delete] apps/backend/dist/modules/catalogo/dto/update-autor.dto.d.ts
DEBUG nx::native::watch::watcher:   [delete] apps/backend/dist/modules/catalogo/dto/create-libro.dto.d.ts
DEBUG nx::native::watch::watcher:   [delete] apps/backend/dist/modules/catalogo/entities/editorial.entity.d.ts
DEBUG nx::native::watch::watcher:   [delete] apps/backend/dist/modules/pedidos/dto/update-direccion.dto.js.map
DEBUG nx::native::watch::watcher:   [delete] apps/backend/dist/modules/auth/auth.module.d.ts
DEBUG nx::native::watch::watcher:   [delete] apps/backend/dist/modules/pedidos/services/direcciones.service.d.ts
DEBUG nx::native::watch::watcher:   [delete] apps/backend/dist/modules/ventas/entities/venta.entity.d.ts
DEBUG nx::native::watch::watcher:   [delete] apps/backend/dist/modules/auth/services
DEBUG nx::native::watch::watcher:   [delete] apps/backend/dist/modules/carrito/entities
DEBUG nx::native::watch::watcher:   [delete] apps/backend/dist/modules/proveedores/services/proveedores.service.d.ts
DEBUG nx::native::watch::watcher:   [delete] apps/backend/dist/modules/empleados/dto/update-empleado.dto.js.map
DEBUG nx::native::watch::watcher:   [delete] apps/backend/dist/modules/ventas/controllers/ventas.controller.js.map
DEBUG nx::native::watch::watcher:   [delete] apps/backend/dist/modules/catalogo/services/libros.service.d.ts
DEBUG nx::native::watch::watcher:   [delete] apps/backend/dist/modules/catalogo/dto/create-categoria.dto.d.ts
DEBUG nx::native::watch::watcher:   [delete] apps/backend/dist/modules/cuenta/dto/cuenta.dto.js
DEBUG nx::native::watch::watcher:   [delete] apps/backend/dist/modules/reportes/dto/query-historial-ventas.dto.d.ts
DEBUG nx::native::watch::watcher:   [delete] apps/backend/dist/modules/catalogo/dto/update-editorial.dto.js
DEBUG nx::native::watch::watcher:   [delete] apps/backend/dist/modules/auth/entities/recuperacion-password.entity.js.map
DEBUG nx::native::watch::watcher:   [delete] apps/backend/dist/modules/clientes/controllers/clientes.controller.js.map
DEBUG nx::native::watch::watcher:   [delete] apps/backend/dist/modules/auth/strategies
DEBUG nx::native::watch::watcher:   [delete] apps/backend/dist/modules/auth/services/auth.service.js.map
DEBUG nx::native::watch::watcher:   [delete] apps/backend/dist/modules/auth/services/recuperacion.service.d.ts
DEBUG nx::native::watch::watcher:   [delete] apps/backend/dist/modules/configuracion/entities/configuracion.entity.js.map
DEBUG nx::native::watch::watcher:   [delete] apps/backend/dist/modules/inventario/interfaces
DEBUG nx::native::watch::watcher:   [delete] apps/backend/dist/modules/lista-deseos/entities/lista-deseos.entity.d.ts
DEBUG nx::native::watch::watcher:   [delete] apps/backend/dist/modules/inventario/controllers
DEBUG nx::native::watch::watcher:   [delete] apps/backend/dist/modules/clientes/services
DEBUG nx::native::watch::watcher:   [delete] apps/backend/dist/common/asignar-definidos.js.map
DEBUG nx::native::watch::watcher:   [delete] apps/backend/dist/modules/carrito/dto/actualizar-item-carrito.dto.js.map
DEBUG nx::native::watch::watcher:   [delete] apps/backend/dist/modules/pedidos/dto/create-direccion.dto.js
DEBUG nx::native::watch::watcher:   [delete] apps/backend/dist/modules/catalogo/entities/libro.entity.js
DEBUG nx::native::watch::watcher:   [delete] apps/backend/dist/modules/clientes/interfaces/clientes.interface.js
DEBUG nx::native::watch::watcher:   [delete] apps/backend/dist/modules/reportes/services/reportes.service.d.ts
DEBUG nx::native::watch::watcher:   [delete] apps/backend/dist/modules/lista-deseos/entities
DEBUG nx::native::watch::watcher:   [delete] apps/backend/dist/modules/proveedores
DEBUG nx::native::watch::watcher:   [delete] apps/backend/dist/modules/configuracion/dto/update-configuracion.dto.js.map
DEBUG nx::native::watch::watcher:   [delete] apps/backend/dist/modules/proveedores/entities/pedido-compra.entity.js.map
DEBUG nx::native::watch::watcher:   [delete] apps/backend/dist/common/auth/public.decorator.js.map
DEBUG nx::native::watch::watcher:   [delete] apps/backend/dist/modules/carrito/entities/item-carrito.entity.js
DEBUG nx::native::watch::watcher:   [delete] apps/backend/dist/modules/auth/dto/recuperar-password.dto.d.ts
DEBUG nx::native::watch::watcher:   [delete] apps/backend/dist/modules/clientes/entities/transaccion-puntos.entity.js.map
DEBUG nx::native::watch::watcher:   [delete] apps/backend/dist/modules/pedidos/pedidos.module.js
DEBUG nx::native::watch::watcher:   [delete] apps/backend/dist/common/asignar-definidos.js
DEBUG nx::native::watch::watcher:   [delete] apps/backend/dist/modules/catalogo/entities/editorial.entity.js
DEBUG nx::native::watch::watcher:   [delete] apps/backend/dist/modules/catalogo/entities/editorial.entity.js.map
DEBUG nx::native::watch::watcher:   [delete] apps/backend/dist/modules/catalogo/services/categorias.service.js.map
DEBUG nx::native::watch::watcher:   [delete] apps/backend/dist/modules/proveedores/entities/detalle-pedido-compra.entity.js.map
DEBUG nx::native::watch::watcher:   [delete] apps/backend/dist/modules/proveedores/entities/pedido-compra.entity.js
DEBUG nx::native::watch::watcher:   [delete] apps/backend/dist/modules/carrito/interfaces/carrito.interface.js
DEBUG nx::native::watch::watcher:   [delete] apps/backend/dist/modules/inventario/dto/query-movimiento.dto.js
DEBUG nx::native::watch::watcher:   [delete] apps/backend/dist/modules/catalogo/interfaces
DEBUG nx::native::watch::watcher:   [delete] apps/backend/dist/common/auth/jwt-auth.guard.js
DEBUG nx::native::watch::watcher:   [delete] apps/backend/dist/modules/empleados/services
DEBUG nx::native::watch::watcher:   [delete] apps/backend/dist/modules/pedidos
DEBUG nx::native::watch::watcher:   [delete] apps/backend/dist/modules/lista-deseos/controllers
DEBUG nx::native::watch::watcher:   [delete] apps/backend/dist/modules/pedidos/dto/update-direccion.dto.d.ts
DEBUG nx::native::watch::watcher:   [delete] apps/backend/dist/infra/email/console-email.service.d.ts
DEBUG nx::native::watch::watcher:   [delete] apps/backend/dist/modules/reportes/interfaces/reportes.interface.d.ts
DEBUG nx::native::watch::watcher:   [delete] apps/backend/dist/modules/configuracion/controllers
DEBUG nx::native::watch::watcher:   [delete] apps/backend/dist/modules/auth/entities/recuperacion-password.entity.js
DEBUG nx::native::watch::watcher:   [delete] apps/backend/dist/modules/configuracion/config-claves.js
DEBUG nx::native::watch::watcher:   [delete] apps/backend/dist/modules/empleados/services/empleados.service.js
DEBUG nx::native::watch::watcher:   [delete] apps/backend/dist/modules/catalogo/catalogo.module.js
DEBUG nx::native::watch::watcher:   [delete] apps/backend/dist/modules/catalogo/dto/create-editorial.dto.js.map
DEBUG nx::native::watch::watcher:   [delete] apps/backend/dist/modules/reportes/dto/query-reporte-ventas.dto.js.map
DEBUG nx::native::watch::watcher:   [delete] apps/backend/dist/modules/auth/dto
DEBUG nx::native::watch::watcher:   [delete] apps/backend/dist/modules/pedidos/interfaces/pedidos.interface.d.ts
DEBUG nx::native::watch::watcher:   [delete] apps/backend/dist/common/auth
DEBUG nx::native::watch::watcher:   [delete] apps/backend/dist/modules/clientes/services/clientes.service.js.map
DEBUG nx::native::watch::watcher:   [delete] apps/backend/dist/modules/configuracion/dto/update-configuracion.dto.d.ts
DEBUG nx::native::watch::watcher:   [delete] apps/backend/dist/modules/pedidos/entities/direccion-entrega.entity.js
DEBUG nx::native::watch::watcher:   [delete] apps/backend/dist/modules/empleados/controllers
DEBUG nx::native::watch::watcher:   [delete] apps/backend/dist/modules/ventas/dto
DEBUG nx::native::watch::watcher:   [delete] apps/backend/dist/common/auth/public.decorator.js
DEBUG nx::native::watch::watcher:   [delete] apps/backend/dist/modules/carrito/entities/item-carrito.entity.d.ts
DEBUG nx::native::watch::watcher:   [delete] apps/backend/dist/modules/cuenta/controllers/cuenta.controller.js.map
DEBUG nx::native::watch::watcher:   [delete] apps/backend/dist/modules/lista-deseos/lista-deseos.module.d.ts
DEBUG nx::native::watch::watcher:   [delete] apps/backend/dist/common/auth/jwt-auth.guard.js.map
DEBUG nx::native::watch::watcher:   [delete] apps/backend/dist/config/typeorm.config.js.map
DEBUG nx::native::watch::watcher:   [delete] apps/backend/dist/modules/ventas/services/ventas.service.js.map
DEBUG nx::native::watch::watcher:   [delete] apps/backend/dist/modules/catalogo/dto/create-categoria.dto.js.map
DEBUG nx::native::watch::watcher:   [delete] apps/backend/dist/modules/proveedores/entities/proveedor.entity.js.map
DEBUG nx::native::watch::watcher:   [delete] apps/backend/dist/modules/empleados/dto/update-perfil-empleado.dto.js
DEBUG nx::native::watch::watcher:   [delete] apps/backend/dist/modules/empleados/dto/update-perfil-empleado.dto.js.map
DEBUG nx::native::watch::watcher:   [delete] apps/backend/dist/modules/catalogo/entities/categoria.entity.d.ts
DEBUG nx::native::watch::watcher:   [delete] apps/backend/dist/app.service.d.ts
DEBUG nx::native::watch::watcher:   [delete] apps/backend/dist/modules/inventario/interfaces/inventario.interface.d.ts
DEBUG nx::native::watch::watcher:   [delete] apps/backend/dist/modules/lista-deseos/controllers/lista-deseos.controller.js.map
DEBUG nx::native::watch::watcher:   [delete] apps/backend/dist/modules/cuenta/services/cuenta.service.d.ts
DEBUG nx::native::watch::watcher:   [delete] apps/backend/dist/infra/storage/local-storage.service.js.map
DEBUG nx::native::watch::watcher:   [delete] apps/backend/dist/modules/configuracion/dto
DEBUG nx::native::watch::watcher:   [delete] apps/backend/dist/infra/email/email.interface.js
DEBUG nx::native::watch::watcher:   [delete] apps/backend/dist/modules/catalogo/entities/autor.entity.js.map
DEBUG nx::native::watch::watcher:   [delete] apps/backend/dist/modules/cuenta/services/cuenta.service.js.map
DEBUG nx::native::watch::watcher:   [delete] apps/backend/dist/modules/catalogo/entities/libro-autor.entity.d.ts
DEBUG nx::native::watch::watcher:   [delete] apps/backend/dist/modules/catalogo/entities/autor.entity.js
DEBUG nx::native::watch::watcher:   [delete] apps/backend/dist/modules/auth/dto/login.dto.js.map
DEBUG nx::native::watch::watcher:   [delete] apps/backend/dist/modules/empleados/dto/create-empleado.dto.js.map
DEBUG nx::native::watch::watcher:   [delete] apps/backend/dist/modules/carrito/carrito.module.d.ts
DEBUG nx::native::watch::watcher:   [delete] apps/backend/dist/modules/reportes
DEBUG nx::native::watch::watcher:   [delete] apps/backend/dist/modules/proveedores/services/proveedores.service.js.map
DEBUG nx::native::watch::watcher:   [delete] apps/backend/dist/modules/proveedores/entities/detalle-pedido-compra.entity.d.ts
DEBUG nx::native::watch::watcher:   [delete] apps/backend/dist/modules/lista-deseos/lista-deseos.module.js
DEBUG nx::native::watch::watcher:   [delete] apps/backend/dist/modules/auth/services/auth.service.js
DEBUG nx::native::watch::watcher:   [delete] apps/backend/dist/modules/lista-deseos/entities/lista-deseos.entity.js.map
DEBUG nx::native::watch::watcher:   [delete] apps/backend/dist/modules/clientes/dto/update-cliente.dto.js
DEBUG nx::native::watch::watcher:   [delete] apps/backend/dist/modules/pedidos/controllers/pedidos.controller.js.map
DEBUG nx::native::watch::watcher:   [delete] apps/backend/dist/modules/ventas/dto/create-venta.dto.js
DEBUG nx::native::watch::watcher:   [delete] apps/backend/dist/modules/catalogo/entities/libro-autor.entity.js.map
DEBUG nx::native::watch::watcher:   [delete] apps/backend/dist/modules/reportes/services/reportes.service.js.map
DEBUG nx::native::watch::watcher:   [delete] apps/backend/dist/modules/reportes/reportes.module.js
DEBUG nx::native::watch::watcher:   [delete] apps/backend/dist/modules/clientes/services/clientes.service.js
DEBUG nx::native::watch::watcher:   [delete] apps/backend/dist/common/auth/roles.guard.d.ts
DEBUG nx::native::watch::watcher:   [delete] apps/backend/dist/modules/catalogo/dto/update-libro.dto.d.ts
DEBUG nx::native::watch::watcher:   [delete] apps/backend/dist/modules/auth/entities/log-acceso.entity.js.map
DEBUG nx::native::watch::watcher:   [delete] apps/backend/dist/app.service.js
DEBUG nx::native::watch::watcher:   [delete] apps/backend/dist/modules/carrito/interfaces/carrito.interface.js.map
DEBUG nx::native::watch::watcher:   [delete] apps/backend/dist/modules/empleados/dto/change-password.dto.js
DEBUG nx::native::watch::watcher:   [delete] apps/backend/dist/modules/empleados/dto/update-perfil-empleado.dto.d.ts
DEBUG nx::native::watch::watcher:   [delete] apps/backend/dist/modules/configuracion/entities/configuracion.entity.d.ts
DEBUG nx::native::watch::watcher:   [delete] apps/backend/dist/modules/lista-deseos/services/lista-deseos.service.js.map
DEBUG nx::native::watch::watcher:   [delete] apps/backend/dist/infra/email/email.interface.d.ts
DEBUG nx::native::watch::watcher:   [delete] apps/backend/dist/infra/storage
DEBUG nx::native::watch::watcher:   [delete] apps/backend/dist/modules/reportes/controllers/reportes.controller.js
DEBUG nx::native::watch::watcher:   [delete] apps/backend/dist/modules/carrito/services/carrito.service.js
DEBUG nx::native::watch::watcher:   [delete] apps/backend/dist/modules/pedidos/interfaces
DEBUG nx::native::watch::watcher:   [delete] apps/backend/dist/common/auth/roles.guard.js.map
DEBUG nx::native::watch::watcher:   [delete] apps/backend/dist/modules/catalogo/dto/update-autor.dto.js.map
DEBUG nx::native::watch::watcher:   [delete] apps/backend/dist/modules/pedidos/controllers/pedidos.controller.js
DEBUG nx::native::watch::watcher:   [delete] apps/backend/dist/modules/ventas/services
DEBUG nx::native::watch::watcher:   [delete] apps/backend/dist/modules/auth/dto/login.dto.js
DEBUG nx::native::watch::watcher:   [delete] apps/backend/dist/modules/lista-deseos/services/lista-deseos.service.d.ts
DEBUG nx::native::watch::watcher:   [delete] apps/backend/dist/modules/empleados/dto/change-password.dto.d.ts
DEBUG nx::native::watch::watcher:   [delete] apps/backend/dist/modules/proveedores/dto/create-pedido-compra.dto.js
DEBUG nx::native::watch::watcher:   [delete] apps/backend/dist/modules/catalogo/interfaces/catalogo.interface.d.ts
DEBUG nx::native::watch::watcher:   [delete] apps/backend/dist/modules/inventario/dto/query-movimiento.dto.d.ts
DEBUG nx::native::watch::watcher:   [delete] apps/backend/dist/common/auth/jwt-payload.interface.js
DEBUG nx::native::watch::watcher:   [delete] apps/backend/dist/modules/reportes/interfaces
DEBUG nx::native::watch::watcher:   [delete] apps/backend/dist/modules/configuracion/services
DEBUG nx::native::watch::watcher:   [delete] apps/backend/dist/modules/reportes/reportes.module.js.map
DEBUG nx::native::watch::watcher:   [delete] apps/backend/dist/modules/inventario/entities
DEBUG nx::native::watch::watcher:   [delete] apps/backend/dist/modules/reportes/controllers
DEBUG nx::native::watch::watcher:   [delete] apps/backend/dist/modules/pedidos/dto/checkout.dto.d.ts
DEBUG nx::native::watch::watcher:   [delete] apps/backend/dist/modules/ventas/interfaces/ventas.interface.d.ts
DEBUG nx::native::watch::watcher:   [delete] apps/backend/dist/modules/reportes/dto/query-reporte-ventas.dto.d.ts
DEBUG nx::native::watch::watcher:   [delete] apps/backend/dist/modules/clientes/dto/create-cliente.dto.js.map
DEBUG nx::native::watch::watcher:   [delete] apps/backend/dist/infra/storage/local-storage.service.d.ts
DEBUG nx::native::watch::watcher:   [delete] apps/backend/dist/modules/carrito/entities/carrito.entity.d.ts
DEBUG nx::native::watch::watcher:   [delete] apps/backend/dist/modules/clientes/entities/transaccion-puntos.entity.js
DEBUG nx::native::watch::watcher:   [delete] apps/backend/dist/modules/catalogo/dto/query-libro.dto.d.ts
DEBUG nx::native::watch::watcher:   [delete] apps/backend/dist/modules/catalogo/services/autores-editoriales.service.js
DEBUG nx::native::watch::watcher:   [delete] apps/backend/dist/modules/proveedores/dto/recibir-pedido-compra.dto.js
DEBUG nx::native::watch::watcher:   [delete] apps/backend/dist/modules/pedidos/pedidos.module.js.map
DEBUG nx::native::watch::watcher:   [delete] apps/backend/dist/modules/empleados/dto/create-empleado.dto.d.ts
DEBUG nx::native::watch::watcher:   [delete] apps/backend/dist/modules/proveedores/dto/query-pedido-compra.dto.js.map
DEBUG nx::native::watch::watcher:   [delete] apps/backend/dist/modules/proveedores/controllers
DEBUG nx::native::watch::watcher:   [delete] apps/backend/dist/modules/clientes/entities/cliente.entity.js
DEBUG nx::native::watch::watcher:   [delete] apps/backend/dist/modules/empleados/interfaces
DEBUG nx::native::watch::watcher:   [delete] apps/backend/dist/app.controller.d.ts
DEBUG nx::native::watch::watcher:   [delete] apps/backend/dist/modules/reportes/interfaces/reportes.interface.js.map
DEBUG nx::native::watch::watcher:   [delete] apps/backend/dist/modules/auth/dto/recuperar-password.dto.js.map
DEBUG nx::native::watch::watcher:   [delete] apps/backend/dist/modules/empleados/interfaces/empleados.interface.js.map
DEBUG nx::native::watch::watcher:   [delete] apps/backend/dist/modules/cuenta/cuenta.module.d.ts
DEBUG nx::native::watch::watcher:   [delete] apps/backend/dist/modules/clientes/clientes.module.js.map
DEBUG nx::native::watch::watcher:   [delete] apps/backend/dist/modules/empleados
DEBUG nx::native::watch::watcher:   [delete] apps/backend/dist/modules/reportes/services
DEBUG nx::native::watch::watcher:   [delete] apps/backend/dist/modules/ventas/entities/venta.entity.js.map
DEBUG nx::native::watch::watcher:   [delete] apps/backend/dist/modules/carrito/entities/item-carrito.entity.js.map
DEBUG nx::native::watch::watcher:   [delete] apps/backend/dist/modules/carrito/dto/agregar-item-carrito.dto.js.map
DEBUG nx::native::watch::watcher:   [delete] apps/backend/dist/common/auth/current-user.decorator.d.ts
DEBUG nx::native::watch::watcher:   [delete] apps/backend/dist/infra/email/console-email.service.js.map
DEBUG nx::native::watch::watcher:   [delete] apps/backend/dist/modules/catalogo/dto/update-libro.dto.js
DEBUG nx::native::watch::watcher:   [delete] apps/backend/dist/modules/catalogo/dto
DEBUG nx::native::watch::watcher:   [delete] apps/backend/dist/modules/inventario/entities/movimiento-inventario.entity.js.map
DEBUG nx::native::watch::watcher:   [delete] apps/backend/dist/modules/clientes/dto/create-cliente.dto.d.ts
DEBUG nx::native::watch::watcher:   [delete] apps/backend/dist/modules/lista-deseos/controllers/lista-deseos.controller.js
DEBUG nx::native::watch::watcher:   [delete] apps/backend/dist/modules/auth/dto/registro-cliente.dto.js
DEBUG nx::native::watch::watcher:   [delete] apps/backend/dist/modules/pedidos/services/pedidos.service.js.map
DEBUG nx::native::watch::watcher:   [delete] apps/backend/dist/modules/auth/strategies/jwt.strategy.d.ts
DEBUG nx::native::watch::watcher:   [delete] apps/backend/dist/modules/empleados/dto/update-empleado.dto.d.ts
DEBUG nx::native::watch::watcher:   [delete] apps/backend/dist/modules/inventario/inventario.module.js
DEBUG nx::native::watch::watcher:   [delete] apps/backend/dist/modules/ventas/ventas.module.js.map
DEBUG nx::native::watch::watcher:   [delete] apps/backend/dist/modules/auth/entities/sesion.entity.d.ts
DEBUG nx::native::watch::watcher:   [delete] apps/backend/dist/modules/auth/entities/sesion.entity.js.map
DEBUG nx::native::watch::watcher:   [delete] apps/backend/dist/infra/stripe
DEBUG nx::native::watch::watcher:   [delete] apps/backend/dist/infra
DEBUG nx::native::watch::watcher:   [delete] apps/backend/dist/modules/inventario/inventario.module.d.ts
DEBUG nx::native::watch::watcher:   [delete] apps/backend/dist/modules/auth/services/auth.service.d.ts
DEBUG nx::native::watch::watcher:   [delete] apps/backend/dist/modules/pedidos/entities/pedido-linea.entity.d.ts
DEBUG nx::native::watch::watcher:   [delete] apps/backend/dist/modules/proveedores/proveedores.module.js.map
DEBUG nx::native::watch::watcher:   [delete] apps/backend/dist/modules/inventario
DEBUG nx::native::watch::watcher:   [delete] apps/backend/dist/modules/catalogo/dto/create-libro.dto.js
DEBUG nx::native::watch::watcher:   [delete] apps/backend/dist/modules/pedidos/dto/cambiar-estado.dto.js
DEBUG nx::native::watch::watcher:   [delete] apps/backend/dist/modules/clientes/dto/ajuste-puntos-cliente.dto.js.map
DEBUG nx::native::watch::watcher:   [delete] apps/backend/dist/app.controller.js
DEBUG nx::native::watch::watcher:   [delete] apps/backend/dist/modules/auth/controllers/auth.controller.js.map
DEBUG nx::native::watch::watcher:   [delete] apps/backend/dist/modules/empleados/entities/empleado.entity.js.map
DEBUG nx::native::watch::watcher:   [delete] apps/backend/dist/common/sesiones.js.map
DEBUG nx::native::watch::watcher:   [delete] apps/backend/dist/common/auth/current-user.decorator.js
DEBUG nx::native::watch::watcher:   [delete] apps/backend/dist/modules/catalogo/dto/query-libro.dto.js.map
DEBUG nx::native::watch::watcher:   [delete] apps/backend/dist/modules/auth/entities
DEBUG nx::native::watch::watcher:   [delete] apps/backend/dist/modules/inventario/dto/query-movimiento.dto.js.map
DEBUG nx::native::watch::watcher:   [delete] apps/backend/dist/modules/cuenta
DEBUG nx::native::watch::watcher:   [delete] apps/backend/dist/common/auth/jwt-payload.interface.js.map
DEBUG nx::native::watch::watcher:   [delete] apps/backend/dist/modules/inventario/services/inventario.service.d.ts
DEBUG nx::native::watch::watcher:   [delete] apps/backend/dist/modules/catalogo/entities/libro.entity.js.map
[NX v23.2.1 Daemon Server] - 2026-09-26T05:36:49.723Z - [WATCHER]: Processing file changes in outputs
DEBUG nx::native::watch::watcher: idle-window emitting events count=2
DEBUG nx::native::watch::watcher:   [update] apps/mcp/dist/db.js
DEBUG nx::native::watch::watcher:   [update] apps/mcp/dist/index.js
[NX v23.2.1 Daemon Server] - 2026-09-26T05:36:51.013Z - [WATCHER]: Processing file changes in outputs
[NX v23.2.1 Daemon Client] - 2026-09-26T05:36:51.049Z - [Messenger] Sending message type: RECORD_OUTPUTS_HASH_BATCH
[NX v23.2.1 Daemon Client] - 2026-09-26T05:36:51.051Z - [Messenger] Message sent
[NX v23.2.1 Daemon Server] - 2026-09-26T05:36:51.053Z - Received raw message of length 172
[NX v23.2.1 Daemon Server] - 2026-09-26T05:36:51.053Z - Received json message of type RECORD_OUTPUTS_HASH_BATCH
[NX v23.2.1 Daemon Server] - 2026-09-26T05:36:51.061Z - Serializing response for RECORD_OUTPUTS_HASH_BATCH message in json mode
[NX v23.2.1 Daemon Server] - 2026-09-26T05:36:51.061Z - Responding to RECORD_OUTPUTS_HASH_BATCH message
[NX v23.2.1 Daemon Server] - 2026-09-26T05:36:51.061Z - [REQUEST]: Responding to the client. recordOutputsHashBatch
[NX v23.2.1 Daemon Server] - 2026-09-26T05:36:51.064Z - Done responding to the client recordOutputsHashBatch
[NX v23.2.1 Daemon Server] - 2026-09-26T05:36:51.064Z - Handled json message RECORD_OUTPUTS_HASH_BATCH. Handling time: 8. Response time: 3.
[NX v23.2.1 Daemon Client] - 2026-09-26T05:36:51.064Z - [Messenger] Received message, length: 2
DEBUG nx::native::watch::watcher: registering watches for new directories dirs=["C:\\Users\\Gerar\\Downloads\\Proyectos\\bibliohub\\apps\\backend\\dist"]
DEBUG nx::native::watch::watcher: registering watches for new directories dirs=["C:\\Users\\Gerar\\Downloads\\Proyectos\\bibliohub\\apps\\backend\\dist\\modules"]
DEBUG nx::native::watch::watcher: registering watches for new directories dirs=["C:\\Users\\Gerar\\Downloads\\Proyectos\\bibliohub\\apps\\backend\\dist\\modules\\empleados"]
DEBUG nx::native::watch::watcher: registering watches for new directories dirs=["C:\\Users\\Gerar\\Downloads\\Proyectos\\bibliohub\\apps\\backend\\dist\\modules\\auth"]
DEBUG nx::native::watch::watcher: registering watches for new directories dirs=["C:\\Users\\Gerar\\Downloads\\Proyectos\\bibliohub\\apps\\backend\\dist\\modules\\catalogo"]
DEBUG nx::native::watch::watcher: idle-window emitting events count=30
DEBUG nx::native::watch::watcher:   [update] apps/backend/dist/modules/auth/entities/sesion.entity.js
DEBUG nx::native::watch::watcher:   [create] apps/backend/dist/modules/auth/entities/log-acceso.entity.js
DEBUG nx::native::watch::watcher:   [create] apps/backend/dist/app.service.js.map
DEBUG nx::native::watch::watcher:   [create] apps/backend/dist/modules/catalogo/entities/categoria.entity.js.map
DEBUG nx::native::watch::watcher:   [create] apps/backend/dist/modules/catalogo/entities/libro-autor.entity.js
DEBUG nx::native::watch::watcher:   [create] apps/backend/dist/modules/catalogo/entities/autor.entity.d.ts
DEBUG nx::native::watch::watcher:   [create] apps/backend/dist/modules/clientes/entities/cliente.entity.d.ts
DEBUG nx::native::watch::watcher:   [create] apps/backend/dist/modules/auth/entities/log-acceso.entity.d.ts
DEBUG nx::native::watch::watcher:   [create] apps/backend/dist/modules/empleados/entities/empleado.entity.d.ts
DEBUG nx::native::watch::watcher:   [create] apps/backend/dist/app.controller.js.map
DEBUG nx::native::watch::watcher:   [create] apps/backend/dist/modules/catalogo/entities/libro.entity.d.ts
DEBUG nx::native::watch::watcher:   [create] apps/backend/dist/modules/catalogo/entities/editorial.entity.d.ts
DEBUG nx::native::watch::watcher:   [create] apps/backend/dist/modules/catalogo/entities/libro.entity.js
DEBUG nx::native::watch::watcher:   [create] apps/backend/dist/modules/catalogo/entities/editorial.entity.js.map
DEBUG nx::native::watch::watcher:   [create] apps/backend/dist/modules/catalogo/entities/editorial.entity.js
DEBUG nx::native::watch::watcher:   [create] apps/backend/dist/modules/catalogo/entities/categoria.entity.d.ts
DEBUG nx::native::watch::watcher:   [create] apps/backend/dist/app.service.d.ts
DEBUG nx::native::watch::watcher:   [create] apps/backend/dist/modules/catalogo/entities/autor.entity.js.map
DEBUG nx::native::watch::watcher:   [create] apps/backend/dist/modules/catalogo/entities/libro-autor.entity.d.ts
DEBUG nx::native::watch::watcher:   [create] apps/backend/dist/modules/catalogo/entities/autor.entity.js
DEBUG nx::native::watch::watcher:   [create] apps/backend/dist/modules/catalogo/entities/libro-autor.entity.js.map
DEBUG nx::native::watch::watcher:   [create] apps/backend/dist/modules/auth/entities/log-acceso.entity.js.map
DEBUG nx::native::watch::watcher:   [create] apps/backend/dist/app.service.js
DEBUG nx::native::watch::watcher:   [update] apps/backend/dist/modules/clientes/entities/cliente.entity.js
DEBUG nx::native::watch::watcher:   [create] apps/backend/dist/app.controller.d.ts
DEBUG nx::native::watch::watcher:   [create] apps/backend/dist/modules/auth/entities/sesion.entity.d.ts
DEBUG nx::native::watch::watcher:   [create] apps/backend/dist/modules/auth/entities/sesion.entity.js.map
DEBUG nx::native::watch::watcher:   [create] apps/backend/dist/app.controller.js
DEBUG nx::native::watch::watcher:   [create] apps/backend/dist/modules/empleados/entities/empleado.entity.js.map
DEBUG nx::native::watch::watcher:   [create] apps/backend/dist/modules/catalogo/entities/libro.entity.js.map
[NX v23.2.1 Daemon Server] - 2026-09-26T05:36:58.796Z - [WATCHER]: Processing file changes in outputs
DEBUG nx::native::watch::watcher: registering watches for new directories dirs=["C:\\Users\\Gerar\\Downloads\\Proyectos\\bibliohub\\apps\\backend\\dist\\modules\\inventario"]
DEBUG nx::native::watch::watcher: registering watches for new directories dirs=["C:\\Users\\Gerar\\Downloads\\Proyectos\\bibliohub\\apps\\backend\\dist\\modules\\ventas"]
DEBUG nx::native::watch::watcher: registering watches for new directories dirs=["C:\\Users\\Gerar\\Downloads\\Proyectos\\bibliohub\\apps\\backend\\dist\\modules\\proveedores"]
DEBUG nx::native::watch::watcher: registering watches for new directories dirs=["C:\\Users\\Gerar\\Downloads\\Proyectos\\bibliohub\\apps\\backend\\dist\\modules\\configuracion"]
DEBUG nx::native::watch::watcher: registering watches for new directories dirs=["C:\\Users\\Gerar\\Downloads\\Proyectos\\bibliohub\\apps\\backend\\dist\\modules\\carrito"]
DEBUG nx::native::watch::watcher: registering watches for new directories dirs=["C:\\Users\\Gerar\\Downloads\\Proyectos\\bibliohub\\apps\\backend\\dist\\modules\\lista-deseos"]
DEBUG nx::native::watch::watcher: registering watches for new directories dirs=["C:\\Users\\Gerar\\Downloads\\Proyectos\\bibliohub\\apps\\backend\\dist\\modules\\pedidos"]
DEBUG nx::native::watch::watcher: idle-window emitting events count=39
DEBUG nx::native::watch::watcher:   [create] apps/backend/dist/modules/ventas/entities/detalle-venta.entity.js.map
DEBUG nx::native::watch::watcher:   [create] apps/backend/dist/modules/carrito/entities/carrito.entity.js.map
DEBUG nx::native::watch::watcher:   [update] apps/backend/dist/modules/lista-deseos/entities/lista-deseos.entity.js
DEBUG nx::native::watch::watcher:   [create] apps/backend/dist/modules/pedidos/entities/direccion-entrega.entity.js.map
DEBUG nx::native::watch::watcher:   [create] apps/backend/dist/modules/proveedores/entities/detalle-pedido-compra.entity.js
DEBUG nx::native::watch::watcher:   [create] apps/backend/dist/modules/proveedores/entities/pedido-compra.entity.d.ts
DEBUG nx::native::watch::watcher:   [create] apps/backend/dist/modules/carrito/entities/carrito.entity.js
DEBUG nx::native::watch::watcher:   [create] apps/backend/dist/modules/inventario/entities/movimiento-inventario.entity.d.ts
DEBUG nx::native::watch::watcher:   [create] apps/backend/dist/modules/clientes/entities/transaccion-puntos.entity.d.ts
DEBUG nx::native::watch::watcher:   [create] apps/backend/dist/modules/pedidos/entities/pedido-linea.entity.js.map
DEBUG nx::native::watch::watcher:   [create] apps/backend/dist/modules/ventas/entities/detalle-venta.entity.d.ts
DEBUG nx::native::watch::watcher:   [create] apps/backend/dist/modules/pedidos/entities/detalle-pedido-linea.entity.d.ts
DEBUG nx::native::watch::watcher:   [update] apps/frontend/.angular/cache/21.2.17/frontend/.tsbuildinfo
DEBUG nx::native::watch::watcher:   [create] apps/backend/dist/modules/auth/entities/recuperacion-password.entity.d.ts
DEBUG nx::native::watch::watcher:   [create] apps/backend/dist/modules/pedidos/entities/detalle-pedido-linea.entity.js
DEBUG nx::native::watch::watcher:   [create] apps/backend/dist/modules/pedidos/entities/direccion-entrega.entity.d.ts
DEBUG nx::native::watch::watcher:   [create] apps/backend/dist/modules/proveedores/entities/proveedor.entity.d.ts
DEBUG nx::native::watch::watcher:   [create] apps/backend/dist/modules/pedidos/entities/detalle-pedido-linea.entity.js.map
DEBUG nx::native::watch::watcher:   [create] apps/backend/dist/modules/ventas/entities/venta.entity.js
DEBUG nx::native::watch::watcher:   [create] apps/backend/dist/modules/pedidos/entities/pedido-linea.entity.js
DEBUG nx::native::watch::watcher:   [create] apps/backend/dist/modules/ventas/entities/venta.entity.d.ts
DEBUG nx::native::watch::watcher:   [create] apps/backend/dist/modules/auth/entities/recuperacion-password.entity.js.map
DEBUG nx::native::watch::watcher:   [create] apps/backend/dist/modules/configuracion/entities/configuracion.entity.js.map
DEBUG nx::native::watch::watcher:   [create] apps/backend/dist/modules/lista-deseos/entities/lista-deseos.entity.d.ts
DEBUG nx::native::watch::watcher:   [create] apps/backend/dist/modules/proveedores/entities/pedido-compra.entity.js.map
DEBUG nx::native::watch::watcher:   [create] apps/backend/dist/modules/clientes/entities/transaccion-puntos.entity.js.map
DEBUG nx::native::watch::watcher:   [create] apps/backend/dist/modules/proveedores/entities/detalle-pedido-compra.entity.js.map
DEBUG nx::native::watch::watcher:   [create] apps/backend/dist/modules/proveedores/entities/pedido-compra.entity.js
DEBUG nx::native::watch::watcher:   [create] apps/backend/dist/modules/auth/entities/recuperacion-password.entity.js
DEBUG nx::native::watch::watcher:   [create] apps/backend/dist/modules/carrito/entities/item-carrito.entity.d.ts
DEBUG nx::native::watch::watcher:   [create] apps/backend/dist/modules/proveedores/entities/proveedor.entity.js.map
DEBUG nx::native::watch::watcher:   [create] apps/backend/dist/modules/proveedores/entities/detalle-pedido-compra.entity.d.ts
DEBUG nx::native::watch::watcher:   [create] apps/backend/dist/modules/lista-deseos/entities/lista-deseos.entity.js.map
DEBUG nx::native::watch::watcher:   [create] apps/backend/dist/modules/configuracion/entities/configuracion.entity.d.ts
DEBUG nx::native::watch::watcher:   [create] apps/backend/dist/modules/carrito/entities/carrito.entity.d.ts
DEBUG nx::native::watch::watcher:   [create] apps/backend/dist/modules/clientes/entities/transaccion-puntos.entity.js
DEBUG nx::native::watch::watcher:   [create] apps/backend/dist/modules/ventas/entities/venta.entity.js.map
DEBUG nx::native::watch::watcher:   [create] apps/backend/dist/modules/carrito/entities/item-carrito.entity.js.map
DEBUG nx::native::watch::watcher:   [create] apps/backend/dist/modules/inventario/entities/movimiento-inventario.entity.js.map
[NX v23.2.1 Daemon Server] - 2026-09-26T05:36:59.314Z - [WATCHER]: Processing file changes in outputs
DEBUG nx::native::watch::watcher: idle-window emitting events count=1
DEBUG nx::native::watch::watcher:   [create] apps/backend/dist/modules/pedidos/entities/pedido-linea.entity.d.ts
[NX v23.2.1 Daemon Server] - 2026-09-26T05:36:59.418Z - [WATCHER]: Processing file changes in outputs
DEBUG nx::native::watch::watcher: registering watches for new directories dirs=["C:\\Users\\Gerar\\Downloads\\Proyectos\\bibliohub\\apps\\backend\\dist\\config"]
DEBUG nx::native::watch::watcher: idle-window emitting events count=2
DEBUG nx::native::watch::watcher:   [create] apps/backend/dist/config/typeorm.config.js
DEBUG nx::native::watch::watcher:   [create] apps/backend/dist/config/typeorm.config.js.map
[NX v23.2.1 Daemon Server] - 2026-09-26T05:36:59.762Z - [WATCHER]: Processing file changes in outputs
DEBUG nx::native::watch::watcher: registering watches for new directories dirs=["C:\\Users\\Gerar\\Downloads\\Proyectos\\bibliohub\\apps\\backend\\dist\\modules\\auth\\dto"]
DEBUG nx::native::watch::watcher: registering watches for new directories dirs=["C:\\Users\\Gerar\\Downloads\\Proyectos\\bibliohub\\apps\\backend\\dist\\common"]
DEBUG nx::native::watch::watcher: idle-window emitting events count=9
DEBUG nx::native::watch::watcher:   [create] apps/backend/dist/modules/auth/dto/login.dto.d.ts
DEBUG nx::native::watch::watcher:   [create] apps/backend/dist/config/typeorm.config.d.ts
DEBUG nx::native::watch::watcher:   [create] apps/backend/dist/common/auth/jwt-payload.interface.d.ts
DEBUG nx::native::watch::watcher:   [create] apps/backend/dist/modules/auth/dto/registro-cliente.dto.js.map
DEBUG nx::native::watch::watcher:   [create] apps/backend/dist/modules/auth/dto/registro-cliente.dto.d.ts
DEBUG nx::native::watch::watcher:   [create] apps/backend/dist/modules/auth/dto/login.dto.js.map
DEBUG nx::native::watch::watcher:   [create] apps/backend/dist/modules/auth/dto/login.dto.js
DEBUG nx::native::watch::watcher:   [create] apps/backend/dist/modules/auth/dto/registro-cliente.dto.js
DEBUG nx::native::watch::watcher:   [create] apps/backend/dist/common/auth/jwt-payload.interface.js.map
[NX v23.2.1 Daemon Server] - 2026-09-26T05:36:59.937Z - [WATCHER]: Processing file changes in outputs
DEBUG nx::native::watch::watcher: registering watches for new directories dirs=["C:\\Users\\Gerar\\Downloads\\Proyectos\\bibliohub\\apps\\backend\\dist\\modules\\auth\\services"]
DEBUG nx::native::watch::watcher: registering watches for new directories dirs=["C:\\Users\\Gerar\\Downloads\\Proyectos\\bibliohub\\apps\\backend\\dist\\infra"]
DEBUG nx::native::watch::watcher: registering watches for new directories dirs=["C:\\Users\\Gerar\\Downloads\\Proyectos\\bibliohub\\apps\\backend\\dist\\modules\\auth\\controllers"]
DEBUG nx::native::watch::watcher: registering watches for new directories dirs=["C:\\Users\\Gerar\\Downloads\\Proyectos\\bibliohub\\apps\\backend\\dist\\modules\\auth\\strategies"]
DEBUG nx::native::watch::watcher: idle-window emitting events count=32
DEBUG nx::native::watch::watcher:   [create] apps/backend/dist/modules/auth/dto/recuperar-password.dto.js
DEBUG nx::native::watch::watcher:   [create] apps/backend/dist/modules/auth/services/recuperacion.service.js.map
DEBUG nx::native::watch::watcher:   [create] apps/backend/dist/infra/email/smtp-email.service.js.map
DEBUG nx::native::watch::watcher:   [create] apps/backend/dist/common/auth/current-user.decorator.js.map
DEBUG nx::native::watch::watcher:   [create] apps/backend/dist/infra/email/smtp-email.service.js
DEBUG nx::native::watch::watcher:   [create] apps/backend/dist/modules/auth/controllers/auth.controller.d.ts
DEBUG nx::native::watch::watcher:   [create] apps/backend/dist/modules/auth/strategies/jwt.strategy.js.map
DEBUG nx::native::watch::watcher:   [create] apps/backend/dist/modules/auth/strategies/jwt.strategy.js
DEBUG nx::native::watch::watcher:   [create] apps/backend/dist/modules/auth/services/sesiones-limpieza.service.d.ts
DEBUG nx::native::watch::watcher:   [create] apps/backend/dist/infra/email/smtp-email.service.d.ts
DEBUG nx::native::watch::watcher:   [create] apps/backend/dist/common/auth/public.decorator.d.ts
DEBUG nx::native::watch::watcher:   [create] apps/backend/dist/infra/email/email.interface.js.map
DEBUG nx::native::watch::watcher:   [create] apps/backend/dist/modules/auth/services/sesiones-limpieza.service.js.map
DEBUG nx::native::watch::watcher:   [create] apps/backend/dist/infra/email/console-email.service.js
DEBUG nx::native::watch::watcher:   [create] apps/backend/dist/modules/auth/services/sesiones-limpieza.service.js
DEBUG nx::native::watch::watcher:   [create] apps/backend/dist/modules/auth/controllers/auth.controller.js
DEBUG nx::native::watch::watcher:   [create] apps/backend/dist/modules/auth/services/recuperacion.service.js
DEBUG nx::native::watch::watcher:   [create] apps/backend/dist/modules/auth/services/auth.service.js.map
DEBUG nx::native::watch::watcher:   [create] apps/backend/dist/modules/auth/services/recuperacion.service.d.ts
DEBUG nx::native::watch::watcher:   [create] apps/backend/dist/common/auth/public.decorator.js.map
DEBUG nx::native::watch::watcher:   [create] apps/backend/dist/modules/auth/dto/recuperar-password.dto.d.ts
DEBUG nx::native::watch::watcher:   [create] apps/backend/dist/infra/email/console-email.service.d.ts
DEBUG nx::native::watch::watcher:   [create] apps/backend/dist/common/auth/public.decorator.js
DEBUG nx::native::watch::watcher:   [create] apps/backend/dist/modules/auth/services/auth.service.js
DEBUG nx::native::watch::watcher:   [create] apps/backend/dist/infra/email/email.interface.d.ts
DEBUG nx::native::watch::watcher:   [create] apps/backend/dist/modules/auth/dto/recuperar-password.dto.js.map
DEBUG nx::native::watch::watcher:   [create] apps/backend/dist/common/auth/current-user.decorator.d.ts
DEBUG nx::native::watch::watcher:   [create] apps/backend/dist/infra/email/console-email.service.js.map
DEBUG nx::native::watch::watcher:   [create] apps/backend/dist/modules/auth/strategies/jwt.strategy.d.ts
DEBUG nx::native::watch::watcher:   [create] apps/backend/dist/modules/auth/services/auth.service.d.ts
DEBUG nx::native::watch::watcher:   [create] apps/backend/dist/modules/auth/controllers/auth.controller.js.map
DEBUG nx::native::watch::watcher:   [create] apps/backend/dist/common/auth/current-user.decorator.js
[NX v23.2.1 Daemon Server] - 2026-09-26T05:37:00.566Z - [WATCHER]: Processing file changes in outputs
DEBUG nx::native::watch::watcher: registering watches for new directories dirs=["C:\\Users\\Gerar\\Downloads\\Proyectos\\bibliohub\\apps\\backend\\dist\\modules\\catalogo\\dto"]
DEBUG nx::native::watch::watcher: registering watches for new directories dirs=["C:\\Users\\Gerar\\Downloads\\Proyectos\\bibliohub\\apps\\backend\\dist\\modules\\catalogo\\interfaces"]
DEBUG nx::native::watch::watcher: registering watches for new directories dirs=["C:\\Users\\Gerar\\Downloads\\Proyectos\\bibliohub\\apps\\backend\\dist\\infra\\storage"]
DEBUG nx::native::watch::watcher: idle-window emitting events count=27
DEBUG nx::native::watch::watcher:   [create] apps/backend/dist/common/auth/roles.guard.js
DEBUG nx::native::watch::watcher:   [create] apps/backend/dist/infra/storage/storage.interface.js.map
DEBUG nx::native::watch::watcher:   [create] apps/backend/dist/modules/catalogo/dto/update-libro.dto.js.map
DEBUG nx::native::watch::watcher:   [create] apps/backend/dist/modules/catalogo/dto/query-libro.dto.js
DEBUG nx::native::watch::watcher:   [create] apps/backend/dist/infra/storage/storage.interface.js
DEBUG nx::native::watch::watcher:   [create] apps/backend/dist/infra/storage/storage.interface.d.ts
DEBUG nx::native::watch::watcher:   [create] apps/backend/dist/common/auth/roles.decorator.js.map
DEBUG nx::native::watch::watcher:   [create] apps/backend/dist/modules/catalogo/dto/create-libro.dto.js.map
DEBUG nx::native::watch::watcher:   [create] apps/backend/dist/modules/catalogo/interfaces/catalogo.interface.js
DEBUG nx::native::watch::watcher:   [create] apps/backend/dist/common/auth/roles.decorator.js
DEBUG nx::native::watch::watcher:   [create] apps/backend/dist/modules/auth/auth.module.js.map
DEBUG nx::native::watch::watcher:   [create] apps/backend/dist/common/auth/roles.decorator.d.ts
DEBUG nx::native::watch::watcher:   [create] apps/backend/dist/modules/catalogo/interfaces/catalogo.interface.js.map
DEBUG nx::native::watch::watcher:   [create] apps/backend/dist/modules/auth/auth.module.js
DEBUG nx::native::watch::watcher:   [create] apps/backend/dist/common/auth/jwt-auth.guard.d.ts
DEBUG nx::native::watch::watcher:   [create] apps/backend/dist/modules/catalogo/dto/create-libro.dto.d.ts
DEBUG nx::native::watch::watcher:   [create] apps/backend/dist/modules/auth/auth.module.d.ts
DEBUG nx::native::watch::watcher:   [create] apps/backend/dist/common/auth/jwt-auth.guard.js
DEBUG nx::native::watch::watcher:   [create] apps/backend/dist/common/auth/jwt-auth.guard.js.map
DEBUG nx::native::watch::watcher:   [create] apps/backend/dist/common/auth/roles.guard.d.ts
DEBUG nx::native::watch::watcher:   [create] apps/backend/dist/modules/catalogo/dto/update-libro.dto.d.ts
DEBUG nx::native::watch::watcher:   [create] apps/backend/dist/common/auth/roles.guard.js.map
DEBUG nx::native::watch::watcher:   [create] apps/backend/dist/modules/catalogo/interfaces/catalogo.interface.d.ts
DEBUG nx::native::watch::watcher:   [create] apps/backend/dist/modules/catalogo/dto/query-libro.dto.d.ts
DEBUG nx::native::watch::watcher:   [create] apps/backend/dist/modules/catalogo/dto/update-libro.dto.js
DEBUG nx::native::watch::watcher:   [create] apps/backend/dist/modules/catalogo/dto/create-libro.dto.js
DEBUG nx::native::watch::watcher:   [create] apps/backend/dist/modules/catalogo/dto/query-libro.dto.js.map
[NX v23.2.1 Daemon Server] - 2026-09-26T05:37:01.002Z - [WATCHER]: Processing file changes in outputs
DEBUG nx::native::watch::watcher: registering watches for new directories dirs=["C:\\Users\\Gerar\\Downloads\\Proyectos\\bibliohub\\apps\\backend\\dist\\modules\\catalogo\\services"]
DEBUG nx::native::watch::watcher: registering watches for new directories dirs=["C:\\Users\\Gerar\\Downloads\\Proyectos\\bibliohub\\apps\\backend\\dist\\modules\\catalogo\\controllers"]
DEBUG nx::native::watch::watcher: registering watches for new directories dirs=["C:\\Users\\Gerar\\Downloads\\Proyectos\\bibliohub\\apps\\backend\\dist\\modules\\inventario\\dto"]
DEBUG nx::native::watch::watcher: idle-window emitting events count=42
DEBUG nx::native::watch::watcher:   [create] apps/backend/dist/modules/inventario/dto/create-movimiento-inventario.dto.d.ts
DEBUG nx::native::watch::watcher:   [create] apps/backend/dist/modules/catalogo/catalogo.module.js.map
DEBUG nx::native::watch::watcher:   [create] apps/backend/dist/modules/catalogo/controllers/catalogo.controller.js
DEBUG nx::native::watch::watcher:   [create] apps/backend/dist/infra/storage/local-storage.service.js
DEBUG nx::native::watch::watcher:   [create] apps/backend/dist/modules/catalogo/dto/create-editorial.dto.js
DEBUG nx::native::watch::watcher:   [create] apps/backend/dist/modules/catalogo/dto/create-autor.dto.d.ts
DEBUG nx::native::watch::watcher:   [create] apps/backend/dist/modules/catalogo/services/autores-editoriales.service.d.ts
DEBUG nx::native::watch::watcher:   [create] apps/backend/dist/modules/catalogo/dto/update-categoria.dto.js
DEBUG nx::native::watch::watcher:   [create] apps/backend/dist/modules/catalogo/services/categorias.service.js
DEBUG nx::native::watch::watcher:   [create] apps/backend/dist/modules/catalogo/services/autores-editoriales.service.js.map
DEBUG nx::native::watch::watcher:   [create] apps/backend/dist/modules/inventario/dto/create-movimiento-inventario.dto.js
DEBUG nx::native::watch::watcher:   [create] apps/backend/dist/common/asignar-definidos.d.ts
DEBUG nx::native::watch::watcher:   [create] apps/backend/dist/modules/catalogo/dto/update-autor.dto.js
DEBUG nx::native::watch::watcher:   [create] apps/backend/dist/modules/catalogo/controllers/catalogo.controller.d.ts
DEBUG nx::native::watch::watcher:   [create] apps/backend/dist/modules/inventario/dto/create-movimiento-inventario.dto.js.map
DEBUG nx::native::watch::watcher:   [create] apps/backend/dist/modules/catalogo/dto/create-autor.dto.js.map
DEBUG nx::native::watch::watcher:   [create] apps/backend/dist/modules/catalogo/dto/update-categoria.dto.d.ts
DEBUG nx::native::watch::watcher:   [create] apps/backend/dist/modules/catalogo/controllers/catalogo.controller.js.map
DEBUG nx::native::watch::watcher:   [create] apps/backend/dist/modules/catalogo/dto/create-autor.dto.js
DEBUG nx::native::watch::watcher:   [create] apps/backend/dist/modules/catalogo/services/categorias.service.d.ts
DEBUG nx::native::watch::watcher:   [create] apps/backend/dist/modules/catalogo/dto/create-editorial.dto.d.ts
DEBUG nx::native::watch::watcher:   [create] apps/backend/dist/modules/catalogo/services/libros.service.js.map
DEBUG nx::native::watch::watcher:   [create] apps/backend/dist/modules/catalogo/dto/create-categoria.dto.js
DEBUG nx::native::watch::watcher:   [create] apps/backend/dist/modules/catalogo/services/libros.service.js
DEBUG nx::native::watch::watcher:   [create] apps/backend/dist/modules/catalogo/dto/update-editorial.dto.d.ts
DEBUG nx::native::watch::watcher:   [create] apps/backend/dist/modules/catalogo/dto/update-editorial.dto.js.map
DEBUG nx::native::watch::watcher:   [create] apps/backend/dist/modules/catalogo/dto/update-categoria.dto.js.map
DEBUG nx::native::watch::watcher:   [create] apps/backend/dist/modules/catalogo/catalogo.module.d.ts
DEBUG nx::native::watch::watcher:   [create] apps/backend/dist/modules/catalogo/dto/update-autor.dto.d.ts
DEBUG nx::native::watch::watcher:   [create] apps/backend/dist/modules/catalogo/services/libros.service.d.ts
DEBUG nx::native::watch::watcher:   [create] apps/backend/dist/modules/catalogo/dto/create-categoria.dto.d.ts
DEBUG nx::native::watch::watcher:   [create] apps/backend/dist/modules/catalogo/dto/update-editorial.dto.js
DEBUG nx::native::watch::watcher:   [create] apps/backend/dist/common/asignar-definidos.js.map
DEBUG nx::native::watch::watcher:   [create] apps/backend/dist/common/asignar-definidos.js
DEBUG nx::native::watch::watcher:   [create] apps/backend/dist/modules/catalogo/services/categorias.service.js.map
DEBUG nx::native::watch::watcher:   [create] apps/backend/dist/modules/catalogo/catalogo.module.js
DEBUG nx::native::watch::watcher:   [create] apps/backend/dist/modules/catalogo/dto/create-editorial.dto.js.map
DEBUG nx::native::watch::watcher:   [create] apps/backend/dist/modules/catalogo/dto/create-categoria.dto.js.map
DEBUG nx::native::watch::watcher:   [create] apps/backend/dist/infra/storage/local-storage.service.js.map
DEBUG nx::native::watch::watcher:   [create] apps/backend/dist/modules/catalogo/dto/update-autor.dto.js.map
DEBUG nx::native::watch::watcher:   [create] apps/backend/dist/infra/storage/local-storage.service.d.ts
DEBUG nx::native::watch::watcher:   [create] apps/backend/dist/modules/catalogo/services/autores-editoriales.service.js
[NX v23.2.1 Daemon Server] - 2026-09-26T05:37:01.561Z - [WATCHER]: Processing file changes in outputs
DEBUG nx::native::watch::watcher: registering watches for new directories dirs=["C:\\Users\\Gerar\\Downloads\\Proyectos\\bibliohub\\apps\\backend\\dist\\modules\\inventario\\interfaces"]
DEBUG nx::native::watch::watcher: registering watches for new directories dirs=["C:\\Users\\Gerar\\Downloads\\Proyectos\\bibliohub\\apps\\backend\\dist\\modules\\inventario\\services"]
DEBUG nx::native::watch::watcher: registering watches for new directories dirs=["C:\\Users\\Gerar\\Downloads\\Proyectos\\bibliohub\\apps\\backend\\dist\\modules\\inventario\\controllers"]
DEBUG nx::native::watch::watcher: registering watches for new directories dirs=["C:\\Users\\Gerar\\Downloads\\Proyectos\\bibliohub\\apps\\backend\\dist\\modules\\configuracion\\services"]
DEBUG nx::native::watch::watcher: registering watches for new directories dirs=["C:\\Users\\Gerar\\Downloads\\Proyectos\\bibliohub\\apps\\backend\\dist\\modules\\configuracion\\dto"]
DEBUG nx::native::watch::watcher: registering watches for new directories dirs=["C:\\Users\\Gerar\\Downloads\\Proyectos\\bibliohub\\apps\\backend\\dist\\modules\\configuracion\\controllers"]
DEBUG nx::native::watch::watcher: registering watches for new directories dirs=["C:\\Users\\Gerar\\Downloads\\Proyectos\\bibliohub\\apps\\backend\\dist\\modules\\clientes\\dto"]
DEBUG nx::native::watch::watcher: registering watches for new directories dirs=["C:\\Users\\Gerar\\Downloads\\Proyectos\\bibliohub\\apps\\backend\\dist\\modules\\clientes\\interfaces"]
DEBUG nx::native::watch::watcher: registering watches for new directories dirs=["C:\\Users\\Gerar\\Downloads\\Proyectos\\bibliohub\\apps\\backend\\dist\\modules\\clientes\\services"]
DEBUG nx::native::watch::watcher: registering watches for new directories dirs=["C:\\Users\\Gerar\\Downloads\\Proyectos\\bibliohub\\apps\\backend\\dist\\modules\\clientes\\controllers"]
DEBUG nx::native::watch::watcher: idle-window emitting events count=50
DEBUG nx::native::watch::watcher:   [create] apps/backend/dist/modules/configuracion/config-claves.d.ts
DEBUG nx::native::watch::watcher:   [create] apps/backend/dist/modules/configuracion/configuracion.module.js.map
DEBUG nx::native::watch::watcher:   [create] apps/backend/dist/modules/inventario/controllers/inventario.controller.js
DEBUG nx::native::watch::watcher:   [create] apps/backend/dist/modules/inventario/controllers/inventario.controller.js.map
DEBUG nx::native::watch::watcher:   [create] apps/backend/dist/modules/configuracion/services/configuracion.service.js.map
DEBUG nx::native::watch::watcher:   [create] apps/backend/dist/modules/configuracion/controllers/configuracion.controller.d.ts
DEBUG nx::native::watch::watcher:   [create] apps/backend/dist/modules/clientes/dto/create-cliente.dto.js
DEBUG nx::native::watch::watcher:   [create] apps/backend/dist/modules/clientes/dto/query-cliente.dto.js
DEBUG nx::native::watch::watcher:   [create] apps/backend/dist/modules/inventario/interfaces/inventario.interface.js
DEBUG nx::native::watch::watcher:   [create] apps/backend/dist/modules/configuracion/config-claves.js.map
DEBUG nx::native::watch::watcher:   [create] apps/backend/dist/modules/clientes/dto/query-cliente.dto.js.map
DEBUG nx::native::watch::watcher:   [create] apps/backend/dist/modules/clientes/interfaces/clientes.interface.d.ts
DEBUG nx::native::watch::watcher:   [create] apps/backend/dist/modules/clientes/dto/ajuste-puntos-cliente.dto.d.ts
DEBUG nx::native::watch::watcher:   [create] apps/backend/dist/modules/inventario/services/inventario.service.js.map
DEBUG nx::native::watch::watcher:   [create] apps/backend/dist/modules/configuracion/configuracion.module.js
DEBUG nx::native::watch::watcher:   [create] apps/backend/dist/modules/clientes/dto/update-cliente.dto.d.ts
DEBUG nx::native::watch::watcher:   [create] apps/backend/dist/modules/clientes/controllers/clientes.controller.js
DEBUG nx::native::watch::watcher:   [create] apps/backend/dist/modules/configuracion/controllers/configuracion.controller.js.map
DEBUG nx::native::watch::watcher:   [create] apps/backend/dist/modules/clientes/dto/ajuste-puntos-cliente.dto.js
DEBUG nx::native::watch::watcher:   [create] apps/backend/dist/modules/inventario/controllers/inventario.controller.d.ts
DEBUG nx::native::watch::watcher:   [create] apps/backend/dist/modules/configuracion/dto/update-configuracion.dto.js
DEBUG nx::native::watch::watcher:   [create] apps/backend/dist/modules/configuracion/controllers/configuracion.controller.js
DEBUG nx::native::watch::watcher:   [create] apps/backend/dist/modules/inventario/inventario.module.js.map
DEBUG nx::native::watch::watcher:   [create] apps/backend/dist/modules/clientes/interfaces/clientes.interface.js.map
DEBUG nx::native::watch::watcher:   [create] apps/backend/dist/modules/clientes/services/clientes.service.d.ts
DEBUG nx::native::watch::watcher:   [create] apps/backend/dist/modules/configuracion/services/configuracion.service.d.ts
DEBUG nx::native::watch::watcher:   [create] apps/backend/dist/modules/configuracion/services/configuracion.service.js
DEBUG nx::native::watch::watcher:   [create] apps/backend/dist/modules/inventario/interfaces/inventario.interface.js.map
DEBUG nx::native::watch::watcher:   [create] apps/backend/dist/modules/configuracion/configuracion.module.d.ts
DEBUG nx::native::watch::watcher:   [create] apps/backend/dist/modules/clientes/dto/update-cliente.dto.js.map
DEBUG nx::native::watch::watcher:   [create] apps/backend/dist/modules/clientes/dto/query-cliente.dto.d.ts
DEBUG nx::native::watch::watcher:   [create] apps/backend/dist/modules/inventario/services/inventario.service.js
DEBUG nx::native::watch::watcher:   [create] apps/backend/dist/modules/clientes/controllers/clientes.controller.js.map
DEBUG nx::native::watch::watcher:   [create] apps/backend/dist/modules/clientes/interfaces/clientes.interface.js
DEBUG nx::native::watch::watcher:   [create] apps/backend/dist/modules/configuracion/dto/update-configuracion.dto.js.map
DEBUG nx::native::watch::watcher:   [create] apps/backend/dist/modules/inventario/dto/query-movimiento.dto.js
DEBUG nx::native::watch::watcher:   [create] apps/backend/dist/modules/configuracion/config-claves.js
DEBUG nx::native::watch::watcher:   [create] apps/backend/dist/modules/clientes/services/clientes.service.js.map
DEBUG nx::native::watch::watcher:   [create] apps/backend/dist/modules/configuracion/dto/update-configuracion.dto.d.ts
DEBUG nx::native::watch::watcher:   [create] apps/backend/dist/modules/inventario/interfaces/inventario.interface.d.ts
DEBUG nx::native::watch::watcher:   [create] apps/backend/dist/modules/clientes/dto/update-cliente.dto.js
DEBUG nx::native::watch::watcher:   [create] apps/backend/dist/modules/clientes/services/clientes.service.js
DEBUG nx::native::watch::watcher:   [create] apps/backend/dist/modules/inventario/dto/query-movimiento.dto.d.ts
DEBUG nx::native::watch::watcher:   [create] apps/backend/dist/modules/clientes/dto/create-cliente.dto.js.map
DEBUG nx::native::watch::watcher:   [create] apps/backend/dist/modules/clientes/dto/create-cliente.dto.d.ts
DEBUG nx::native::watch::watcher:   [create] apps/backend/dist/modules/inventario/inventario.module.js
DEBUG nx::native::watch::watcher:   [create] apps/backend/dist/modules/inventario/inventario.module.d.ts
DEBUG nx::native::watch::watcher:   [create] apps/backend/dist/modules/clientes/dto/ajuste-puntos-cliente.dto.js.map
DEBUG nx::native::watch::watcher:   [create] apps/backend/dist/modules/inventario/dto/query-movimiento.dto.js.map
DEBUG nx::native::watch::watcher:   [create] apps/backend/dist/modules/inventario/services/inventario.service.d.ts
[NX v23.2.1 Daemon Server] - 2026-09-26T05:37:02.079Z - [WATCHER]: Processing file changes in outputs
DEBUG nx::native::watch::watcher: registering watches for new directories dirs=["C:\\Users\\Gerar\\Downloads\\Proyectos\\bibliohub\\apps\\backend\\dist\\modules\\ventas\\dto"]
DEBUG nx::native::watch::watcher: registering watches for new directories dirs=["C:\\Users\\Gerar\\Downloads\\Proyectos\\bibliohub\\apps\\backend\\dist\\modules\\ventas\\interfaces"]
DEBUG nx::native::watch::watcher: registering watches for new directories dirs=["C:\\Users\\Gerar\\Downloads\\Proyectos\\bibliohub\\apps\\backend\\dist\\modules\\ventas\\services"]
DEBUG nx::native::watch::watcher: registering watches for new directories dirs=["C:\\Users\\Gerar\\Downloads\\Proyectos\\bibliohub\\apps\\backend\\dist\\modules\\ventas\\controllers"]
DEBUG nx::native::watch::watcher: registering watches for new directories dirs=["C:\\Users\\Gerar\\Downloads\\Proyectos\\bibliohub\\apps\\backend\\dist\\modules\\proveedores\\dto"]
DEBUG nx::native::watch::watcher: registering watches for new directories dirs=["C:\\Users\\Gerar\\Downloads\\Proyectos\\bibliohub\\apps\\backend\\dist\\modules\\proveedores\\interfaces"]
DEBUG nx::native::watch::watcher: idle-window emitting events count=40
DEBUG nx::native::watch::watcher:   [create] apps/backend/dist/modules/ventas/controllers/ventas.controller.d.ts
DEBUG nx::native::watch::watcher:   [create] apps/backend/dist/modules/proveedores/dto/create-proveedor.dto.js
DEBUG nx::native::watch::watcher:   [create] apps/backend/dist/modules/ventas/interfaces/ventas.interface.js.map
DEBUG nx::native::watch::watcher:   [create] apps/backend/dist/modules/clientes/clientes.module.js
DEBUG nx::native::watch::watcher:   [create] apps/backend/dist/modules/proveedores/dto/create-pedido-compra.dto.d.ts
DEBUG nx::native::watch::watcher:   [create] apps/backend/dist/modules/proveedores/dto/create-proveedor.dto.d.ts
DEBUG nx::native::watch::watcher:   [create] apps/backend/dist/modules/proveedores/dto/update-proveedor.dto.js
DEBUG nx::native::watch::watcher:   [create] apps/backend/dist/modules/proveedores/interfaces/proveedores.interface.js.map
DEBUG nx::native::watch::watcher:   [create] apps/backend/dist/modules/proveedores/dto/query-pedido-compra.dto.d.ts
DEBUG nx::native::watch::watcher:   [create] apps/backend/dist/modules/ventas/dto/create-venta.dto.js.map
DEBUG nx::native::watch::watcher:   [create] apps/backend/dist/modules/ventas/dto/create-venta.dto.d.ts
DEBUG nx::native::watch::watcher:   [create] apps/backend/dist/modules/ventas/interfaces/ventas.interface.js
DEBUG nx::native::watch::watcher:   [create] apps/backend/dist/modules/proveedores/dto/create-pedido-compra.dto.js.map
DEBUG nx::native::watch::watcher:   [create] apps/backend/dist/modules/ventas/ventas.module.d.ts
DEBUG nx::native::watch::watcher:   [create] apps/backend/dist/modules/proveedores/dto/update-proveedor.dto.d.ts
DEBUG nx::native::watch::watcher:   [create] apps/backend/dist/modules/proveedores/dto/query-pedido-compra.dto.js
DEBUG nx::native::watch::watcher:   [create] apps/backend/dist/modules/ventas/dto/query-venta.dto.js.map
DEBUG nx::native::watch::watcher:   [create] apps/backend/dist/modules/proveedores/dto/recibir-pedido-compra.dto.d.ts
DEBUG nx::native::watch::watcher:   [create] apps/backend/dist/modules/ventas/services/ventas.service.js
DEBUG nx::native::watch::watcher:   [create] apps/backend/dist/modules/proveedores/interfaces/proveedores.interface.d.ts
DEBUG nx::native::watch::watcher:   [create] apps/backend/dist/modules/clientes/controllers/clientes.controller.d.ts
DEBUG nx::native::watch::watcher:   [create] apps/backend/dist/modules/proveedores/interfaces/proveedores.interface.js
DEBUG nx::native::watch::watcher:   [create] apps/backend/dist/modules/ventas/services/ventas.service.d.ts
DEBUG nx::native::watch::watcher:   [create] apps/backend/dist/modules/clientes/clientes.module.d.ts
DEBUG nx::native::watch::watcher:   [create] apps/backend/dist/modules/ventas/dto/query-venta.dto.js
DEBUG nx::native::watch::watcher:   [create] apps/backend/dist/modules/proveedores/dto/update-proveedor.dto.js.map
DEBUG nx::native::watch::watcher:   [create] apps/backend/dist/modules/ventas/ventas.module.js
DEBUG nx::native::watch::watcher:   [create] apps/backend/dist/modules/proveedores/dto/recibir-pedido-compra.dto.js.map
DEBUG nx::native::watch::watcher:   [create] apps/backend/dist/modules/ventas/dto/query-venta.dto.d.ts
DEBUG nx::native::watch::watcher:   [create] apps/backend/dist/modules/ventas/controllers/ventas.controller.js
DEBUG nx::native::watch::watcher:   [create] apps/backend/dist/modules/proveedores/dto/create-proveedor.dto.js.map
DEBUG nx::native::watch::watcher:   [create] apps/backend/dist/modules/ventas/controllers/ventas.controller.js.map
DEBUG nx::native::watch::watcher:   [create] apps/backend/dist/modules/ventas/services/ventas.service.js.map
DEBUG nx::native::watch::watcher:   [create] apps/backend/dist/modules/ventas/dto/create-venta.dto.js
DEBUG nx::native::watch::watcher:   [create] apps/backend/dist/modules/proveedores/dto/create-pedido-compra.dto.js
DEBUG nx::native::watch::watcher:   [create] apps/backend/dist/modules/ventas/interfaces/ventas.interface.d.ts
DEBUG nx::native::watch::watcher:   [create] apps/backend/dist/modules/proveedores/dto/recibir-pedido-compra.dto.js
DEBUG nx::native::watch::watcher:   [create] apps/backend/dist/modules/proveedores/dto/query-pedido-compra.dto.js.map
DEBUG nx::native::watch::watcher:   [create] apps/backend/dist/modules/clientes/clientes.module.js.map
DEBUG nx::native::watch::watcher:   [create] apps/backend/dist/modules/ventas/ventas.module.js.map
[NX v23.2.1 Daemon Server] - 2026-09-26T05:37:02.593Z - [WATCHER]: Processing file changes in outputs
DEBUG nx::native::watch::watcher: registering watches for new directories dirs=["C:\\Users\\Gerar\\Downloads\\Proyectos\\bibliohub\\apps\\backend\\dist\\modules\\proveedores\\services"]
DEBUG nx::native::watch::watcher: registering watches for new directories dirs=["C:\\Users\\Gerar\\Downloads\\Proyectos\\bibliohub\\apps\\backend\\dist\\modules\\proveedores\\controllers"]
DEBUG nx::native::watch::watcher: registering watches for new directories dirs=["C:\\Users\\Gerar\\Downloads\\Proyectos\\bibliohub\\apps\\backend\\dist\\modules\\reportes"]
DEBUG nx::native::watch::watcher: registering watches for new directories dirs=["C:\\Users\\Gerar\\Downloads\\Proyectos\\bibliohub\\apps\\backend\\dist\\modules\\reportes\\interfaces"]
DEBUG nx::native::watch::watcher: registering watches for new directories dirs=["C:\\Users\\Gerar\\Downloads\\Proyectos\\bibliohub\\apps\\backend\\dist\\modules\\reportes\\services"]
DEBUG nx::native::watch::watcher: registering watches for new directories dirs=["C:\\Users\\Gerar\\Downloads\\Proyectos\\bibliohub\\apps\\backend\\dist\\modules\\reportes\\controllers"]
DEBUG nx::native::watch::watcher: registering watches for new directories dirs=["C:\\Users\\Gerar\\Downloads\\Proyectos\\bibliohub\\apps\\backend\\dist\\modules\\empleados\\dto"]
DEBUG nx::native::watch::watcher: registering watches for new directories dirs=["C:\\Users\\Gerar\\Downloads\\Proyectos\\bibliohub\\apps\\backend\\dist\\modules\\empleados\\interfaces"]
DEBUG nx::native::watch::watcher: registering watches for new directories dirs=["C:\\Users\\Gerar\\Downloads\\Proyectos\\bibliohub\\apps\\backend\\dist\\modules\\empleados\\services"]
DEBUG nx::native::watch::watcher: registering watches for new directories dirs=["C:\\Users\\Gerar\\Downloads\\Proyectos\\bibliohub\\apps\\backend\\dist\\modules\\empleados\\controllers"]
DEBUG nx::native::watch::watcher: idle-window emitting events count=51
DEBUG nx::native::watch::watcher:   [create] apps/backend/dist/common/sesiones.js
DEBUG nx::native::watch::watcher:   [create] apps/backend/dist/modules/proveedores/controllers/proveedores.controller.js
DEBUG nx::native::watch::watcher:   [create] apps/backend/dist/modules/empleados/dto/update-empleado.dto.js
DEBUG nx::native::watch::watcher:   [create] apps/backend/dist/modules/empleados/interfaces/empleados.interface.d.ts
DEBUG nx::native::watch::watcher:   [create] apps/backend/dist/modules/empleados/dto/create-empleado.dto.js
DEBUG nx::native::watch::watcher:   [create] apps/backend/dist/modules/proveedores/proveedores.module.js
DEBUG nx::native::watch::watcher:   [create] apps/backend/dist/modules/proveedores/controllers/proveedores.controller.d.ts
DEBUG nx::native::watch::watcher:   [create] apps/backend/dist/modules/reportes/controllers/reportes.controller.d.ts
DEBUG nx::native::watch::watcher:   [create] apps/backend/dist/modules/empleados/services/empleados.service.js.map
DEBUG nx::native::watch::watcher:   [create] apps/backend/dist/modules/reportes/dto/query-historial-ventas.dto.js.map
DEBUG nx::native::watch::watcher:   [create] apps/backend/dist/modules/reportes/interfaces/reportes.interface.js
DEBUG nx::native::watch::watcher:   [create] apps/backend/dist/common/sesiones.d.ts
DEBUG nx::native::watch::watcher:   [create] apps/backend/dist/modules/proveedores/controllers/proveedores.controller.js.map
DEBUG nx::native::watch::watcher:   [create] apps/backend/dist/modules/empleados/controllers/empleados.controller.d.ts
DEBUG nx::native::watch::watcher:   [create] apps/backend/dist/modules/proveedores/services/proveedores.service.js
DEBUG nx::native::watch::watcher:   [create] apps/backend/dist/modules/empleados/controllers/empleados.controller.js
DEBUG nx::native::watch::watcher:   [create] apps/backend/dist/modules/proveedores/proveedores.module.d.ts
DEBUG nx::native::watch::watcher:   [create] apps/backend/dist/modules/empleados/dto/change-password.dto.js.map
DEBUG nx::native::watch::watcher:   [create] apps/backend/dist/modules/reportes/reportes.module.d.ts
DEBUG nx::native::watch::watcher:   [create] apps/backend/dist/modules/reportes/services/reportes.service.js
DEBUG nx::native::watch::watcher:   [create] apps/backend/dist/modules/reportes/dto/query-reporte-ventas.dto.js
DEBUG nx::native::watch::watcher:   [create] apps/backend/dist/modules/reportes/controllers/reportes.controller.js.map
DEBUG nx::native::watch::watcher:   [create] apps/backend/dist/modules/empleados/controllers/empleados.controller.js.map
DEBUG nx::native::watch::watcher:   [create] apps/backend/dist/modules/empleados/interfaces/empleados.interface.js
DEBUG nx::native::watch::watcher:   [create] apps/backend/dist/modules/empleados/services/empleados.service.d.ts
DEBUG nx::native::watch::watcher:   [create] apps/backend/dist/modules/empleados/empleados.module.js.map
DEBUG nx::native::watch::watcher:   [create] apps/backend/dist/modules/proveedores/services/proveedores.service.d.ts
DEBUG nx::native::watch::watcher:   [create] apps/backend/dist/modules/empleados/dto/update-empleado.dto.js.map
DEBUG nx::native::watch::watcher:   [create] apps/backend/dist/modules/reportes/dto/query-historial-ventas.dto.d.ts
DEBUG nx::native::watch::watcher:   [create] apps/backend/dist/modules/reportes/services/reportes.service.d.ts
DEBUG nx::native::watch::watcher:   [create] apps/backend/dist/modules/reportes/interfaces/reportes.interface.d.ts
DEBUG nx::native::watch::watcher:   [create] apps/backend/dist/modules/empleados/services/empleados.service.js
DEBUG nx::native::watch::watcher:   [create] apps/backend/dist/modules/reportes/dto/query-reporte-ventas.dto.js.map
DEBUG nx::native::watch::watcher:   [create] apps/backend/dist/modules/empleados/dto/update-perfil-empleado.dto.js
DEBUG nx::native::watch::watcher:   [create] apps/backend/dist/modules/empleados/dto/update-perfil-empleado.dto.js.map
DEBUG nx::native::watch::watcher:   [create] apps/backend/dist/modules/empleados/dto/create-empleado.dto.js.map
DEBUG nx::native::watch::watcher:   [create] apps/backend/dist/modules/proveedores/services/proveedores.service.js.map
DEBUG nx::native::watch::watcher:   [create] apps/backend/dist/modules/reportes/services/reportes.service.js.map
DEBUG nx::native::watch::watcher:   [create] apps/backend/dist/modules/reportes/reportes.module.js
DEBUG nx::native::watch::watcher:   [create] apps/backend/dist/modules/empleados/dto/change-password.dto.js
DEBUG nx::native::watch::watcher:   [create] apps/backend/dist/modules/empleados/dto/update-perfil-empleado.dto.d.ts
DEBUG nx::native::watch::watcher:   [create] apps/backend/dist/modules/reportes/controllers/reportes.controller.js
DEBUG nx::native::watch::watcher:   [create] apps/backend/dist/modules/empleados/dto/change-password.dto.d.ts
DEBUG nx::native::watch::watcher:   [create] apps/backend/dist/modules/reportes/reportes.module.js.map
DEBUG nx::native::watch::watcher:   [create] apps/backend/dist/modules/reportes/dto/query-reporte-ventas.dto.d.ts
DEBUG nx::native::watch::watcher:   [create] apps/backend/dist/modules/empleados/dto/create-empleado.dto.d.ts
DEBUG nx::native::watch::watcher:   [create] apps/backend/dist/modules/reportes/interfaces/reportes.interface.js.map
DEBUG nx::native::watch::watcher:   [create] apps/backend/dist/modules/empleados/interfaces/empleados.interface.js.map
DEBUG nx::native::watch::watcher:   [create] apps/backend/dist/modules/empleados/dto/update-empleado.dto.d.ts
DEBUG nx::native::watch::watcher:   [create] apps/backend/dist/modules/proveedores/proveedores.module.js.map
DEBUG nx::native::watch::watcher:   [create] apps/backend/dist/common/sesiones.js.map
[NX v23.2.1 Daemon Server] - 2026-09-26T05:37:03.146Z - [WATCHER]: Processing file changes in outputs
DEBUG nx::native::watch::watcher: registering watches for new directories dirs=["C:\\Users\\Gerar\\Downloads\\Proyectos\\bibliohub\\apps\\backend\\dist\\modules\\carrito\\dto"]
DEBUG nx::native::watch::watcher: registering watches for new directories dirs=["C:\\Users\\Gerar\\Downloads\\Proyectos\\bibliohub\\apps\\backend\\dist\\modules\\carrito\\interfaces"]
DEBUG nx::native::watch::watcher: registering watches for new directories dirs=["C:\\Users\\Gerar\\Downloads\\Proyectos\\bibliohub\\apps\\backend\\dist\\modules\\carrito\\services"]
DEBUG nx::native::watch::watcher: registering watches for new directories dirs=["C:\\Users\\Gerar\\Downloads\\Proyectos\\bibliohub\\apps\\backend\\dist\\modules\\carrito\\controllers"]
DEBUG nx::native::watch::watcher: registering watches for new directories dirs=["C:\\Users\\Gerar\\Downloads\\Proyectos\\bibliohub\\apps\\backend\\dist\\infra\\stripe"]
DEBUG nx::native::watch::watcher: registering watches for new directories dirs=["C:\\Users\\Gerar\\Downloads\\Proyectos\\bibliohub\\apps\\backend\\dist\\modules\\pedidos\\services"]
DEBUG nx::native::watch::watcher: idle-window emitting events count=28
DEBUG nx::native::watch::watcher:   [create] apps/backend/dist/infra/stripe/stripe.service.js.map
DEBUG nx::native::watch::watcher:   [create] apps/backend/dist/modules/carrito/services/carrito.service.d.ts
DEBUG nx::native::watch::watcher:   [create] apps/backend/dist/modules/carrito/dto/agregar-item-carrito.dto.d.ts
DEBUG nx::native::watch::watcher:   [create] apps/backend/dist/infra/stripe/stripe.module.js
DEBUG nx::native::watch::watcher:   [create] apps/backend/dist/modules/empleados/empleados.module.d.ts
DEBUG nx::native::watch::watcher:   [create] apps/backend/dist/modules/carrito/services/carrito.service.js.map
DEBUG nx::native::watch::watcher:   [create] apps/backend/dist/modules/empleados/empleados.module.js
DEBUG nx::native::watch::watcher:   [create] apps/backend/dist/infra/stripe/stripe.service.js
DEBUG nx::native::watch::watcher:   [create] apps/backend/dist/modules/carrito/carrito.module.js.map
DEBUG nx::native::watch::watcher:   [create] apps/backend/dist/modules/carrito/dto/actualizar-item-carrito.dto.js
DEBUG nx::native::watch::watcher:   [create] apps/backend/dist/modules/carrito/controllers/carrito.controller.d.ts
DEBUG nx::native::watch::watcher:   [create] apps/backend/dist/modules/carrito/controllers/carrito.controller.js
DEBUG nx::native::watch::watcher:   [create] apps/backend/dist/modules/carrito/interfaces/carrito.interface.d.ts
DEBUG nx::native::watch::watcher:   [create] apps/backend/dist/modules/carrito/dto/agregar-item-carrito.dto.js
DEBUG nx::native::watch::watcher:   [create] apps/backend/dist/modules/carrito/controllers/carrito.controller.js.map
DEBUG nx::native::watch::watcher:   [create] apps/backend/dist/modules/carrito/dto/actualizar-item-carrito.dto.d.ts
DEBUG nx::native::watch::watcher:   [create] apps/backend/dist/modules/pedidos/services/pedidos.service.js
DEBUG nx::native::watch::watcher:   [create] apps/backend/dist/infra/stripe/stripe.module.js.map
DEBUG nx::native::watch::watcher:   [create] apps/backend/dist/infra/stripe/stripe.module.d.ts
DEBUG nx::native::watch::watcher:   [create] apps/backend/dist/modules/carrito/carrito.module.js
DEBUG nx::native::watch::watcher:   [create] apps/backend/dist/infra/stripe/stripe.service.d.ts
DEBUG nx::native::watch::watcher:   [create] apps/backend/dist/modules/carrito/dto/actualizar-item-carrito.dto.js.map
DEBUG nx::native::watch::watcher:   [create] apps/backend/dist/modules/carrito/interfaces/carrito.interface.js
DEBUG nx::native::watch::watcher:   [create] apps/backend/dist/modules/carrito/carrito.module.d.ts
DEBUG nx::native::watch::watcher:   [create] apps/backend/dist/modules/carrito/interfaces/carrito.interface.js.map
DEBUG nx::native::watch::watcher:   [create] apps/backend/dist/modules/carrito/services/carrito.service.js
DEBUG nx::native::watch::watcher:   [create] apps/backend/dist/modules/carrito/dto/agregar-item-carrito.dto.js.map
DEBUG nx::native::watch::watcher:   [create] apps/backend/dist/modules/pedidos/services/pedidos.service.js.map
[NX v23.2.1 Daemon Server] - 2026-09-26T05:37:03.649Z - [WATCHER]: Processing file changes in outputs
DEBUG nx::native::watch::watcher: registering watches for new directories dirs=["C:\\Users\\Gerar\\Downloads\\Proyectos\\bibliohub\\apps\\backend\\dist\\modules\\pedidos\\dto"]
DEBUG nx::native::watch::watcher: idle-window emitting events count=7
DEBUG nx::native::watch::watcher:   [create] apps/backend/dist/modules/pedidos/services/pedidos.service.d.ts
DEBUG nx::native::watch::watcher:   [create] apps/backend/dist/modules/pedidos/dto/create-direccion.dto.d.ts
DEBUG nx::native::watch::watcher:   [create] apps/backend/dist/modules/pedidos/dto/create-direccion.dto.js.map
DEBUG nx::native::watch::watcher:   [create] apps/backend/dist/modules/pedidos/dto/update-direccion.dto.js
DEBUG nx::native::watch::watcher:   [create] apps/backend/dist/modules/pedidos/dto/update-direccion.dto.js.map
DEBUG nx::native::watch::watcher:   [create] apps/backend/dist/modules/pedidos/dto/create-direccion.dto.js
DEBUG nx::native::watch::watcher:   [create] apps/backend/dist/modules/pedidos/dto/update-direccion.dto.d.ts
[NX v23.2.1 Daemon Server] - 2026-09-26T05:37:03.876Z - [WATCHER]: Processing file changes in outputs
DEBUG nx::native::watch::watcher: registering watches for new directories dirs=["C:\\Users\\Gerar\\Downloads\\Proyectos\\bibliohub\\apps\\backend\\dist\\modules\\pedidos\\interfaces"]
DEBUG nx::native::watch::watcher: idle-window emitting events count=15
DEBUG nx::native::watch::watcher:   [create] apps/backend/dist/modules/pedidos/dto/checkout.dto.js.map
DEBUG nx::native::watch::watcher:   [create] apps/backend/dist/modules/pedidos/services/checkout.service.js
DEBUG nx::native::watch::watcher:   [create] apps/backend/dist/modules/pedidos/services/checkout.service.js.map
DEBUG nx::native::watch::watcher:   [create] apps/backend/dist/modules/pedidos/interfaces/pedidos.interface.js.map
DEBUG nx::native::watch::watcher:   [create] apps/backend/dist/modules/pedidos/dto/cambiar-estado.dto.js.map
DEBUG nx::native::watch::watcher:   [create] apps/backend/dist/modules/pedidos/services/checkout.service.d.ts
DEBUG nx::native::watch::watcher:   [create] apps/backend/dist/modules/pedidos/services/direcciones.service.js.map
DEBUG nx::native::watch::watcher:   [create] apps/backend/dist/modules/pedidos/dto/cambiar-estado.dto.d.ts
DEBUG nx::native::watch::watcher:   [create] apps/backend/dist/modules/pedidos/interfaces/pedidos.interface.js
DEBUG nx::native::watch::watcher:   [create] apps/backend/dist/modules/pedidos/services/direcciones.service.js
DEBUG nx::native::watch::watcher:   [create] apps/backend/dist/modules/pedidos/dto/checkout.dto.js
DEBUG nx::native::watch::watcher:   [create] apps/backend/dist/modules/pedidos/services/direcciones.service.d.ts
DEBUG nx::native::watch::watcher:   [create] apps/backend/dist/modules/pedidos/interfaces/pedidos.interface.d.ts
DEBUG nx::native::watch::watcher:   [create] apps/backend/dist/modules/pedidos/dto/checkout.dto.d.ts
DEBUG nx::native::watch::watcher:   [create] apps/backend/dist/modules/pedidos/dto/cambiar-estado.dto.js
DEBUG nx::native::watch::watcher: registering watches for new directories dirs=["C:\\Users\\Gerar\\Downloads\\Proyectos\\bibliohub\\apps\\backend\\dist\\modules\\pedidos\\controllers"]
[NX v23.2.1 Daemon Server] - 2026-09-26T05:37:04.263Z - [WATCHER]: Processing file changes in outputs
DEBUG nx::native::watch::watcher: idle-window emitting events count=2
DEBUG nx::native::watch::watcher:   [create] apps/backend/dist/modules/pedidos/controllers/pedidos.controller.js.map
DEBUG nx::native::watch::watcher:   [create] apps/backend/dist/modules/pedidos/controllers/pedidos.controller.js
[NX v23.2.1 Daemon Server] - 2026-09-26T05:37:04.368Z - [WATCHER]: Processing file changes in outputs
DEBUG nx::native::watch::watcher: idle-window emitting events count=1
DEBUG nx::native::watch::watcher:   [create] apps/backend/dist/modules/pedidos/controllers/pedidos.controller.d.ts
[NX v23.2.1 Daemon Server] - 2026-09-26T05:37:04.521Z - [WATCHER]: Processing file changes in outputs
DEBUG nx::native::watch::watcher: registering watches for new directories dirs=["C:\\Users\\Gerar\\Downloads\\Proyectos\\bibliohub\\apps\\backend\\dist\\modules\\cuenta"]
DEBUG nx::native::watch::watcher: registering watches for new directories dirs=["C:\\Users\\Gerar\\Downloads\\Proyectos\\bibliohub\\apps\\backend\\dist\\modules\\cuenta\\services"]
DEBUG nx::native::watch::watcher: registering watches for new directories dirs=["C:\\Users\\Gerar\\Downloads\\Proyectos\\bibliohub\\apps\\backend\\dist\\modules\\cuenta\\controllers"]
DEBUG nx::native::watch::watcher: registering watches for new directories dirs=["C:\\Users\\Gerar\\Downloads\\Proyectos\\bibliohub\\apps\\backend\\dist\\modules\\lista-deseos\\services"]
DEBUG nx::native::watch::watcher: registering watches for new directories dirs=["C:\\Users\\Gerar\\Downloads\\Proyectos\\bibliohub\\apps\\backend\\dist\\modules\\lista-deseos\\controllers"]
DEBUG nx::native::watch::watcher: idle-window emitting events count=23
DEBUG nx::native::watch::watcher:   [create] apps/backend/dist/modules/cuenta/cuenta.module.js
DEBUG nx::native::watch::watcher:   [create] apps/backend/dist/modules/lista-deseos/controllers/lista-deseos.controller.d.ts
DEBUG nx::native::watch::watcher:   [create] apps/backend/dist/modules/cuenta/services/cuenta.service.js
DEBUG nx::native::watch::watcher:   [create] apps/backend/dist/modules/lista-deseos/services/lista-deseos.service.js
DEBUG nx::native::watch::watcher:   [create] apps/backend/dist/modules/cuenta/cuenta.module.js.map
DEBUG nx::native::watch::watcher:   [create] apps/backend/dist/modules/lista-deseos/lista-deseos.module.js.map
DEBUG nx::native::watch::watcher:   [create] apps/backend/dist/modules/cuenta/controllers/cuenta.controller.js
DEBUG nx::native::watch::watcher:   [create] apps/backend/dist/modules/cuenta/controllers/cuenta.controller.d.ts
DEBUG nx::native::watch::watcher:   [create] apps/backend/dist/modules/pedidos/pedidos.module.d.ts
DEBUG nx::native::watch::watcher:   [create] apps/backend/dist/modules/cuenta/dto/cuenta.dto.d.ts
DEBUG nx::native::watch::watcher:   [create] apps/backend/dist/modules/cuenta/dto/cuenta.dto.js.map
DEBUG nx::native::watch::watcher:   [create] apps/backend/dist/modules/pedidos/pedidos.module.js
DEBUG nx::native::watch::watcher:   [create] apps/backend/dist/modules/cuenta/controllers/cuenta.controller.js.map
DEBUG nx::native::watch::watcher:   [create] apps/backend/dist/modules/lista-deseos/lista-deseos.module.d.ts
DEBUG nx::native::watch::watcher:   [create] apps/backend/dist/modules/lista-deseos/controllers/lista-deseos.controller.js.map
DEBUG nx::native::watch::watcher:   [create] apps/backend/dist/modules/cuenta/services/cuenta.service.d.ts
DEBUG nx::native::watch::watcher:   [create] apps/backend/dist/modules/cuenta/services/cuenta.service.js.map
DEBUG nx::native::watch::watcher:   [create] apps/backend/dist/modules/lista-deseos/lista-deseos.module.js
DEBUG nx::native::watch::watcher:   [create] apps/backend/dist/modules/lista-deseos/services/lista-deseos.service.js.map
DEBUG nx::native::watch::watcher:   [create] apps/backend/dist/modules/lista-deseos/services/lista-deseos.service.d.ts
DEBUG nx::native::watch::watcher:   [create] apps/backend/dist/modules/pedidos/pedidos.module.js.map
DEBUG nx::native::watch::watcher:   [create] apps/backend/dist/modules/cuenta/cuenta.module.d.ts
DEBUG nx::native::watch::watcher:   [create] apps/backend/dist/modules/lista-deseos/controllers/lista-deseos.controller.js
[NX v23.2.1 Daemon Server] - 2026-09-26T05:37:05.071Z - [WATCHER]: Processing file changes in outputs
DEBUG nx::native::watch::watcher: idle-window emitting events count=3
DEBUG nx::native::watch::watcher:   [create] apps/backend/dist/app.module.js.map
DEBUG nx::native::watch::watcher:   [create] apps/backend/dist/app.module.d.ts
DEBUG nx::native::watch::watcher:   [create] apps/backend/dist/app.module.js
[NX v23.2.1 Daemon Server] - 2026-09-26T05:37:05.259Z - [WATCHER]: Processing file changes in outputs
DEBUG nx::native::watch::watcher: idle-window emitting events count=3
DEBUG nx::native::watch::watcher:   [create] apps/backend/dist/main.js
DEBUG nx::native::watch::watcher:   [create] apps/backend/dist/main.d.ts
DEBUG nx::native::watch::watcher:   [create] apps/backend/dist/main.js.map
[NX v23.2.1 Daemon Server] - 2026-09-26T05:37:05.413Z - [WATCHER]: Processing file changes in outputs
[NX v23.2.1 Daemon Client] - 2026-09-26T05:37:06.021Z - [Messenger] Sending message type: RECORD_OUTPUTS_HASH_BATCH
[NX v23.2.1 Daemon Client] - 2026-09-26T05:37:06.022Z - [Messenger] Message sent
[NX v23.2.1 Daemon Server] - 2026-09-26T05:37:06.024Z - Received raw message of length 176
[NX v23.2.1 Daemon Server] - 2026-09-26T05:37:06.024Z - Received json message of type RECORD_OUTPUTS_HASH_BATCH
[NX v23.2.1 Daemon Server] - 2026-09-26T05:37:06.088Z - Serializing response for RECORD_OUTPUTS_HASH_BATCH message in json mode
[NX v23.2.1 Daemon Server] - 2026-09-26T05:37:06.089Z - Responding to RECORD_OUTPUTS_HASH_BATCH message
[NX v23.2.1 Daemon Server] - 2026-09-26T05:37:06.089Z - [REQUEST]: Responding to the client. recordOutputsHashBatch
[NX v23.2.1 Daemon Server] - 2026-09-26T05:37:06.092Z - Done responding to the client recordOutputsHashBatch
[NX v23.2.1 Daemon Server] - 2026-09-26T05:37:06.092Z - Handled json message RECORD_OUTPUTS_HASH_BATCH. Handling time: 64. Response time: 4.
[NX v23.2.1 Daemon Client] - 2026-09-26T05:37:06.092Z - [Messenger] Received message, length: 2
DEBUG nx::native::watch::watcher: registering watches for new directories dirs=["C:\\Users\\Gerar\\Downloads\\Proyectos\\bibliohub\\apps\\frontend\\dist\\frontend\\browser\\login"]
DEBUG nx::native::watch::watcher: registering watches for new directories dirs=["C:\\Users\\Gerar\\Downloads\\Proyectos\\bibliohub\\apps\\frontend\\dist\\frontend\\browser\\covers"]
DEBUG nx::native::watch::watcher: registering watches for new directories dirs=["C:\\Users\\Gerar\\Downloads\\Proyectos\\bibliohub\\apps\\frontend\\dist\\frontend\\browser\\covers\\categorias"]
DEBUG nx::native::watch::watcher: idle-window emitting events count=108
DEBUG nx::native::watch::watcher:   [create] apps/frontend/dist/frontend/browser/chunk-WU7V5WMP.js
DEBUG nx::native::watch::watcher:   [create] apps/frontend/dist/frontend/browser/main-ATQ2LBPG.js
DEBUG nx::native::watch::watcher:   [create] apps/frontend/dist/frontend/browser/covers/categorias/terror.png
DEBUG nx::native::watch::watcher:   [create] apps/frontend/dist/frontend/browser/chunk-EKJMNP7O.js
DEBUG nx::native::watch::watcher:   [create] apps/frontend/dist/frontend/browser/chunk-HYYTVQAX.js
DEBUG nx::native::watch::watcher:   [create] apps/frontend/dist/frontend/browser/chunk-OX3ENISM.js
DEBUG nx::native::watch::watcher:   [create] apps/frontend/dist/frontend/browser/hoja-personajes.webp
DEBUG nx::native::watch::watcher:   [create] apps/frontend/dist/frontend/browser/chunk-YONMEYGK.js
DEBUG nx::native::watch::watcher:   [create] apps/frontend/dist/frontend/browser/chunk-5M4BJMGC.js
DEBUG nx::native::watch::watcher:   [create] apps/frontend/dist/frontend/browser/chunk-KYTJ536S.js
DEBUG nx::native::watch::watcher:   [create] apps/frontend/dist/frontend/browser/chunk-YLLA6KAQ.js
DEBUG nx::native::watch::watcher:   [create] apps/frontend/dist/frontend/browser/chunk-GKKKH6WZ.js
DEBUG nx::native::watch::watcher:   [create] apps/frontend/dist/frontend/browser/covers/categorias/fantasia.jpg
DEBUG nx::native::watch::watcher:   [create] apps/frontend/dist/frontend/browser/chunk-DLA5YA7O.js
DEBUG nx::native::watch::watcher:   [create] apps/frontend/dist/frontend/browser/chunk-H7EVLZTM.js
DEBUG nx::native::watch::watcher:   [create] apps/frontend/dist/frontend/browser/chunk-H53IDL3R.js
DEBUG nx::native::watch::watcher:   [create] apps/frontend/dist/frontend/browser/logo_negro.png
DEBUG nx::native::watch::watcher:   [create] apps/frontend/dist/frontend/browser/chunk-DTZJYZS2.js
DEBUG nx::native::watch::watcher:   [create] apps/frontend/dist/frontend/browser/chunk-46SGFW3B.js
DEBUG nx::native::watch::watcher:   [create] apps/frontend/dist/frontend/browser/login/5.png
DEBUG nx::native::watch::watcher:   [create] apps/frontend/dist/frontend/prerendered-routes.json
DEBUG nx::native::watch::watcher:   [create] apps/frontend/dist/frontend/browser/chunk-IMD46TIP.js
DEBUG nx::native::watch::watcher:   [create] apps/frontend/dist/frontend/browser/chunk-DETODCQD.js
DEBUG nx::native::watch::watcher:   [create] apps/frontend/dist/frontend/browser/login/1.png
DEBUG nx::native::watch::watcher:   [create] apps/frontend/dist/frontend/browser/chunk-LU3JBZGP.js
DEBUG nx::native::watch::watcher:   [create] apps/frontend/dist/frontend/browser/covers/categorias/ensayo.jpg
DEBUG nx::native::watch::watcher:   [create] apps/frontend/dist/frontend/browser/chunk-AX6MVX5E.js
DEBUG nx::native::watch::watcher:   [create] apps/frontend/dist/frontend/browser/chunk-2TGSJEFO.js
DEBUG nx::native::watch::watcher:   [create] apps/frontend/dist/frontend/browser/chunk-I5FSV6AW.js
DEBUG nx::native::watch::watcher:   [create] apps/frontend/dist/frontend/browser/chunk-HRT3C23N.js
DEBUG nx::native::watch::watcher:   [create] apps/frontend/dist/frontend/browser/chunk-PBPYMAZA.js
DEBUG nx::native::watch::watcher:   [create] apps/frontend/dist/frontend/browser/login/4.png
DEBUG nx::native::watch::watcher:   [create] apps/frontend/dist/frontend/browser/chunk-LMKZI7GY.js
DEBUG nx::native::watch::watcher:   [delete] apps/frontend/dist/frontend/browser/covers/categorias
DEBUG nx::native::watch::watcher:   [create] apps/frontend/dist/frontend/browser/chunk-4E7LQGBR.js
DEBUG nx::native::watch::watcher:   [create] apps/frontend/dist/frontend/browser/chunk-VVUMN2Z3.js
DEBUG nx::native::watch::watcher:   [create] apps/frontend/dist/frontend/browser/chunk-N4Q5EDSC.js
DEBUG nx::native::watch::watcher:   [create] apps/frontend/dist/frontend/browser/chunk-LLN6535U.js
DEBUG nx::native::watch::watcher:   [create] apps/frontend/dist/frontend/browser/styles-LUZSPCQ3.css
DEBUG nx::native::watch::watcher:   [create] apps/frontend/dist/frontend/browser/chunk-5R3BHVVT.js
DEBUG nx::native::watch::watcher:   [create] apps/frontend/dist/frontend/browser/chunk-VMWH6GNI.js
DEBUG nx::native::watch::watcher:   [create] apps/frontend/dist/frontend/browser/chunk-52C47AJ6.js
DEBUG nx::native::watch::watcher:   [create] apps/frontend/dist/frontend/browser/chunk-ZI4W5COU.js
DEBUG nx::native::watch::watcher:   [create] apps/frontend/dist/frontend/browser/chunk-K63B4T2H.js
DEBUG nx::native::watch::watcher:   [create] apps/frontend/dist/frontend/browser/chunk-BGX6ZWR4.js
DEBUG nx::native::watch::watcher:   [create] apps/frontend/dist/frontend/3rdpartylicenses.txt
DEBUG nx::native::watch::watcher:   [create] apps/frontend/dist/frontend/browser/chunk-B6LHQFGV.js
DEBUG nx::native::watch::watcher:   [create] apps/frontend/dist/frontend/browser/chunk-RMW4WZND.js
DEBUG nx::native::watch::watcher:   [create] apps/frontend/dist/frontend/browser/index.html
DEBUG nx::native::watch::watcher:   [create] apps/frontend/dist/frontend/browser/chunk-XHEL65VA.js
DEBUG nx::native::watch::watcher:   [create] apps/frontend/dist/frontend/browser/covers/categorias/narrativa.jpg
DEBUG nx::native::watch::watcher:   [create] apps/frontend/dist/frontend/browser/logo_blanco.png
DEBUG nx::native::watch::watcher:   [create] apps/frontend/dist/frontend/browser/covers/categorias/ciencia-ficcion.jpg
DEBUG nx::native::watch::watcher:   [create] apps/frontend/dist/frontend/browser/chunk-5PBTIIXZ.js
DEBUG nx::native::watch::watcher:   [create] apps/frontend/dist/frontend/browser/chunk-7JIW23S3.js
DEBUG nx::native::watch::watcher:   [create] apps/frontend/dist/frontend/browser/chunk-MZFETJ6G.js
DEBUG nx::native::watch::watcher:   [create] apps/frontend/dist/frontend/browser/chunk-5XBWSSLQ.js
DEBUG nx::native::watch::watcher:   [create] apps/frontend/dist/frontend/browser/chunk-DZOVG5LL.js
DEBUG nx::native::watch::watcher:   [create] apps/frontend/dist/frontend/browser/chunk-JQEUJQPB.js
DEBUG nx::native::watch::watcher:   [create] apps/frontend/dist/frontend/browser/chunk-2YGP3XDT.js
DEBUG nx::native::watch::watcher:   [create] apps/frontend/dist/frontend/browser/chunk-I4IZRWYL.js
DEBUG nx::native::watch::watcher:   [create] apps/frontend/dist/frontend/browser/chunk-BX5XTBGR.js
DEBUG nx::native::watch::watcher:   [create] apps/frontend/dist/frontend/browser/chunk-FB36LTF7.js
DEBUG nx::native::watch::watcher:   [create] apps/frontend/dist/frontend/browser/chunk-XQZG73TH.js
DEBUG nx::native::watch::watcher:   [create] apps/frontend/dist/frontend/browser/chunk-HXFR264T.js
DEBUG nx::native::watch::watcher:   [create] apps/frontend/dist/frontend/browser/chunk-ZWRIL2R6.js
DEBUG nx::native::watch::watcher:   [create] apps/frontend/dist/frontend/browser/chunk-CZUMIRKP.js
DEBUG nx::native::watch::watcher:   [create] apps/frontend/dist/frontend/browser/chunk-HSCQVDT5.js
DEBUG nx::native::watch::watcher:   [create] apps/frontend/dist/frontend/browser/covers/categorias/romance.jpg
DEBUG nx::native::watch::watcher:   [create] apps/frontend/dist/frontend/browser/chunk-7CGTOI24.js
DEBUG nx::native::watch::watcher:   [create] apps/frontend/dist/frontend/browser/login/2.png
DEBUG nx::native::watch::watcher:   [create] apps/frontend/dist/frontend/browser/covers/categorias/poesia.jpg
DEBUG nx::native::watch::watcher:   [create] apps/frontend/dist/frontend/browser/chunk-JAKQ5GUV.js
DEBUG nx::native::watch::watcher:   [create] apps/frontend/dist/frontend/browser/chunk-E67ZEIQK.js
DEBUG nx::native::watch::watcher:   [create] apps/frontend/dist/frontend/browser/chunk-BURJ55YD.js
DEBUG nx::native::watch::watcher:   [create] apps/frontend/dist/frontend/browser/chunk-RGNRFPTA.js
DEBUG nx::native::watch::watcher:   [create] apps/frontend/dist/frontend/browser/logo.png
DEBUG nx::native::watch::watcher:   [create] apps/frontend/dist/frontend/browser/chunk-LTJF2OCS.js
DEBUG nx::native::watch::watcher:   [create] apps/frontend/dist/frontend/browser/chunk-JS2CFRKU.js
DEBUG nx::native::watch::watcher:   [create] apps/frontend/dist/frontend/browser/chunk-MSPBSWZV.js
DEBUG nx::native::watch::watcher:   [delete] apps/frontend/dist/frontend/browser/covers
DEBUG nx::native::watch::watcher:   [create] apps/frontend/dist/frontend/browser/chunk-Q4JCAW6D.js
DEBUG nx::native::watch::watcher:   [create] apps/frontend/dist/frontend/browser/chunk-GHJ46NAN.js
DEBUG nx::native::watch::watcher:   [create] apps/frontend/dist/frontend/browser/chunk-BDKOUZUS.js
DEBUG nx::native::watch::watcher:   [create] apps/frontend/dist/frontend/browser/login/3.png
DEBUG nx::native::watch::watcher:   [create] apps/frontend/dist/frontend/browser/chunk-VMR7ISCL.js
DEBUG nx::native::watch::watcher:   [create] apps/frontend/dist/frontend/browser/chunk-Q5BNDU42.js
DEBUG nx::native::watch::watcher:   [create] apps/frontend/dist/frontend/browser/chunk-VJ4XNORZ.js
DEBUG nx::native::watch::watcher:   [create] apps/frontend/dist/frontend/browser/chunk-IOJO34V4.js
DEBUG nx::native::watch::watcher:   [create] apps/frontend/dist/frontend/browser/logo.svg
DEBUG nx::native::watch::watcher:   [create] apps/frontend/dist/frontend/browser/chunk-EQLNVNKZ.js
DEBUG nx::native::watch::watcher:   [create] apps/frontend/dist/frontend/browser/chunk-654MQKAV.js
DEBUG nx::native::watch::watcher:   [create] apps/frontend/dist/frontend/browser/chunk-VOSKJTWI.js
DEBUG nx::native::watch::watcher:   [create] apps/frontend/dist/frontend/browser/chunk-2RV24FVR.js
DEBUG nx::native::watch::watcher:   [create] apps/frontend/dist/frontend/browser/chunk-NP2SZBCN.js
DEBUG nx::native::watch::watcher:   [delete] apps/frontend/dist/frontend/browser/login
DEBUG nx::native::watch::watcher:   [create] apps/frontend/dist/frontend/browser/chunk-JNIFKV5Q.js
DEBUG nx::native::watch::watcher:   [create] apps/frontend/dist/frontend/browser/chunk-RDYWMRWA.js
DEBUG nx::native::watch::watcher:   [create] apps/frontend/dist/frontend/browser/chunk-AIO7TAYF.js
DEBUG nx::native::watch::watcher:   [create] apps/frontend/dist/frontend/browser/covers/categorias/desktop.ini
DEBUG nx::native::watch::watcher:   [create] apps/frontend/dist/frontend/browser/chunk-D266L5J7.js
DEBUG nx::native::watch::watcher:   [create] apps/frontend/dist/frontend/browser/covers/categorias/infantil.jpg
DEBUG nx::native::watch::watcher:   [create] apps/frontend/dist/frontend/browser/chunk-LTY4NW5D.js
DEBUG nx::native::watch::watcher:   [create] apps/frontend/dist/frontend/browser/chunk-CLZNMDPJ.js
DEBUG nx::native::watch::watcher:   [create] apps/frontend/dist/frontend/browser/covers/categorias/misterio.jpg
DEBUG nx::native::watch::watcher:   [create] apps/frontend/dist/frontend/browser/chunk-DQOTHBVK.js
DEBUG nx::native::watch::watcher:   [create] apps/frontend/dist/frontend/browser/chunk-MQ4T74IY.js
DEBUG nx::native::watch::watcher:   [create] apps/frontend/dist/frontend/browser/chunk-G2LDB3OK.js
[NX v23.2.1 Daemon Server] - 2026-09-26T05:37:07.350Z - [WATCHER]: Processing file changes in outputs
[NX v23.2.1 Daemon Client] - 2026-09-26T05:37:07.468Z - [Messenger] Sending message type: RECORD_OUTPUTS_HASH_BATCH
[NX v23.2.1 Daemon Client] - 2026-09-26T05:37:07.470Z - [Messenger] Message sent
[NX v23.2.1 Daemon Server] - 2026-09-26T05:37:07.471Z - Received raw message of length 177
[NX v23.2.1 Daemon Server] - 2026-09-26T05:37:07.471Z - Received json message of type RECORD_OUTPUTS_HASH_BATCH
[NX v23.2.1 Daemon Server] - 2026-09-26T05:37:07.492Z - Serializing response for RECORD_OUTPUTS_HASH_BATCH message in json mode
[NX v23.2.1 Daemon Server] - 2026-09-26T05:37:07.492Z - Responding to RECORD_OUTPUTS_HASH_BATCH message
[NX v23.2.1 Daemon Server] - 2026-09-26T05:37:07.492Z - [REQUEST]: Responding to the client. recordOutputsHashBatch
[NX v23.2.1 Daemon Server] - 2026-09-26T05:37:07.495Z - Done responding to the client recordOutputsHashBatch
[NX v23.2.1 Daemon Server] - 2026-09-26T05:37:07.496Z - Handled json message RECORD_OUTPUTS_HASH_BATCH. Handling time: 21. Response time: 4.
[NX v23.2.1 Daemon Client] - 2026-09-26T05:37:07.495Z - [Messenger] Received message, length: 2
[NX v23.2.1 Daemon Client] - 2026-09-26T05:37:07.755Z - [Messenger] Sending message type: RECORD_TASK_RUNS
[NX v23.2.1 Daemon Client] - 2026-09-26T05:37:07.756Z - [Messenger] Message sent
[NX v23.2.1 Daemon Server] - 2026-09-26T05:37:07.758Z - Received raw message of length 603
[NX v23.2.1 Daemon Server] - 2026-09-26T05:37:07.758Z - Received json message of type RECORD_TASK_RUNS
[NX v23.2.1 Daemon Server] - 2026-09-26T05:37:07.760Z - Serializing response for RECORD_TASK_RUNS message in json mode
[NX v23.2.1 Daemon Server] - 2026-09-26T05:37:07.761Z - Responding to RECORD_TASK_RUNS message
[NX v23.2.1 Daemon Server] - 2026-09-26T05:37:07.761Z - [REQUEST]: Responding to the client. handleRecordTaskRuns
[NX v23.2.1 Daemon Server] - 2026-09-26T05:37:07.764Z - Done responding to the client handleRecordTaskRuns
[NX v23.2.1 Daemon Server] - 2026-09-26T05:37:07.764Z - Handled json message RECORD_TASK_RUNS. Handling time: 2. Response time: 4.
[NX v23.2.1 Daemon Client] - 2026-09-26T05:37:07.764Z - [Messenger] Received message, length: 4
[NX v23.2.1 Daemon Client] - 2026-09-26T05:37:07.766Z - [Messenger] Sending message type: GET_FLAKY_TASKS
[NX v23.2.1 Daemon Client] - 2026-09-26T05:37:07.767Z - [Messenger] Message sent
[NX v23.2.1 Daemon Server] - 2026-09-26T05:37:07.768Z - Received raw message of length 171
[NX v23.2.1 Daemon Server] - 2026-09-26T05:37:07.769Z - Received json message of type GET_FLAKY_TASKS
[NX v23.2.1 Daemon Server] - 2026-09-26T05:37:07.769Z - Serializing response for GET_FLAKY_TASKS message in json mode
[NX v23.2.1 Daemon Server] - 2026-09-26T05:37:07.769Z - Responding to GET_FLAKY_TASKS message
[NX v23.2.1 Daemon Server] - 2026-09-26T05:37:07.769Z - [REQUEST]: Responding to the client. handleGetFlakyTasks
[NX v23.2.1 Daemon Server] - 2026-09-26T05:37:07.769Z - Done responding to the client handleGetFlakyTasks
[NX v23.2.1 Daemon Server] - 2026-09-26T05:37:07.770Z - Handled json message GET_FLAKY_TASKS. Handling time: 0. Response time: 1.
[NX v23.2.1 Daemon Client] - 2026-09-26T05:37:07.769Z - [Messenger] Received message, length: 2
[NX v23.2.1 Daemon Server] - 2026-09-26T05:37:07.772Z - Established a connection. Number of open connections: 2
[NX v23.2.1 Daemon Server] - 2026-09-26T05:37:07.773Z - Closed a connection. Number of open connections: 1
[NX v23.2.1 Daemon Client] - 2026-09-26T05:37:07.772Z - [Messenger] Sending message type: GET_CONFIGURE_AI_AGENTS_STATUS
[NX v23.2.1 Daemon Client] - 2026-09-26T05:37:07.773Z - [Messenger] Message sent
[NX v23.2.1 Daemon Server] - 2026-09-26T05:37:07.775Z - Received raw message of length 109
[NX v23.2.1 Daemon Server] - 2026-09-26T05:37:07.775Z - Received json message of type GET_CONFIGURE_AI_AGENTS_STATUS
[NX v23.2.1 Daemon Server] - 2026-09-26T05:37:07.775Z - [AI-AGENTS]: Returning cached agent configuration status
[NX v23.2.1 Daemon Server] - 2026-09-26T05:37:07.775Z - Serializing response for GET_CONFIGURE_AI_AGENTS_STATUS message in json mode
[NX v23.2.1 Daemon Server] - 2026-09-26T05:37:07.775Z - Responding to GET_CONFIGURE_AI_AGENTS_STATUS message
[NX v23.2.1 Daemon Server] - 2026-09-26T05:37:07.775Z - [REQUEST]: Responding to the client. handleGetConfigureAiAgentsStatus
[NX v23.2.1 Daemon Server] - 2026-09-26T05:37:07.775Z - Done responding to the client handleGetConfigureAiAgentsStatus
[NX v23.2.1 Daemon Server] - 2026-09-26T05:37:07.775Z - Handled json message GET_CONFIGURE_AI_AGENTS_STATUS. Handling time: 0. Response time: 0.
[NX v23.2.1 Daemon Client] - 2026-09-26T05:37:07.775Z - [Messenger] Received message, length: 104
[NX v23.2.1 Daemon Client] - 2026-09-26T05:37:07.781Z - [Messenger] Sending message type: POST_TASKS_EXECUTION
[NX v23.2.1 Daemon Client] - 2026-09-26T05:37:07.784Z - [Messenger] Message sent
[NX v23.2.1 Daemon Server] - 2026-09-26T05:37:07.789Z - Received raw message of length 87970
[NX v23.2.1 Daemon Server] - 2026-09-26T05:37:07.791Z - Received json message of type POST_TASKS_EXECUTION
[NX v23.2.1 Daemon Server] - 2026-09-26T05:37:07.793Z - Serializing response for POST_TASKS_EXECUTION message in json mode
[NX v23.2.1 Daemon Server] - 2026-09-26T05:37:07.793Z - Responding to POST_TASKS_EXECUTION message
[NX v23.2.1 Daemon Server] - 2026-09-26T05:37:07.793Z - [REQUEST]: Responding to the client. handleRunPostTasksExecution
[NX v23.2.1 Daemon Server] - 2026-09-26T05:37:07.793Z - Time taken for 'postTasksExecution' 1.044499999996333ms
[NX v23.2.1 Daemon Server] - 2026-09-26T05:37:07.794Z - Done responding to the client handleRunPostTasksExecution
[NX v23.2.1 Daemon Server] - 2026-09-26T05:37:07.794Z - Handled json message POST_TASKS_EXECUTION. Handling time: 2. Response time: 1.
[NX v23.2.1 Daemon Client] - 2026-09-26T05:37:07.793Z - [Messenger] Received message, length: 4
[NX v23.2.1 Daemon Server] - 2026-09-26T05:37:08.020Z - Closed a connection. Number of open connections: 0
[NX v23.2.1 Daemon Server] - 2026-09-26T05:37:15.217Z - Established a connection. Number of open connections: 1
[NX v23.2.1 Daemon Server] - 2026-09-26T05:37:15.218Z - Closed a connection. Number of open connections: 0
[NX v23.2.1 Daemon Server] - 2026-09-26T05:37:15.221Z - Established a connection. Number of open connections: 1
[NX v23.2.1 Daemon Server] - 2026-09-26T05:37:15.222Z - Closed a connection. Number of open connections: 0
[NX v23.2.1 Daemon Server] - 2026-09-26T05:37:15.223Z - Established a connection. Number of open connections: 1
[NX v23.2.1 Daemon Client] - 2026-09-26T05:37:15.223Z - [Messenger] Setting up socket listeners
[NX v23.2.1 Daemon Client] - 2026-09-26T05:37:15.228Z - [Messenger] listen() complete
[NX v23.2.1 Daemon Client] - 2026-09-26T05:37:16.697Z - [Messenger] Sending message type: GET_NX_CONSOLE_STATUS
[NX v23.2.1 Daemon Client] - 2026-09-26T05:37:16.698Z - [Messenger] Message sent
[NX v23.2.1 Daemon Server] - 2026-09-26T05:37:16.702Z - Received raw message of length 6989
[NX v23.2.1 Daemon Server] - 2026-09-26T05:37:16.702Z - Received json message of type GET_NX_CONSOLE_STATUS
[NX v23.2.1 Daemon Server] - 2026-09-26T05:37:16.704Z - Serializing response for GET_NX_CONSOLE_STATUS message in json mode
[NX v23.2.1 Daemon Server] - 2026-09-26T05:37:16.704Z - Responding to GET_NX_CONSOLE_STATUS message
[NX v23.2.1 Daemon Server] - 2026-09-26T05:37:16.704Z - [REQUEST]: Responding to the client. handleGetNxConsoleStatus
[NX v23.2.1 Daemon Server] - 2026-09-26T05:37:16.707Z - Done responding to the client handleGetNxConsoleStatus
[NX v23.2.1 Daemon Server] - 2026-09-26T05:37:16.707Z - Handled json message GET_NX_CONSOLE_STATUS. Handling time: 0. Response time: 3.
[NX v23.2.1 Daemon Client] - 2026-09-26T05:37:16.710Z - [Messenger] Received message, length: 22
[NX v23.2.1 Daemon Client] - 2026-09-26T05:37:17.086Z - [Messenger] Sending message type: REQUEST_PROJECT_GRAPH
[NX v23.2.1 Daemon Client] - 2026-09-26T05:37:17.087Z - [Messenger] Message sent
[NX v23.2.1 Daemon Server] - 2026-09-26T05:37:17.088Z - Received raw message of length 100
[NX v23.2.1 Daemon Server] - 2026-09-26T05:37:17.088Z - Received json message of type REQUEST_PROJECT_GRAPH
[NX v23.2.1 Daemon Server] - 2026-09-26T05:37:17.088Z - [REQUEST]: Client Request for Project Graph Received
DEBUG nx::native::watch::watcher: force-flush END count=0 replies=1 elapsed=21.5187ms
[NX v23.2.1 Daemon Server] - 2026-09-26T05:37:17.111Z - Reusing in-memory cached project graph because no files changed.
[NX v23.2.1 Daemon Server] - 2026-09-26T05:37:17.111Z - Serializing response for REQUEST_PROJECT_GRAPH message in json mode
[NX v23.2.1 Daemon Server] - 2026-09-26T05:37:17.112Z - Responding to REQUEST_PROJECT_GRAPH message
[NX v23.2.1 Daemon Server] - 2026-09-26T05:37:17.112Z - [REQUEST]: Responding to the client. project-graph
[NX v23.2.1 Daemon Server] - 2026-09-26T05:37:17.115Z - Time taken for 'total for creating and serializing project graph' 22.88969999999972ms
[NX v23.2.1 Daemon Server] - 2026-09-26T05:37:17.115Z - Done responding to the client project-graph
[NX v23.2.1 Daemon Server] - 2026-09-26T05:37:17.115Z - Handled json message REQUEST_PROJECT_GRAPH. Handling time: 23. Response time: 4.
[NX v23.2.1 Daemon Client] - 2026-09-26T05:37:17.116Z - [Messenger] Received message, length: 549526
[NX v23.2.1 Daemon Client] - 2026-09-26T05:37:17.123Z - [Messenger] Sending message type: PRE_TASKS_EXECUTION
[NX v23.2.1 Daemon Client] - 2026-09-26T05:37:17.125Z - [Messenger] Message sent
[NX v23.2.1 Daemon Server] - 2026-09-26T05:37:17.127Z - Received raw message of length 996
[NX v23.2.1 Daemon Server] - 2026-09-26T05:37:17.127Z - Received json message of type PRE_TASKS_EXECUTION
[NX v23.2.1 Daemon Server] - 2026-09-26T05:37:17.128Z - Serializing response for PRE_TASKS_EXECUTION message in json mode
[NX v23.2.1 Daemon Server] - 2026-09-26T05:37:17.128Z - Responding to PRE_TASKS_EXECUTION message
[NX v23.2.1 Daemon Server] - 2026-09-26T05:37:17.128Z - [REQUEST]: Responding to the client. handleRunPreTasksExecution
[NX v23.2.1 Daemon Server] - 2026-09-26T05:37:17.128Z - Time taken for 'preTasksExecution' 0.8173999999999069ms
[NX v23.2.1 Daemon Server] - 2026-09-26T05:37:17.129Z - Done responding to the client handleRunPreTasksExecution
[NX v23.2.1 Daemon Server] - 2026-09-26T05:37:17.129Z - Handled json message PRE_TASKS_EXECUTION. Handling time: 1. Response time: 1.
[NX v23.2.1 Daemon Client] - 2026-09-26T05:37:17.129Z - [Messenger] Received message, length: 2
[NX v23.2.1 Daemon Client] - 2026-09-26T05:37:17.590Z - [Messenger] Sending message type: HASH_TASKS
[NX v23.2.1 Daemon Client] - 2026-09-26T05:37:17.592Z - [Messenger] Message sent
[NX v23.2.1 Daemon Server] - 2026-09-26T05:37:17.597Z - Received raw message of length 30600
[NX v23.2.1 Daemon Server] - 2026-09-26T05:37:17.598Z - Received json message of type HASH_TASKS
DEBUG nx::native::watch::watcher: force-flush END count=0 replies=1 elapsed=17.7097ms
[NX v23.2.1 Daemon Server] - 2026-09-26T05:37:17.617Z - Reusing in-memory cached project graph because no files changed.
DEBUG nx::native::tasks::hash_planner: get_plans_internal COMPLETED in 1.5075ms - processed 3 tasks (setup: 11µs, parallel_planning: 1.4929ms, pool: 1198 unique instructions)
DEBUG nx::native::tasks::task_hasher: hash_plans COMPLETED in 9.9754ms - processed 3 plans (setup: 309.9µs, hashing: 9.6512ms, assembly: 6.4481ms)
[NX v23.2.1 Daemon Server] - 2026-09-26T05:37:17.633Z - Serializing response for HASH_TASKS message in json mode
[NX v23.2.1 Daemon Server] - 2026-09-26T05:37:17.634Z - Responding to HASH_TASKS message
[NX v23.2.1 Daemon Server] - 2026-09-26T05:37:17.634Z - [REQUEST]: Responding to the client. handleHashTasks
[NX v23.2.1 Daemon Server] - 2026-09-26T05:37:17.637Z - Done responding to the client handleHashTasks
[NX v23.2.1 Daemon Server] - 2026-09-26T05:37:17.637Z - Handled json message HASH_TASKS. Handling time: 35. Response time: 4.
[NX v23.2.1 Daemon Client] - 2026-09-26T05:37:17.638Z - [Messenger] Received message, length: 79042
[NX v23.2.1 Daemon Client] - 2026-09-26T05:37:17.671Z - [Messenger] Sending message type: GET_ESTIMATED_TASK_TIMINGS
[NX v23.2.1 Daemon Client] - 2026-09-26T05:37:17.672Z - [Messenger] Message sent
[NX v23.2.1 Daemon Server] - 2026-09-26T05:37:17.691Z - Received raw message of length 231
[NX v23.2.1 Daemon Server] - 2026-09-26T05:37:17.691Z - Received json message of type GET_ESTIMATED_TASK_TIMINGS
[NX v23.2.1 Daemon Server] - 2026-09-26T05:37:17.692Z - Serializing response for GET_ESTIMATED_TASK_TIMINGS message in json mode
[NX v23.2.1 Daemon Server] - 2026-09-26T05:37:17.692Z - Responding to GET_ESTIMATED_TASK_TIMINGS message
[NX v23.2.1 Daemon Server] - 2026-09-26T05:37:17.692Z - [REQUEST]: Responding to the client. handleGetEstimatedTaskTimings
[NX v23.2.1 Daemon Server] - 2026-09-26T05:37:17.696Z - Done responding to the client handleGetEstimatedTaskTimings
[NX v23.2.1 Daemon Server] - 2026-09-26T05:37:17.696Z - Handled json message GET_ESTIMATED_TASK_TIMINGS. Handling time: 1. Response time: 4.
[NX v23.2.1 Daemon Client] - 2026-09-26T05:37:17.696Z - [Messenger] Received message, length: 63
[NX v23.2.1 Daemon Client] - 2026-09-26T05:37:17.705Z - [Messenger] Sending message type: OUTPUTS_HASHES_MATCH_BATCH
[NX v23.2.1 Daemon Client] - 2026-09-26T05:37:17.706Z - [Messenger] Message sent
[NX v23.2.1 Daemon Server] - 2026-09-26T05:37:17.709Z - Received raw message of length 300
[NX v23.2.1 Daemon Server] - 2026-09-26T05:37:17.709Z - Received json message of type OUTPUTS_HASHES_MATCH_BATCH
[NX v23.2.1 Daemon Server] - 2026-09-26T05:37:17.780Z - Serializing response for OUTPUTS_HASHES_MATCH_BATCH message in json mode
[NX v23.2.1 Daemon Server] - 2026-09-26T05:37:17.780Z - Responding to OUTPUTS_HASHES_MATCH_BATCH message
[NX v23.2.1 Daemon Server] - 2026-09-26T05:37:17.780Z - [REQUEST]: Responding to the client. outputsHashesMatchBatch
[NX v23.2.1 Daemon Server] - 2026-09-26T05:37:17.783Z - Done responding to the client outputsHashesMatchBatch
[NX v23.2.1 Daemon Server] - 2026-09-26T05:37:17.783Z - Handled json message OUTPUTS_HASHES_MATCH_BATCH. Handling time: 71. Response time: 3.
[NX v23.2.1 Daemon Client] - 2026-09-26T05:37:17.783Z - [Messenger] Received message, length: 16
[NX v23.2.1 Daemon Client] - 2026-09-26T05:37:17.790Z - [Messenger] Sending message type: RECORD_TASK_RUNS
[NX v23.2.1 Daemon Client] - 2026-09-26T05:37:17.791Z - [Messenger] Message sent
[NX v23.2.1 Daemon Server] - 2026-09-26T05:37:17.792Z - Received raw message of length 657
[NX v23.2.1 Daemon Server] - 2026-09-26T05:37:17.793Z - Received json message of type RECORD_TASK_RUNS
[NX v23.2.1 Daemon Server] - 2026-09-26T05:37:17.797Z - Serializing response for RECORD_TASK_RUNS message in json mode
[NX v23.2.1 Daemon Server] - 2026-09-26T05:37:17.797Z - Responding to RECORD_TASK_RUNS message
[NX v23.2.1 Daemon Server] - 2026-09-26T05:37:17.797Z - [REQUEST]: Responding to the client. handleRecordTaskRuns
[NX v23.2.1 Daemon Server] - 2026-09-26T05:37:17.797Z - Done responding to the client handleRecordTaskRuns
[NX v23.2.1 Daemon Server] - 2026-09-26T05:37:17.797Z - Handled json message RECORD_TASK_RUNS. Handling time: 4. Response time: 0.
[NX v23.2.1 Daemon Client] - 2026-09-26T05:37:17.798Z - [Messenger] Received message, length: 4
[NX v23.2.1 Daemon Client] - 2026-09-26T05:37:17.799Z - [Messenger] Sending message type: GET_FLAKY_TASKS
[NX v23.2.1 Daemon Client] - 2026-09-26T05:37:17.800Z - [Messenger] Message sent
[NX v23.2.1 Daemon Server] - 2026-09-26T05:37:17.802Z - Received raw message of length 171
[NX v23.2.1 Daemon Server] - 2026-09-26T05:37:17.803Z - Received json message of type GET_FLAKY_TASKS
[NX v23.2.1 Daemon Server] - 2026-09-26T05:37:17.803Z - Serializing response for GET_FLAKY_TASKS message in json mode
[NX v23.2.1 Daemon Server] - 2026-09-26T05:37:17.803Z - Responding to GET_FLAKY_TASKS message
[NX v23.2.1 Daemon Server] - 2026-09-26T05:37:17.803Z - [REQUEST]: Responding to the client. handleGetFlakyTasks
[NX v23.2.1 Daemon Server] - 2026-09-26T05:37:17.803Z - Done responding to the client handleGetFlakyTasks
[NX v23.2.1 Daemon Server] - 2026-09-26T05:37:17.804Z - Handled json message GET_FLAKY_TASKS. Handling time: 0. Response time: 1.
[NX v23.2.1 Daemon Client] - 2026-09-26T05:37:17.804Z - [Messenger] Received message, length: 2
[NX v23.2.1 Daemon Server] - 2026-09-26T05:37:17.806Z - Established a connection. Number of open connections: 2
[NX v23.2.1 Daemon Server] - 2026-09-26T05:37:17.806Z - Closed a connection. Number of open connections: 1
[NX v23.2.1 Daemon Client] - 2026-09-26T05:37:17.806Z - [Messenger] Sending message type: GET_CONFIGURE_AI_AGENTS_STATUS
[NX v23.2.1 Daemon Client] - 2026-09-26T05:37:17.807Z - [Messenger] Message sent
[NX v23.2.1 Daemon Server] - 2026-09-26T05:37:17.808Z - Received raw message of length 109
[NX v23.2.1 Daemon Server] - 2026-09-26T05:37:17.808Z - Received json message of type GET_CONFIGURE_AI_AGENTS_STATUS
[NX v23.2.1 Daemon Server] - 2026-09-26T05:37:17.808Z - [AI-AGENTS]: Returning cached agent configuration status
[NX v23.2.1 Daemon Server] - 2026-09-26T05:37:17.808Z - Serializing response for GET_CONFIGURE_AI_AGENTS_STATUS message in json mode
[NX v23.2.1 Daemon Server] - 2026-09-26T05:37:17.808Z - Responding to GET_CONFIGURE_AI_AGENTS_STATUS message
[NX v23.2.1 Daemon Server] - 2026-09-26T05:37:17.808Z - [REQUEST]: Responding to the client. handleGetConfigureAiAgentsStatus
[NX v23.2.1 Daemon Server] - 2026-09-26T05:37:17.808Z - Done responding to the client handleGetConfigureAiAgentsStatus
[NX v23.2.1 Daemon Server] - 2026-09-26T05:37:17.808Z - Handled json message GET_CONFIGURE_AI_AGENTS_STATUS. Handling time: 0. Response time: 0.
[NX v23.2.1 Daemon Client] - 2026-09-26T05:37:17.809Z - [Messenger] Received message, length: 104
[NX v23.2.1 Daemon Client] - 2026-09-26T05:37:17.814Z - [Messenger] Sending message type: POST_TASKS_EXECUTION
[NX v23.2.1 Daemon Client] - 2026-09-26T05:37:17.817Z - [Messenger] Message sent
[NX v23.2.1 Daemon Server] - 2026-09-26T05:37:17.818Z - Received raw message of length 88024
[NX v23.2.1 Daemon Server] - 2026-09-26T05:37:17.819Z - Received json message of type POST_TASKS_EXECUTION
[NX v23.2.1 Daemon Server] - 2026-09-26T05:37:17.820Z - Serializing response for POST_TASKS_EXECUTION message in json mode
[NX v23.2.1 Daemon Server] - 2026-09-26T05:37:17.820Z - Responding to POST_TASKS_EXECUTION message
[NX v23.2.1 Daemon Server] - 2026-09-26T05:37:17.820Z - [REQUEST]: Responding to the client. handleRunPostTasksExecution
[NX v23.2.1 Daemon Server] - 2026-09-26T05:37:17.820Z - Time taken for 'postTasksExecution' 0.6617000000042026ms
[NX v23.2.1 Daemon Server] - 2026-09-26T05:37:17.823Z - Done responding to the client handleRunPostTasksExecution
[NX v23.2.1 Daemon Server] - 2026-09-26T05:37:17.823Z - Handled json message POST_TASKS_EXECUTION. Handling time: 1. Response time: 3.
[NX v23.2.1 Daemon Client] - 2026-09-26T05:37:17.824Z - [Messenger] Received message, length: 4
[NX v23.2.1 Daemon Server] - 2026-09-26T05:37:17.836Z - Closed a connection. Number of open connections: 0
[NX v23.2.1 Daemon Server] - 2026-09-26T05:37:20.374Z - Established a connection. Number of open connections: 1
[NX v23.2.1 Daemon Server] - 2026-09-26T05:37:20.375Z - Closed a connection. Number of open connections: 0
[NX v23.2.1 Daemon Server] - 2026-09-26T05:37:20.378Z - Established a connection. Number of open connections: 1
[NX v23.2.1 Daemon Server] - 2026-09-26T05:37:20.379Z - Closed a connection. Number of open connections: 0
[NX v23.2.1 Daemon Server] - 2026-09-26T05:37:20.379Z - Established a connection. Number of open connections: 1
[NX v23.2.1 Daemon Client] - 2026-09-26T05:37:20.379Z - [Messenger] Setting up socket listeners
[NX v23.2.1 Daemon Client] - 2026-09-26T05:37:20.383Z - [Messenger] listen() complete
[NX v23.2.1 Daemon Client] - 2026-09-26T05:37:22.030Z - [Messenger] Sending message type: GET_NX_CONSOLE_STATUS
[NX v23.2.1 Daemon Client] - 2026-09-26T05:37:22.032Z - [Messenger] Message sent
[NX v23.2.1 Daemon Server] - 2026-09-26T05:37:22.036Z - Received raw message of length 6989
[NX v23.2.1 Daemon Server] - 2026-09-26T05:37:22.037Z - Received json message of type GET_NX_CONSOLE_STATUS
[NX v23.2.1 Daemon Server] - 2026-09-26T05:37:22.038Z - Serializing response for GET_NX_CONSOLE_STATUS message in json mode
[NX v23.2.1 Daemon Server] - 2026-09-26T05:37:22.038Z - Responding to GET_NX_CONSOLE_STATUS message
[NX v23.2.1 Daemon Server] - 2026-09-26T05:37:22.038Z - [REQUEST]: Responding to the client. handleGetNxConsoleStatus
[NX v23.2.1 Daemon Server] - 2026-09-26T05:37:22.038Z - Done responding to the client handleGetNxConsoleStatus
[NX v23.2.1 Daemon Server] - 2026-09-26T05:37:22.038Z - Handled json message GET_NX_CONSOLE_STATUS. Handling time: 0. Response time: 0.
[NX v23.2.1 Daemon Client] - 2026-09-26T05:37:22.039Z - [Messenger] Received message, length: 22
[NX v23.2.1 Daemon Client] - 2026-09-26T05:37:22.522Z - [Messenger] Sending message type: REQUEST_PROJECT_GRAPH
[NX v23.2.1 Daemon Client] - 2026-09-26T05:37:22.524Z - [Messenger] Message sent
[NX v23.2.1 Daemon Server] - 2026-09-26T05:37:22.528Z - Received raw message of length 100
[NX v23.2.1 Daemon Server] - 2026-09-26T05:37:22.528Z - Received json message of type REQUEST_PROJECT_GRAPH
[NX v23.2.1 Daemon Server] - 2026-09-26T05:37:22.528Z - [REQUEST]: Client Request for Project Graph Received
DEBUG nx::native::watch::watcher: force-flush END count=0 replies=1 elapsed=15.5086ms
[NX v23.2.1 Daemon Server] - 2026-09-26T05:37:22.545Z - Reusing in-memory cached project graph because no files changed.
[NX v23.2.1 Daemon Server] - 2026-09-26T05:37:22.545Z - Serializing response for REQUEST_PROJECT_GRAPH message in json mode
[NX v23.2.1 Daemon Server] - 2026-09-26T05:37:22.545Z - Responding to REQUEST_PROJECT_GRAPH message
[NX v23.2.1 Daemon Server] - 2026-09-26T05:37:22.545Z - [REQUEST]: Responding to the client. project-graph
[NX v23.2.1 Daemon Server] - 2026-09-26T05:37:22.549Z - Time taken for 'total for creating and serializing project graph' 16.691300000005867ms
[NX v23.2.1 Daemon Server] - 2026-09-26T05:37:22.550Z - Done responding to the client project-graph
[NX v23.2.1 Daemon Server] - 2026-09-26T05:37:22.551Z - Handled json message REQUEST_PROJECT_GRAPH. Handling time: 17. Response time: 6.
[NX v23.2.1 Daemon Client] - 2026-09-26T05:37:22.550Z - [Messenger] Received message, length: 549526
[NX v23.2.1 Daemon Client] - 2026-09-26T05:37:22.558Z - [Messenger] Sending message type: PRE_TASKS_EXECUTION
[NX v23.2.1 Daemon Client] - 2026-09-26T05:37:22.560Z - [Messenger] Message sent
[NX v23.2.1 Daemon Server] - 2026-09-26T05:37:22.563Z - Received raw message of length 1002
[NX v23.2.1 Daemon Server] - 2026-09-26T05:37:22.563Z - Received json message of type PRE_TASKS_EXECUTION
[NX v23.2.1 Daemon Server] - 2026-09-26T05:37:22.564Z - Serializing response for PRE_TASKS_EXECUTION message in json mode
[NX v23.2.1 Daemon Server] - 2026-09-26T05:37:22.564Z - Responding to PRE_TASKS_EXECUTION message
[NX v23.2.1 Daemon Server] - 2026-09-26T05:37:22.564Z - [REQUEST]: Responding to the client. handleRunPreTasksExecution
[NX v23.2.1 Daemon Server] - 2026-09-26T05:37:22.565Z - Time taken for 'preTasksExecution' 0.7954999999928987ms
[NX v23.2.1 Daemon Server] - 2026-09-26T05:37:22.565Z - Done responding to the client handleRunPreTasksExecution
[NX v23.2.1 Daemon Server] - 2026-09-26T05:37:22.565Z - Handled json message PRE_TASKS_EXECUTION. Handling time: 1. Response time: 1.
[NX v23.2.1 Daemon Client] - 2026-09-26T05:37:22.564Z - [Messenger] Received message, length: 2
[NX v23.2.1 Daemon Client] - 2026-09-26T05:37:23.065Z - [Messenger] Sending message type: HASH_TASKS
[NX v23.2.1 Daemon Client] - 2026-09-26T05:37:23.066Z - [Messenger] Message sent
[NX v23.2.1 Daemon Server] - 2026-09-26T05:37:23.073Z - Received raw message of length 20827
[NX v23.2.1 Daemon Server] - 2026-09-26T05:37:23.073Z - Received json message of type HASH_TASKS
DEBUG nx::native::watch::watcher: force-flush END count=0 replies=1 elapsed=21.5069ms
[NX v23.2.1 Daemon Server] - 2026-09-26T05:37:23.095Z - Reusing in-memory cached project graph because no files changed.
DEBUG nx::native::tasks::hash_planner: get_plans_internal COMPLETED in 219.2µs - processed 2 tasks (setup: 14.7µs, parallel_planning: 197.4µs, pool: 1200 unique instructions)
DEBUG nx::native::tasks::task_hasher: hash_plans COMPLETED in 1.7438ms - processed 2 plans (setup: 412.8µs, hashing: 1.3152ms, assembly: 67.1µs)
[NX v23.2.1 Daemon Server] - 2026-09-26T05:37:23.099Z - Serializing response for HASH_TASKS message in json mode
[NX v23.2.1 Daemon Server] - 2026-09-26T05:37:23.099Z - Responding to HASH_TASKS message
[NX v23.2.1 Daemon Server] - 2026-09-26T05:37:23.100Z - [REQUEST]: Responding to the client. handleHashTasks
[NX v23.2.1 Daemon Server] - 2026-09-26T05:37:23.103Z - Done responding to the client handleHashTasks
[NX v23.2.1 Daemon Server] - 2026-09-26T05:37:23.103Z - Handled json message HASH_TASKS. Handling time: 26. Response time: 4.
[NX v23.2.1 Daemon Client] - 2026-09-26T05:37:23.103Z - [Messenger] Received message, length: 1326
[NX v23.2.1 Daemon Client] - 2026-09-26T05:37:23.143Z - [Messenger] Sending message type: GET_ESTIMATED_TASK_TIMINGS
[NX v23.2.1 Daemon Client] - 2026-09-26T05:37:23.144Z - [Messenger] Message sent
[NX v23.2.1 Daemon Server] - 2026-09-26T05:37:23.169Z - Received raw message of length 206
[NX v23.2.1 Daemon Server] - 2026-09-26T05:37:23.169Z - Received json message of type GET_ESTIMATED_TASK_TIMINGS
[NX v23.2.1 Daemon Server] - 2026-09-26T05:37:23.170Z - Serializing response for GET_ESTIMATED_TASK_TIMINGS message in json mode
[NX v23.2.1 Daemon Server] - 2026-09-26T05:37:23.170Z - Responding to GET_ESTIMATED_TASK_TIMINGS message
[NX v23.2.1 Daemon Server] - 2026-09-26T05:37:23.170Z - [REQUEST]: Responding to the client. handleGetEstimatedTaskTimings
[NX v23.2.1 Daemon Server] - 2026-09-26T05:37:23.170Z - Done responding to the client handleGetEstimatedTaskTimings
[NX v23.2.1 Daemon Server] - 2026-09-26T05:37:23.170Z - Handled json message GET_ESTIMATED_TASK_TIMINGS. Handling time: 1. Response time: 0.
[NX v23.2.1 Daemon Client] - 2026-09-26T05:37:23.170Z - [Messenger] Received message, length: 2
[NX v23.2.1 Daemon Client] - 2026-09-26T05:37:31.203Z - [Messenger] Sending message type: RECORD_TASK_RUNS
[NX v23.2.1 Daemon Client] - 2026-09-26T05:37:31.204Z - [Messenger] Message sent
[NX v23.2.1 Daemon Server] - 2026-09-26T05:37:31.206Z - Received raw message of length 452
[NX v23.2.1 Daemon Server] - 2026-09-26T05:37:31.206Z - Received json message of type RECORD_TASK_RUNS
[NX v23.2.1 Daemon Server] - 2026-09-26T05:37:31.208Z - Serializing response for RECORD_TASK_RUNS message in json mode
[NX v23.2.1 Daemon Server] - 2026-09-26T05:37:31.208Z - Responding to RECORD_TASK_RUNS message
[NX v23.2.1 Daemon Server] - 2026-09-26T05:37:31.208Z - [REQUEST]: Responding to the client. handleRecordTaskRuns
[NX v23.2.1 Daemon Server] - 2026-09-26T05:37:31.208Z - Done responding to the client handleRecordTaskRuns
[NX v23.2.1 Daemon Server] - 2026-09-26T05:37:31.208Z - Handled json message RECORD_TASK_RUNS. Handling time: 2. Response time: 0.
[NX v23.2.1 Daemon Client] - 2026-09-26T05:37:31.208Z - [Messenger] Received message, length: 4
[NX v23.2.1 Daemon Client] - 2026-09-26T05:37:31.210Z - [Messenger] Sending message type: GET_FLAKY_TASKS
[NX v23.2.1 Daemon Client] - 2026-09-26T05:37:31.211Z - [Messenger] Message sent
[NX v23.2.1 Daemon Server] - 2026-09-26T05:37:31.213Z - Received raw message of length 150
[NX v23.2.1 Daemon Server] - 2026-09-26T05:37:31.213Z - Received json message of type GET_FLAKY_TASKS
[NX v23.2.1 Daemon Server] - 2026-09-26T05:37:31.214Z - Serializing response for GET_FLAKY_TASKS message in json mode
[NX v23.2.1 Daemon Server] - 2026-09-26T05:37:31.214Z - Responding to GET_FLAKY_TASKS message
[NX v23.2.1 Daemon Server] - 2026-09-26T05:37:31.214Z - [REQUEST]: Responding to the client. handleGetFlakyTasks
[NX v23.2.1 Daemon Server] - 2026-09-26T05:37:31.214Z - Done responding to the client handleGetFlakyTasks
[NX v23.2.1 Daemon Server] - 2026-09-26T05:37:31.214Z - Handled json message GET_FLAKY_TASKS. Handling time: 1. Response time: 0.
[NX v23.2.1 Daemon Client] - 2026-09-26T05:37:31.214Z - [Messenger] Received message, length: 2
[NX v23.2.1 Daemon Server] - 2026-09-26T05:37:31.217Z - Established a connection. Number of open connections: 2
[NX v23.2.1 Daemon Server] - 2026-09-26T05:37:31.218Z - Closed a connection. Number of open connections: 1
[NX v23.2.1 Daemon Client] - 2026-09-26T05:37:31.217Z - [Messenger] Sending message type: GET_CONFIGURE_AI_AGENTS_STATUS
[NX v23.2.1 Daemon Client] - 2026-09-26T05:37:31.218Z - [Messenger] Message sent
[NX v23.2.1 Daemon Server] - 2026-09-26T05:37:31.223Z - Received raw message of length 109
[NX v23.2.1 Daemon Server] - 2026-09-26T05:37:31.223Z - Received json message of type GET_CONFIGURE_AI_AGENTS_STATUS
[NX v23.2.1 Daemon Server] - 2026-09-26T05:37:31.223Z - [AI-AGENTS]: Returning cached agent configuration status
[NX v23.2.1 Daemon Server] - 2026-09-26T05:37:31.223Z - Serializing response for GET_CONFIGURE_AI_AGENTS_STATUS message in json mode
[NX v23.2.1 Daemon Server] - 2026-09-26T05:37:31.223Z - Responding to GET_CONFIGURE_AI_AGENTS_STATUS message
[NX v23.2.1 Daemon Server] - 2026-09-26T05:37:31.223Z - [REQUEST]: Responding to the client. handleGetConfigureAiAgentsStatus
[NX v23.2.1 Daemon Server] - 2026-09-26T05:37:31.223Z - Done responding to the client handleGetConfigureAiAgentsStatus
[NX v23.2.1 Daemon Server] - 2026-09-26T05:37:31.223Z - Handled json message GET_CONFIGURE_AI_AGENTS_STATUS. Handling time: 0. Response time: 0.
[NX v23.2.1 Daemon Client] - 2026-09-26T05:37:31.223Z - [Messenger] Received message, length: 104
[NX v23.2.1 Daemon Client] - 2026-09-26T05:37:31.231Z - [Messenger] Sending message type: POST_TASKS_EXECUTION
[NX v23.2.1 Daemon Client] - 2026-09-26T05:37:31.232Z - [Messenger] Message sent
[NX v23.2.1 Daemon Server] - 2026-09-26T05:37:31.235Z - Received raw message of length 3177
[NX v23.2.1 Daemon Server] - 2026-09-26T05:37:31.235Z - Received json message of type POST_TASKS_EXECUTION
[NX v23.2.1 Daemon Server] - 2026-09-26T05:37:31.236Z - Serializing response for POST_TASKS_EXECUTION message in json mode
[NX v23.2.1 Daemon Server] - 2026-09-26T05:37:31.237Z - Responding to POST_TASKS_EXECUTION message
[NX v23.2.1 Daemon Server] - 2026-09-26T05:37:31.237Z - [REQUEST]: Responding to the client. handleRunPostTasksExecution
[NX v23.2.1 Daemon Server] - 2026-09-26T05:37:31.237Z - Time taken for 'postTasksExecution' 0.8432000000029802ms
[NX v23.2.1 Daemon Server] - 2026-09-26T05:37:31.237Z - Done responding to the client handleRunPostTasksExecution
[NX v23.2.1 Daemon Server] - 2026-09-26T05:37:31.237Z - Handled json message POST_TASKS_EXECUTION. Handling time: 1. Response time: 1.
[NX v23.2.1 Daemon Client] - 2026-09-26T05:37:31.237Z - [Messenger] Received message, length: 4
[NX v23.2.1 Daemon Server] - 2026-09-26T05:37:31.256Z - Closed a connection. Number of open connections: 0
[NX v23.2.1 Daemon Server] - 2026-09-26T05:37:33.900Z - Established a connection. Number of open connections: 1
[NX v23.2.1 Daemon Server] - 2026-09-26T05:37:33.904Z - Closed a connection. Number of open connections: 0
[NX v23.2.1 Daemon Server] - 2026-09-26T05:37:33.904Z - Established a connection. Number of open connections: 1
[NX v23.2.1 Daemon Server] - 2026-09-26T05:37:33.904Z - Closed a connection. Number of open connections: 0
[NX v23.2.1 Daemon Server] - 2026-09-26T05:37:33.905Z - Established a connection. Number of open connections: 1
[NX v23.2.1 Daemon Client] - 2026-09-26T05:37:33.904Z - [Messenger] Setting up socket listeners
[NX v23.2.1 Daemon Client] - 2026-09-26T05:37:33.908Z - [Messenger] listen() complete
[NX v23.2.1 Daemon Client] - 2026-09-26T05:37:35.427Z - [Messenger] Sending message type: GET_NX_CONSOLE_STATUS
[NX v23.2.1 Daemon Client] - 2026-09-26T05:37:35.430Z - [Messenger] Message sent
[NX v23.2.1 Daemon Server] - 2026-09-26T05:37:35.434Z - Received raw message of length 6989
[NX v23.2.1 Daemon Server] - 2026-09-26T05:37:35.434Z - Received json message of type GET_NX_CONSOLE_STATUS
[NX v23.2.1 Daemon Server] - 2026-09-26T05:37:35.437Z - Serializing response for GET_NX_CONSOLE_STATUS message in json mode
[NX v23.2.1 Daemon Server] - 2026-09-26T05:37:35.437Z - Responding to GET_NX_CONSOLE_STATUS message
[NX v23.2.1 Daemon Server] - 2026-09-26T05:37:35.437Z - [REQUEST]: Responding to the client. handleGetNxConsoleStatus
[NX v23.2.1 Daemon Server] - 2026-09-26T05:37:35.437Z - Done responding to the client handleGetNxConsoleStatus
[NX v23.2.1 Daemon Server] - 2026-09-26T05:37:35.437Z - Handled json message GET_NX_CONSOLE_STATUS. Handling time: 0. Response time: 0.
[NX v23.2.1 Daemon Client] - 2026-09-26T05:37:35.438Z - [Messenger] Received message, length: 22
[NX v23.2.1 Daemon Client] - 2026-09-26T05:37:35.865Z - [Messenger] Sending message type: REQUEST_PROJECT_GRAPH
[NX v23.2.1 Daemon Client] - 2026-09-26T05:37:35.867Z - [Messenger] Message sent
[NX v23.2.1 Daemon Server] - 2026-09-26T05:37:35.870Z - Received raw message of length 100
[NX v23.2.1 Daemon Server] - 2026-09-26T05:37:35.870Z - Received json message of type REQUEST_PROJECT_GRAPH
[NX v23.2.1 Daemon Server] - 2026-09-26T05:37:35.870Z - [REQUEST]: Client Request for Project Graph Received
DEBUG nx::native::watch::watcher: force-flush END count=0 replies=1 elapsed=12.6385ms
[NX v23.2.1 Daemon Server] - 2026-09-26T05:37:35.884Z - Reusing in-memory cached project graph because no files changed.
[NX v23.2.1 Daemon Server] - 2026-09-26T05:37:35.884Z - Serializing response for REQUEST_PROJECT_GRAPH message in json mode
[NX v23.2.1 Daemon Server] - 2026-09-26T05:37:35.885Z - Responding to REQUEST_PROJECT_GRAPH message
[NX v23.2.1 Daemon Server] - 2026-09-26T05:37:35.885Z - [REQUEST]: Responding to the client. project-graph
[NX v23.2.1 Daemon Server] - 2026-09-26T05:37:35.885Z - Time taken for 'total for creating and serializing project graph' 14.083199999993667ms
[NX v23.2.1 Daemon Server] - 2026-09-26T05:37:35.886Z - Done responding to the client project-graph
[NX v23.2.1 Daemon Server] - 2026-09-26T05:37:35.886Z - Handled json message REQUEST_PROJECT_GRAPH. Handling time: 14. Response time: 2.
[NX v23.2.1 Daemon Client] - 2026-09-26T05:37:35.886Z - [Messenger] Received message, length: 549526
[NX v23.2.1 Daemon Client] - 2026-09-26T05:37:35.896Z - [Messenger] Sending message type: PRE_TASKS_EXECUTION
[NX v23.2.1 Daemon Client] - 2026-09-26T05:37:35.897Z - [Messenger] Message sent
[NX v23.2.1 Daemon Server] - 2026-09-26T05:37:35.901Z - Received raw message of length 999
[NX v23.2.1 Daemon Server] - 2026-09-26T05:37:35.901Z - Received json message of type PRE_TASKS_EXECUTION
[NX v23.2.1 Daemon Server] - 2026-09-26T05:37:35.902Z - Serializing response for PRE_TASKS_EXECUTION message in json mode
[NX v23.2.1 Daemon Server] - 2026-09-26T05:37:35.902Z - Responding to PRE_TASKS_EXECUTION message
[NX v23.2.1 Daemon Server] - 2026-09-26T05:37:35.902Z - [REQUEST]: Responding to the client. handleRunPreTasksExecution
[NX v23.2.1 Daemon Server] - 2026-09-26T05:37:35.902Z - Time taken for 'preTasksExecution' 0.9200000000128057ms
[NX v23.2.1 Daemon Server] - 2026-09-26T05:37:35.903Z - Done responding to the client handleRunPreTasksExecution
[NX v23.2.1 Daemon Server] - 2026-09-26T05:37:35.903Z - Handled json message PRE_TASKS_EXECUTION. Handling time: 1. Response time: 1.
[NX v23.2.1 Daemon Client] - 2026-09-26T05:37:35.902Z - [Messenger] Received message, length: 2
[NX v23.2.1 Daemon Client] - 2026-09-26T05:37:36.406Z - [Messenger] Sending message type: HASH_TASKS
[NX v23.2.1 Daemon Client] - 2026-09-26T05:37:36.408Z - [Messenger] Message sent
[NX v23.2.1 Daemon Server] - 2026-09-26T05:37:36.414Z - Received raw message of length 20768
[NX v23.2.1 Daemon Server] - 2026-09-26T05:37:36.415Z - Received json message of type HASH_TASKS
DEBUG nx::native::watch::watcher: force-flush END count=0 replies=1 elapsed=12.6027ms
[NX v23.2.1 Daemon Server] - 2026-09-26T05:37:36.430Z - Reusing in-memory cached project graph because no files changed.
DEBUG nx::native::tasks::hash_planner: get_plans_internal COMPLETED in 2.1144ms - processed 2 tasks (setup: 14.3µs, parallel_planning: 2.0959ms, pool: 1200 unique instructions)
DEBUG nx::native::tasks::task_hasher: hash_plans COMPLETED in 9.1148ms - processed 2 plans (setup: 354.2µs, hashing: 8.7564ms, assembly: 4.8761ms)
[NX v23.2.1 Daemon Server] - 2026-09-26T05:37:36.446Z - Serializing response for HASH_TASKS message in json mode
[NX v23.2.1 Daemon Server] - 2026-09-26T05:37:36.447Z - Responding to HASH_TASKS message
[NX v23.2.1 Daemon Server] - 2026-09-26T05:37:36.447Z - [REQUEST]: Responding to the client. handleHashTasks
[NX v23.2.1 Daemon Server] - 2026-09-26T05:37:36.451Z - Done responding to the client handleHashTasks
[NX v23.2.1 Daemon Server] - 2026-09-26T05:37:36.451Z - Handled json message HASH_TASKS. Handling time: 31. Response time: 5.
[NX v23.2.1 Daemon Client] - 2026-09-26T05:37:36.450Z - [Messenger] Received message, length: 71547
[NX v23.2.1 Daemon Client] - 2026-09-26T05:37:36.486Z - [Messenger] Sending message type: GET_ESTIMATED_TASK_TIMINGS
[NX v23.2.1 Daemon Client] - 2026-09-26T05:37:36.487Z - [Messenger] Message sent
[NX v23.2.1 Daemon Server] - 2026-09-26T05:37:36.511Z - Received raw message of length 200
[NX v23.2.1 Daemon Server] - 2026-09-26T05:37:36.511Z - Received json message of type GET_ESTIMATED_TASK_TIMINGS
[NX v23.2.1 Daemon Server] - 2026-09-26T05:37:36.511Z - Serializing response for GET_ESTIMATED_TASK_TIMINGS message in json mode
[NX v23.2.1 Daemon Server] - 2026-09-26T05:37:36.512Z - Responding to GET_ESTIMATED_TASK_TIMINGS message
[NX v23.2.1 Daemon Server] - 2026-09-26T05:37:36.512Z - [REQUEST]: Responding to the client. handleGetEstimatedTaskTimings
[NX v23.2.1 Daemon Server] - 2026-09-26T05:37:36.512Z - Done responding to the client handleGetEstimatedTaskTimings
[NX v23.2.1 Daemon Server] - 2026-09-26T05:37:36.512Z - Handled json message GET_ESTIMATED_TASK_TIMINGS. Handling time: 0. Response time: 1.
[NX v23.2.1 Daemon Client] - 2026-09-26T05:37:36.511Z - [Messenger] Received message, length: 2
DEBUG nx::native::watch::watcher: idle-window emitting events count=1
DEBUG nx::native::watch::watcher:   [update] apps/frontend/.angular/cache/21.2.17/frontend/.tsbuildinfo
[NX v23.2.1 Daemon Server] - 2026-09-26T05:37:45.952Z - [WATCHER]: Processing file changes in outputs
DEBUG nx::native::watch::watcher: idle-window emitting events count=1
DEBUG nx::native::watch::watcher:   [update] apps/frontend/.angular/cache/21.2.17/frontend/vitest/da39a3ee5e6b4b0d3255bfef95601890afd80709/results.json
[NX v23.2.1 Daemon Server] - 2026-09-26T05:37:51.947Z - [WATCHER]: Processing file changes in outputs
[NX v23.2.1 Daemon Client] - 2026-09-26T05:37:52.156Z - [Messenger] Sending message type: RECORD_TASK_RUNS
[NX v23.2.1 Daemon Client] - 2026-09-26T05:37:52.158Z - [Messenger] Message sent
[NX v23.2.1 Daemon Server] - 2026-09-26T05:37:52.161Z - Received raw message of length 446
[NX v23.2.1 Daemon Server] - 2026-09-26T05:37:52.161Z - Received json message of type RECORD_TASK_RUNS
[NX v23.2.1 Daemon Server] - 2026-09-26T05:37:52.163Z - Serializing response for RECORD_TASK_RUNS message in json mode
[NX v23.2.1 Daemon Server] - 2026-09-26T05:37:52.164Z - Responding to RECORD_TASK_RUNS message
[NX v23.2.1 Daemon Server] - 2026-09-26T05:37:52.164Z - [REQUEST]: Responding to the client. handleRecordTaskRuns
[NX v23.2.1 Daemon Server] - 2026-09-26T05:37:52.164Z - Done responding to the client handleRecordTaskRuns
[NX v23.2.1 Daemon Server] - 2026-09-26T05:37:52.164Z - Handled json message RECORD_TASK_RUNS. Handling time: 2. Response time: 1.
[NX v23.2.1 Daemon Client] - 2026-09-26T05:37:52.163Z - [Messenger] Received message, length: 4
[NX v23.2.1 Daemon Server] - 2026-09-26T05:37:52.167Z - Established a connection. Number of open connections: 2
[NX v23.2.1 Daemon Server] - 2026-09-26T05:37:52.168Z - Closed a connection. Number of open connections: 1
[NX v23.2.1 Daemon Client] - 2026-09-26T05:37:52.167Z - [Messenger] Sending message type: GET_CONFIGURE_AI_AGENTS_STATUS
[NX v23.2.1 Daemon Client] - 2026-09-26T05:37:52.169Z - [Messenger] Message sent
[NX v23.2.1 Daemon Server] - 2026-09-26T05:37:52.171Z - Received raw message of length 109
[NX v23.2.1 Daemon Server] - 2026-09-26T05:37:52.171Z - Received json message of type GET_CONFIGURE_AI_AGENTS_STATUS
[NX v23.2.1 Daemon Server] - 2026-09-26T05:37:52.171Z - [AI-AGENTS]: Returning cached agent configuration status
[NX v23.2.1 Daemon Server] - 2026-09-26T05:37:52.171Z - Serializing response for GET_CONFIGURE_AI_AGENTS_STATUS message in json mode
[NX v23.2.1 Daemon Server] - 2026-09-26T05:37:52.171Z - Responding to GET_CONFIGURE_AI_AGENTS_STATUS message
[NX v23.2.1 Daemon Server] - 2026-09-26T05:37:52.171Z - [REQUEST]: Responding to the client. handleGetConfigureAiAgentsStatus
[NX v23.2.1 Daemon Server] - 2026-09-26T05:37:52.175Z - Done responding to the client handleGetConfigureAiAgentsStatus
[NX v23.2.1 Daemon Server] - 2026-09-26T05:37:52.176Z - Handled json message GET_CONFIGURE_AI_AGENTS_STATUS. Handling time: 0. Response time: 5.
[NX v23.2.1 Daemon Client] - 2026-09-26T05:37:52.175Z - [Messenger] Received message, length: 104
[NX v23.2.1 Daemon Client] - 2026-09-26T05:37:52.184Z - [Messenger] Sending message type: POST_TASKS_EXECUTION
[NX v23.2.1 Daemon Client] - 2026-09-26T05:37:52.187Z - [Messenger] Message sent
[NX v23.2.1 Daemon Server] - 2026-09-26T05:37:52.189Z - Received raw message of length 77414
[NX v23.2.1 Daemon Server] - 2026-09-26T05:37:52.191Z - Received json message of type POST_TASKS_EXECUTION
[NX v23.2.1 Daemon Server] - 2026-09-26T05:37:52.192Z - Serializing response for POST_TASKS_EXECUTION message in json mode
[NX v23.2.1 Daemon Server] - 2026-09-26T05:37:52.192Z - Responding to POST_TASKS_EXECUTION message
[NX v23.2.1 Daemon Server] - 2026-09-26T05:37:52.193Z - [REQUEST]: Responding to the client. handleRunPostTasksExecution
[NX v23.2.1 Daemon Server] - 2026-09-26T05:37:52.193Z - Time taken for 'postTasksExecution' 1.0935000000026776ms
[NX v23.2.1 Daemon Server] - 2026-09-26T05:37:52.197Z - Done responding to the client handleRunPostTasksExecution
[NX v23.2.1 Daemon Server] - 2026-09-26T05:37:52.197Z - Handled json message POST_TASKS_EXECUTION. Handling time: 1. Response time: 5.
[NX v23.2.1 Daemon Client] - 2026-09-26T05:37:52.197Z - [Messenger] Received message, length: 4
[NX v23.2.1 Daemon Server] - 2026-09-26T05:37:52.219Z - Closed a connection. Number of open connections: 0
DEBUG nx::native::watch::watcher: idle-window emitting events count=1
DEBUG nx::native::watch::watcher:   [update] .gitignore
DEBUG nx::native::watch::watcher: idle-window emitting events count=1
DEBUG nx::native::watch::watcher:   [update] .gitignore
[NX v23.2.1 Daemon Server] - 2026-09-26T05:37:52.409Z - [WATCHER]: Processing file changes in outputs
[NX v23.2.1 Daemon Server] - 2026-09-26T05:37:52.410Z - [WATCHER]: .gitignore was modified
[NX v23.2.1 Daemon Server] - 2026-09-26T05:37:52.411Z - [WATCHER]: [watcher] routeWorkspaceChanges batch: 1 events: update:.gitignore
[NX v23.2.1 Daemon Server] - 2026-09-26T05:37:52.411Z - [WATCHER]: File changes detected:
Created:
(none)
Updated:
  - .gitignore
Deleted:
(none)
[NX v23.2.1 Daemon Server] - 2026-09-26T05:37:52.414Z - [SYNC]: clearing sync generators cache due to file changes
[NX v23.2.1 Daemon Server] - 2026-09-26T05:37:52.416Z - [REQUEST]: Updated workspace context based on watched changes, recomputing project graph...
[NX v23.2.1 Daemon Server] - 2026-09-26T05:37:52.417Z - [REQUEST]: .gitignore
[NX v23.2.1 Daemon Server] - 2026-09-26T05:37:52.417Z - [REQUEST]: 
DEBUG nx::native::watch::watcher: watching stopped origin=C:\Users\Gerar\Downloads\Proyectos\bibliohub
[plugin-client] restarting worker for "nx/js/dependencies-and-lockfile"
[isolated-plugin] spawned worker for "nx/js/dependencies-and-lockfile" (pid: 28056, socket: \\.\pipe\nx\C:\Users\Gerar\AppData\Local\Temp\cc131f79\p26752-9-dd71600a.sock)
[plugin-client] restarting worker for "nx/core/package-json"
[isolated-plugin] spawned worker for "nx/core/package-json" (pid: 34596, socket: \\.\pipe\nx\C:\Users\Gerar\AppData\Local\Temp\cc131f79\p26752-a-118ce939.sock)
[plugin-client] restarting worker for "nx/core/project-json"
[isolated-plugin] spawned worker for "nx/core/project-json" (pid: 480, socket: \\.\pipe\nx\C:\Users\Gerar\AppData\Local\Temp\cc131f79\p26752-b-03d5ff1f.sock)
[NX v23.2.1 Daemon Server] - 2026-09-26T05:37:52.551Z - Time taken for 'hash changed files from watcher' 1.9222000000008848ms
[NX v23.2.1 Daemon Server] - 2026-09-26T05:37:52.556Z - [WATCHER]: Stopping the watcher for C:\Users\Gerar\Downloads\Proyectos\bibliohub (sources)
DEBUG nx::native::watch::watcher: watching stopped origin=C:\Users\Gerar\Downloads\Proyectos\bibliohub
[NX v23.2.1 Daemon Server] - 2026-09-26T05:37:52.556Z - [WATCHER]: Stopping the watcher for C:\Users\Gerar\Downloads\Proyectos\bibliohub (outputs)
[NX v23.2.1 Daemon Server] - 2026-09-26T05:37:52.558Z - [LATEST-NX]: Cleaning up latest Nx installation from C:\Users\Gerar\AppData\Local\Temp\tmp-26752-VSHSMyMdCB9V
[NX v23.2.1 Daemon Server] - 2026-09-26T05:37:52.559Z - Server stopped because: "Stopping the daemon the set of ignored files changed (native)"
[NX v23.2.1 Daemon Client] - 2026-09-26T05:37:55.613Z - [Client] Starting new daemon server in background
[NX v23.2.1 Daemon Client] - 2026-09-26T05:37:55.645Z - [Client] Waiting for server (max: 6000 attempts, 10ms interval)
DEBUG nx::native::watch::watcher: watching started origin=C:\Users\Gerar\Downloads\Proyectos\bibliohub
[NX v23.2.1 Daemon Server] - 2026-09-26T05:37:57.041Z - [WATCHER]: Subscribed to changes within: C:\Users\Gerar\Downloads\Proyectos\bibliohub (native)
[NX v23.2.1 Daemon Server] - 2026-09-26T05:37:57.071Z - New daemon starting from: C:\Users\Gerar\Downloads\Proyectos\bibliohub\node_modules\.pnpm\nx@23.2.1\node_modules\nx\dist\src\daemon\server\server.js
[NX v23.2.1 Daemon Server] - 2026-09-26T05:37:57.071Z - New daemon __dirname: C:\Users\Gerar\Downloads\Proyectos\bibliohub\node_modules\.pnpm\nx@23.2.1\node_modules\nx\dist\src\daemon\server
[NX v23.2.1 Daemon Server] - 2026-09-26T05:37:57.071Z - New daemon nxVersion: 23.2.1
[NX v23.2.1 Daemon Server] - 2026-09-26T05:37:57.082Z - New daemon getInstalledNxVersion(): 23.2.1
[NX v23.2.1 Daemon Server] - 2026-09-26T05:37:57.087Z - Time taken for 'workspace context init' 1.3468000000000302ms
[NX v23.2.1 Daemon Server] - 2026-09-26T05:37:57.090Z - [Server] Starting outdated check interval (20ms)
[NX v23.2.1 Daemon Server] - 2026-09-26T05:37:57.095Z - Started listening on: \\.\pipe\nx\C:\Users\Gerar\AppData\Local\Temp\9e1d642a505916c5e471\d.sock
[NX v23.2.1 Daemon Client] - 2026-09-26T05:37:57.123Z - [Client] Server available
[NX v23.2.1 Daemon Client] - 2026-09-26T05:37:57.125Z - [Client] Daemon server started, pid=32620
[NX v23.2.1 Daemon Client] - 2026-09-26T05:37:57.127Z - [Messenger] Setting up socket listeners
[NX v23.2.1 Daemon Client] - 2026-09-26T05:37:57.128Z - [Messenger] listen() complete
DEBUG nx::native::watch::watcher: watching started origin=C:\Users\Gerar\Downloads\Proyectos\bibliohub
[NX v23.2.1 Daemon Server] - 2026-09-26T05:37:57.369Z - [LATEST-NX]: Pulling latest Nx...
[NX v23.2.1 Daemon Server] - 2026-09-26T05:37:57.457Z - [AI-AGENTS]: Starting agent configuration status computation
[isolated-plugin] spawned worker for "C:\Users\Gerar\Downloads\Proyectos\bibliohub\node_modules\.pnpm\nx@23.2.1\node_modules\nx\dist\src\plugins\js" (pid: 29756, socket: \\.\pipe\nx\C:\Users\Gerar\AppData\Local\Temp\cc131f79\p32620-0-7b2a2af2.sock)
[isolated-plugin] spawned worker for "C:\Users\Gerar\Downloads\Proyectos\bibliohub\node_modules\.pnpm\nx@23.2.1\node_modules\nx\dist\src\plugins\package-json" (pid: 19712, socket: \\.\pipe\nx\C:\Users\Gerar\AppData\Local\Temp\cc131f79\p32620-1-e38dd613.sock)
[isolated-plugin] spawned worker for "C:\Users\Gerar\Downloads\Proyectos\bibliohub\node_modules\.pnpm\nx@23.2.1\node_modules\nx\dist\src\plugins\project-json\build-nodes\project-json" (pid: 27596, socket: \\.\pipe\nx\C:\Users\Gerar\AppData\Local\Temp\cc131f79\p32620-2-84a935e2.sock)
[NX v23.2.1 Daemon Server] - 2026-09-26T05:37:57.591Z - Time taken for 'hash changed files from watcher' 0.04549999999994725ms
[NX v23.2.1 Daemon Server] - 2026-09-26T05:37:57.591Z - Time taken for 'loadSpecifiedNxPlugins' 221.40409999999997ms
[NX v23.2.1 Daemon Server] - 2026-09-26T05:37:57.600Z - Established a connection. Number of open connections: 1
[NX v23.2.1 Daemon Server] - 2026-09-26T05:37:57.601Z - Established a connection. Number of open connections: 2
[NX v23.2.1 Daemon Server] - 2026-09-26T05:37:57.603Z - Closed a connection. Number of open connections: 1
[plugin-worker] "C:\Users\Gerar\Downloads\Proyectos\bibliohub\node_modules\.pnpm\nx@23.2.1\node_modules\nx\dist\src\plugins\js" (pid: 29756) listening on \\.\pipe\nx\C:\Users\Gerar\AppData\Local\Temp\cc131f79\p32620-0-7b2a2af2.sock
[1m[33mTime taken for 'plugin worker 29756 code loading' 795.9468999999999ms[39m[22m
[isolated-plugin] connected to worker for "C:\Users\Gerar\Downloads\Proyectos\bibliohub\node_modules\.pnpm\nx@23.2.1\node_modules\nx\dist\src\plugins\js" (pid: 29756)
[plugin-worker] "C:\Users\Gerar\Downloads\Proyectos\bibliohub\node_modules\.pnpm\nx@23.2.1\node_modules\nx\dist\src\plugins\js" (pid: 29756) connected
[NX v23.2.1 Daemon Server] - 2026-09-26T05:37:58.445Z - Time taken for 'start-plugin-worker:C:\Users\Gerar\Downloads\Proyectos\bibliohub\node_modules\.pnpm\nx@23.2.1\node_modules\nx\dist\src\plugins\js' 982.9108999999999ms
[plugin-worker] "C:\Users\Gerar\Downloads\Proyectos\bibliohub\node_modules\.pnpm\nx@23.2.1\node_modules\nx\dist\src\plugins\package-json" (pid: 19712) listening on \\.\pipe\nx\C:\Users\Gerar\AppData\Local\Temp\cc131f79\p32620-1-e38dd613.sock
[1m[33mTime taken for 'plugin worker 19712 code loading' 801.7687999999999ms[39m[22m
[isolated-plugin] connected to worker for "C:\Users\Gerar\Downloads\Proyectos\bibliohub\node_modules\.pnpm\nx@23.2.1\node_modules\nx\dist\src\plugins\package-json" (pid: 19712)
[NX v23.2.1 Daemon Server] - 2026-09-26T05:37:58.488Z - Time taken for 'start-plugin-worker:C:\Users\Gerar\Downloads\Proyectos\bibliohub\node_modules\.pnpm\nx@23.2.1\node_modules\nx\dist\src\plugins\package-json' 982.7522000000001ms
[plugin-worker] "C:\Users\Gerar\Downloads\Proyectos\bibliohub\node_modules\.pnpm\nx@23.2.1\node_modules\nx\dist\src\plugins\package-json" (pid: 19712) connected
[plugin-worker] "C:\Users\Gerar\Downloads\Proyectos\bibliohub\node_modules\.pnpm\nx@23.2.1\node_modules\nx\dist\src\plugins\package-json" (pid: 19712) loaded successfully
[isolated-plugin] connected to worker for "C:\Users\Gerar\Downloads\Proyectos\bibliohub\node_modules\.pnpm\nx@23.2.1\node_modules\nx\dist\src\plugins\project-json\build-nodes\project-json" (pid: 27596)
[NX v23.2.1 Daemon Server] - 2026-09-26T05:37:58.520Z - Time taken for 'start-plugin-worker:C:\Users\Gerar\Downloads\Proyectos\bibliohub\node_modules\.pnpm\nx@23.2.1\node_modules\nx\dist\src\plugins\project-json\build-nodes\project-json' 974.7415000000001ms
[plugin-worker] "C:\Users\Gerar\Downloads\Proyectos\bibliohub\node_modules\.pnpm\nx@23.2.1\node_modules\nx\dist\src\plugins\project-json\build-nodes\project-json" (pid: 27596) listening on \\.\pipe\nx\C:\Users\Gerar\AppData\Local\Temp\cc131f79\p32620-2-84a935e2.sock
[plugin-worker] "C:\Users\Gerar\Downloads\Proyectos\bibliohub\node_modules\.pnpm\nx@23.2.1\node_modules\nx\dist\src\plugins\js" (pid: 29756) loaded successfully
[plugin-worker] "C:\Users\Gerar\Downloads\Proyectos\bibliohub\node_modules\.pnpm\nx@23.2.1\node_modules\nx\dist\src\plugins\project-json\build-nodes\project-json" (pid: 27596) connected
[1m[33mTime taken for 'plugin worker 27596 code loading' 798.2661ms[39m[22m
[NX v23.2.1 Daemon Server] - 2026-09-26T05:37:58.529Z - Time taken for 'Load Nx Plugin: C:\Users\Gerar\Downloads\Proyectos\bibliohub\node_modules\.pnpm\nx@23.2.1\node_modules\nx\dist\src\plugins\js' 1168.9733ms
[NX v23.2.1 Daemon Server] - 2026-09-26T05:37:58.529Z - Time taken for 'Load Nx Plugin: C:\Users\Gerar\Downloads\Proyectos\bibliohub\node_modules\.pnpm\nx@23.2.1\node_modules\nx\dist\src\plugins\package-json' 1163.7229ms
[plugin-worker] "C:\Users\Gerar\Downloads\Proyectos\bibliohub\node_modules\.pnpm\nx@23.2.1\node_modules\nx\dist\src\plugins\project-json\build-nodes\project-json" (pid: 27596) loaded successfully
[NX v23.2.1 Daemon Server] - 2026-09-26T05:37:58.544Z - [REQUEST]: Updated workspace context based on watched changes, recomputing project graph...
[NX v23.2.1 Daemon Server] - 2026-09-26T05:37:58.544Z - [REQUEST]: 
[NX v23.2.1 Daemon Server] - 2026-09-26T05:37:58.544Z - [REQUEST]: 
[NX v23.2.1 Daemon Server] - 2026-09-26T05:37:58.548Z - Time taken for 'loadDefaultNxPlugins' 1183.6985ms
[NX v23.2.1 Daemon Server] - 2026-09-26T05:37:58.549Z - Time taken for 'Load Nx Plugin: C:\Users\Gerar\Downloads\Proyectos\bibliohub\node_modules\.pnpm\nx@23.2.1\node_modules\nx\dist\src\plugins\project-json\build-nodes\project-json' 1175.4420000000002ms
[1m[33mTime taken for 'nx/core/project-json:createNodes' 0.4923000000000002ms[39m[22m
[isolated-plugin] shutting down worker for "nx/core/project-json" after createNodes
[1m[33mTime taken for 'nx/js/dependencies-and-lockfile:createNodes' 18.734399999999937ms[39m[22m
[1m[33mTime taken for 'nx/core/package-json:createNodes' 36.92599999999993ms[39m[22m
[isolated-plugin] shutting down worker for "nx/core/package-json" after createNodes
[NX v23.2.1 Daemon Server] - 2026-09-26T05:37:58.648Z - Time taken for 'build-project-configs' 60.634199999999964ms
[NX v23.2.1 Daemon Server] - 2026-09-26T05:37:58.648Z - Time taken for 'createNodes:merge' 14.87980000000016ms
[NX v23.2.1 Daemon Server] - 2026-09-26T05:37:58.648Z - Time taken for 'native-file-deps' 0.022699999999986176ms
[NX v23.2.1 Daemon Server] - 2026-09-26T05:37:58.648Z - Time taken for 'get-workspace-files' 2.5597999999999956ms
[NX v23.2.1 Daemon Server] - 2026-09-26T05:37:58.648Z - Time taken for 'read cache' 1.7926000000002205ms
[1m[33mTime taken for 'build typescript dependencies' 0.3661000000001877ms[39m[22m
[isolated-plugin] shutting down worker for "nx/js/dependencies-and-lockfile" after createDependencies
[NX v23.2.1 Daemon Server] - 2026-09-26T05:37:58.689Z - [SYNC]: collect registered sync generators
[NX v23.2.1 Daemon Server] - 2026-09-26T05:37:58.710Z - Wrote project graph cache to C:\Users\Gerar\Downloads\Proyectos\bibliohub\.nx\workspace-data\project-graph.json
[NX v23.2.1 Daemon Server] - 2026-09-26T05:37:58.711Z - Time taken for 'total execution time for createProjectGraph()' 54.783200000000306ms
[NX v23.2.1 Daemon Server] - 2026-09-26T05:37:58.711Z - Time taken for 'createDependencies' 35.67100000000028ms
[NX v23.2.1 Daemon Server] - 2026-09-26T05:37:58.711Z - Time taken for 'nx/js/dependencies-and-lockfile:createDependencies' 35.04559999999992ms
[NX v23.2.1 Daemon Server] - 2026-09-26T05:37:58.711Z - Time taken for 'createMetadata' 0.07399999999961437ms
[NX v23.2.1 Daemon Server] - 2026-09-26T05:37:58.712Z - Time taken for 'serialize graph' 6.159799999999905ms
[NX v23.2.1 Daemon Server] - 2026-09-26T05:37:58.712Z - Time taken for 'write cache' 19.584399999999732ms
[NX v23.2.1 Daemon Client] - 2026-09-26T05:37:59.075Z - [Messenger] Sending message type: REQUEST_PROJECT_GRAPH
[NX v23.2.1 Daemon Client] - 2026-09-26T05:37:59.076Z - [Messenger] Message sent
[NX v23.2.1 Daemon Server] - 2026-09-26T05:37:59.083Z - Received raw message of length 6772
[NX v23.2.1 Daemon Server] - 2026-09-26T05:37:59.083Z - Received json message of type REQUEST_PROJECT_GRAPH
[NX v23.2.1 Daemon Server] - 2026-09-26T05:37:59.085Z - [REQUEST]: Client Request for Project Graph Received
DEBUG nx::native::watch::watcher: force-flush END count=0 replies=1 elapsed=16.564ms
[NX v23.2.1 Daemon Server] - 2026-09-26T05:37:59.103Z - Reusing in-memory cached project graph because no files changed.
[NX v23.2.1 Daemon Server] - 2026-09-26T05:37:59.104Z - Serializing response for REQUEST_PROJECT_GRAPH message in json mode
[NX v23.2.1 Daemon Server] - 2026-09-26T05:37:59.105Z - Responding to REQUEST_PROJECT_GRAPH message
[NX v23.2.1 Daemon Server] - 2026-09-26T05:37:59.105Z - [REQUEST]: Responding to the client. project-graph
[NX v23.2.1 Daemon Server] - 2026-09-26T05:37:59.110Z - Time taken for 'total for creating and serializing project graph' 18.646499999999833ms
[NX v23.2.1 Daemon Server] - 2026-09-26T05:37:59.111Z - Done responding to the client project-graph
[NX v23.2.1 Daemon Server] - 2026-09-26T05:37:59.111Z - Handled json message REQUEST_PROJECT_GRAPH. Handling time: 19. Response time: 7.
[NX v23.2.1 Daemon Client] - 2026-09-26T05:37:59.111Z - [Messenger] Received message, length: 549526
Fetching nx...
[NX v23.2.1 Daemon Server] - 2026-09-26T05:38:02.049Z - Closed a connection. Number of open connections: 0
DEBUG nx::native::watch::watcher: idle-window emitting events count=1
DEBUG nx::native::watch::watcher:   [create] grafo.json
DEBUG nx::native::watch::watcher: idle-window emitting events count=1
DEBUG nx::native::watch::watcher:   [create] grafo.json
[NX v23.2.1 Daemon Server] - 2026-09-26T05:38:02.144Z - [WATCHER]: grafo.json was created or restored
[NX v23.2.1 Daemon Server] - 2026-09-26T05:38:02.145Z - [WATCHER]: [watcher] routeWorkspaceChanges batch: 1 events: create:grafo.json
[NX v23.2.1 Daemon Server] - 2026-09-26T05:38:02.146Z - [WATCHER]: File changes detected:
Created:
  - grafo.json
Updated:
(none)
Deleted:
(none)
[NX v23.2.1 Daemon Server] - 2026-09-26T05:38:02.148Z - [SYNC]: clearing sync generators cache due to file changes
[NX v23.2.1 Daemon Server] - 2026-09-26T05:38:02.150Z - [REQUEST]: Updated workspace context based on watched changes, recomputing project graph...
[NX v23.2.1 Daemon Server] - 2026-09-26T05:38:02.151Z - [REQUEST]: grafo.json
[NX v23.2.1 Daemon Server] - 2026-09-26T05:38:02.151Z - [REQUEST]: 
[plugin-client] restarting worker for "nx/js/dependencies-and-lockfile"
[isolated-plugin] spawned worker for "nx/js/dependencies-and-lockfile" (pid: 5844, socket: \\.\pipe\nx\C:\Users\Gerar\AppData\Local\Temp\cc131f79\p32620-3-79b05ca1.sock)
[plugin-client] restarting worker for "nx/core/package-json"
[isolated-plugin] spawned worker for "nx/core/package-json" (pid: 23404, socket: \\.\pipe\nx\C:\Users\Gerar\AppData\Local\Temp\cc131f79\p32620-4-0853bcee.sock)
[plugin-client] restarting worker for "nx/core/project-json"
[isolated-plugin] spawned worker for "nx/core/project-json" (pid: 19472, socket: \\.\pipe\nx\C:\Users\Gerar\AppData\Local\Temp\cc131f79\p32620-5-2b0e8ec4.sock)
[NX v23.2.1 Daemon Server] - 2026-09-26T05:38:02.296Z - [WATCHER]: Processing file changes in outputs
[NX v23.2.1 Daemon Server] - 2026-09-26T05:38:02.296Z - Time taken for 'hash changed files from watcher' 1.9354000000002998ms
DEBUG nx::native::watch::watcher: idle-window emitting events count=1
DEBUG nx::native::watch::watcher:   [delete] grafo.json
DEBUG nx::native::watch::watcher: idle-window emitting events count=1
DEBUG nx::native::watch::watcher:   [delete] grafo.json
[NX v23.2.1 Daemon Server] - 2026-09-26T05:38:03.075Z - [WATCHER]: grafo.json was deleted
[NX v23.2.1 Daemon Server] - 2026-09-26T05:38:03.075Z - [WATCHER]: [watcher] routeWorkspaceChanges batch: 1 events: delete:grafo.json
[NX v23.2.1 Daemon Server] - 2026-09-26T05:38:03.075Z - [WATCHER]: File changes detected:
Created:
(none)
Updated:
(none)
Deleted:
  - grafo.json
[NX v23.2.1 Daemon Server] - 2026-09-26T05:38:03.076Z - [SYNC]: clearing sync generators cache due to file changes
[NX v23.2.1 Daemon Server] - 2026-09-26T05:38:03.079Z - [REQUEST]: Updated workspace context based on watched changes, recomputing project graph...
[NX v23.2.1 Daemon Server] - 2026-09-26T05:38:03.079Z - [REQUEST]: 
[NX v23.2.1 Daemon Server] - 2026-09-26T05:38:03.079Z - [REQUEST]: grafo.json
[NX v23.2.1 Daemon Server] - 2026-09-26T05:38:03.097Z - [WATCHER]: Processing file changes in outputs
[NX v23.2.1 Daemon Server] - 2026-09-26T05:38:03.098Z - Time taken for 'hash changed files from watcher' 1.366899999999987ms
[plugin-worker] "nx/js/dependencies-and-lockfile" (pid: 5844) listening on \\.\pipe\nx\C:\Users\Gerar\AppData\Local\Temp\cc131f79\p32620-3-79b05ca1.sock
[1m[33mTime taken for 'plugin worker 5844 code loading' 1261.3489ms[39m[22m
[isolated-plugin] connected to worker for "nx/js/dependencies-and-lockfile" (pid: 5844)
[NX v23.2.1 Daemon Server] - 2026-09-26T05:38:03.624Z - Time taken for 'start-plugin-worker:nx/js/dependencies-and-lockfile' 1464.1032999999998ms
[plugin-worker] "nx/js/dependencies-and-lockfile" (pid: 5844) connected
[plugin-worker] "nx/core/package-json" (pid: 23404) listening on \\.\pipe\nx\C:\Users\Gerar\AppData\Local\Temp\cc131f79\p32620-4-0853bcee.sock
[isolated-plugin] connected to worker for "nx/core/package-json" (pid: 23404)
[plugin-worker] "nx/core/package-json" (pid: 23404) connected
[NX v23.2.1 Daemon Server] - 2026-09-26T05:38:03.701Z - Time taken for 'start-plugin-worker:nx/core/package-json' 1495.7934999999998ms
[1m[33mTime taken for 'plugin worker 23404 code loading' 1278.0810000000001ms[39m[22m
[plugin-worker] "nx/js/dependencies-and-lockfile" (pid: 5844) loaded successfully
[plugin-worker] "nx/core/project-json" (pid: 19472) listening on \\.\pipe\nx\C:\Users\Gerar\AppData\Local\Temp\cc131f79\p32620-5-2b0e8ec4.sock
[1m[33mTime taken for 'plugin worker 19472 code loading' 1272.5668ms[39m[22m
[isolated-plugin] connected to worker for "nx/core/project-json" (pid: 19472)
[NX v23.2.1 Daemon Server] - 2026-09-26T05:38:03.746Z - Time taken for 'start-plugin-worker:nx/core/project-json' 1496.0776999999998ms
[plugin-worker] "nx/core/package-json" (pid: 23404) loaded successfully
[plugin-worker] "nx/core/project-json" (pid: 19472) connected
[plugin-worker] "nx/core/project-json" (pid: 19472) loaded successfully
[1m[33mTime taken for 'nx/core/project-json:createNodes' 0.2498000000000502ms[39m[22m
[1m[33mTime taken for 'nx/core/project-json:createNodes' 0.5929000000000997ms[39m[22m
[isolated-plugin] shutting down worker for "nx/core/project-json" after createNodes
[1m[33mTime taken for 'nx/js/dependencies-and-lockfile:createNodes' 18.987499999999955ms[39m[22m
[1m[33mTime taken for 'nx/js/dependencies-and-lockfile:createNodes' 19.26599999999985ms[39m[22m
[1m[33mTime taken for 'nx/core/package-json:createNodes' 22.394800000000032ms[39m[22m
[1m[33mTime taken for 'nx/core/package-json:createNodes' 22.79639999999995ms[39m[22m
[isolated-plugin] shutting down worker for "nx/core/package-json" after createNodes
[NX v23.2.1 Daemon Server] - 2026-09-26T05:38:03.884Z - Time taken for 'build-project-configs' 753.4886999999999ms
[NX v23.2.1 Daemon Server] - 2026-09-26T05:38:03.884Z - Time taken for 'build-project-configs' 761.6136999999999ms
[NX v23.2.1 Daemon Server] - 2026-09-26T05:38:03.884Z - Time taken for 'createNodes:merge' 9.888100000000122ms
[NX v23.2.1 Daemon Server] - 2026-09-26T05:38:03.884Z - Time taken for 'createNodes:merge' 7.84940000000006ms
[1m[33mTime taken for 'build typescript dependencies' 0.5576000000000931ms[39m[22m
[isolated-plugin] shutting down worker for "nx/js/dependencies-and-lockfile" after createDependencies
[NX v23.2.1 Daemon Server] - 2026-09-26T05:38:03.936Z - [SYNC]: collect registered sync generators
[NX v23.2.1 Daemon Server] - 2026-09-26T05:38:03.938Z - [SYNC]: project graph hash is the same, not collecting task sync generators
[NX v23.2.1 Daemon Server] - 2026-09-26T05:38:03.938Z - [SYNC]: nx.json hash is the same, not collecting global sync generators
[NX v23.2.1 Daemon Server] - 2026-09-26T05:38:03.981Z - Wrote project graph cache to C:\Users\Gerar\Downloads\Proyectos\bibliohub\.nx\workspace-data\project-graph.json
[NX v23.2.1 Daemon Server] - 2026-09-26T05:38:03.983Z - Time taken for 'total execution time for createProjectGraph()' 66.85159999999905ms
[NX v23.2.1 Daemon Server] - 2026-09-26T05:38:03.983Z - Time taken for 'createDependencies' 49.26429999999982ms
[NX v23.2.1 Daemon Server] - 2026-09-26T05:38:03.983Z - Time taken for 'nx/js/dependencies-and-lockfile:createDependencies' 48.8804999999993ms
[NX v23.2.1 Daemon Server] - 2026-09-26T05:38:03.983Z - Time taken for 'createMetadata' 0.03839999999945576ms
[NX v23.2.1 Daemon Server] - 2026-09-26T05:38:03.983Z - Time taken for 'serialize graph' 5.547200000000885ms
[NX v23.2.1 Daemon Server] - 2026-09-26T05:38:03.983Z - Time taken for 'write cache' 43.170899999999165ms
[NX v23.2.1 Daemon Server] - 2026-09-26T05:38:12.758Z - [LATEST-NX]: Successfully pulled latest Nx to C:\Users\Gerar\AppData\Local\Temp\tmp-32620-oABc8Rnd7hKL
[NX v23.2.1 Daemon Server] - 2026-09-26T05:38:12.761Z - [NX-CONSOLE]: Using local implementation (NX_USE_LOCAL=true or inner call)
[NX v23.2.1 Daemon Server] - 2026-09-26T05:38:12.762Z - [AI-AGENTS]: Failed to compute agent configuration status from latest Nx. Error: Only URLs with a scheme in: file, data, and node are supported by the default ESM loader. On Windows, absolute paths must be valid file:// URLs. Received protocol 'c:'
DEBUG nx::native::ide::install: Detected editor: Unknown
[NX v23.2.1 Daemon Server] - 2026-09-26T05:38:12.762Z - [AI-AGENTS]: Agent configuration status computation completed: 0 fully configured, 0 outdated, 0 partially configured, 0 non-configured
[NX v23.2.1 Daemon Server] - 2026-09-26T05:38:12.763Z - [NX-CONSOLE]: Console status check completed, shouldPrompt: false
DEBUG nx::native::watch::watcher: idle-window emitting events count=1
DEBUG nx::native::watch::watcher: idle-window emitting events count=1
DEBUG nx::native::watch::watcher:   [update] apps/backend/test/paridad-sql.e2e-spec.ts
DEBUG nx::native::watch::watcher:   [update] apps/backend/test/paridad-sql.e2e-spec.ts
[NX v23.2.1 Daemon Server] - 2026-09-26T05:38:29.396Z - [WATCHER]: apps/backend/test/paridad-sql.e2e-spec.ts was modified
[NX v23.2.1 Daemon Server] - 2026-09-26T05:38:29.396Z - [WATCHER]: [watcher] routeWorkspaceChanges batch: 1 events: update:apps/backend/test/paridad-sql.e2e-spec.ts
[NX v23.2.1 Daemon Server] - 2026-09-26T05:38:29.396Z - [WATCHER]: File changes detected:
Created:
(none)
Updated:
  - apps/backend/test/paridad-sql.e2e-spec.ts
Deleted:
(none)
[NX v23.2.1 Daemon Server] - 2026-09-26T05:38:29.398Z - [SYNC]: clearing sync generators cache due to file changes
[NX v23.2.1 Daemon Server] - 2026-09-26T05:38:29.399Z - [REQUEST]: Updated workspace context based on watched changes, recomputing project graph...
[NX v23.2.1 Daemon Server] - 2026-09-26T05:38:29.399Z - [REQUEST]: apps/backend/test/paridad-sql.e2e-spec.ts
[NX v23.2.1 Daemon Server] - 2026-09-26T05:38:29.399Z - [REQUEST]: 
[plugin-client] restarting worker for "nx/js/dependencies-and-lockfile"
DEBUG nx::native::watch::watcher: registering watches for new directories dirs=["C:\\Users\\Gerar\\Downloads\\Proyectos\\bibliohub\\.github"]
DEBUG nx::native::watch::watcher: registering watches for new directories dirs=["C:\\Users\\Gerar\\Downloads\\Proyectos\\bibliohub\\.github"]
DEBUG nx::native::watch::watcher: registering watches for new directories dirs=["C:\\Users\\Gerar\\Downloads\\Proyectos\\bibliohub\\.github\\workflows"]
DEBUG nx::native::watch::watcher: registering watches for new directories dirs=["C:\\Users\\Gerar\\Downloads\\Proyectos\\bibliohub\\.github\\workflows"]
[isolated-plugin] spawned worker for "nx/js/dependencies-and-lockfile" (pid: 30216, socket: \\.\pipe\nx\C:\Users\Gerar\AppData\Local\Temp\cc131f79\p32620-6-0cb03dfa.sock)
[plugin-client] restarting worker for "nx/core/package-json"
[isolated-plugin] spawned worker for "nx/core/package-json" (pid: 14560, socket: \\.\pipe\nx\C:\Users\Gerar\AppData\Local\Temp\cc131f79\p32620-7-34374e67.sock)
[plugin-client] restarting worker for "nx/core/project-json"
[isolated-plugin] spawned worker for "nx/core/project-json" (pid: 25076, socket: \\.\pipe\nx\C:\Users\Gerar\AppData\Local\Temp\cc131f79\p32620-8-a4e519d8.sock)
[NX v23.2.1 Daemon Server] - 2026-09-26T05:38:29.535Z - [WATCHER]: Processing file changes in outputs
[NX v23.2.1 Daemon Server] - 2026-09-26T05:38:29.535Z - Time taken for 'hash changed files from watcher' 1.4560999999957858ms
DEBUG nx::native::watch::watcher: idle-window emitting events count=1
DEBUG nx::native::watch::watcher: idle-window emitting events count=1
DEBUG nx::native::watch::watcher:   [create] .github/workflows/ci.yml
DEBUG nx::native::watch::watcher:   [create] .github/workflows/ci.yml
[NX v23.2.1 Daemon Server] - 2026-09-26T05:38:29.613Z - [WATCHER]: Processing file changes in outputs
[NX v23.2.1 Daemon Server] - 2026-09-26T05:38:29.613Z - [WATCHER]: .github/workflows/ci.yml was created or restored
[NX v23.2.1 Daemon Server] - 2026-09-26T05:38:29.613Z - [WATCHER]: [watcher] routeWorkspaceChanges batch: 1 events: create:.github/workflows/ci.yml
[NX v23.2.1 Daemon Server] - 2026-09-26T05:38:29.614Z - [WATCHER]: File changes detected:
Created:
  - .github/workflows/ci.yml
Updated:
(none)
Deleted:
(none)
[NX v23.2.1 Daemon Server] - 2026-09-26T05:38:29.615Z - [SYNC]: clearing sync generators cache due to file changes
[NX v23.2.1 Daemon Server] - 2026-09-26T05:38:29.616Z - [REQUEST]: Updated workspace context based on watched changes, recomputing project graph...
[NX v23.2.1 Daemon Server] - 2026-09-26T05:38:29.616Z - [REQUEST]: apps/backend/test/paridad-sql.e2e-spec.ts,.github/workflows/ci.yml
[NX v23.2.1 Daemon Server] - 2026-09-26T05:38:29.616Z - [REQUEST]: 
[NX v23.2.1 Daemon Server] - 2026-09-26T05:38:29.619Z - Time taken for 'hash changed files from watcher' 1.4393000000054599ms
[plugin-worker] "nx/js/dependencies-and-lockfile" (pid: 30216) listening on \\.\pipe\nx\C:\Users\Gerar\AppData\Local\Temp\cc131f79\p32620-6-0cb03dfa.sock
[plugin-worker] "nx/core/package-json" (pid: 14560) listening on \\.\pipe\nx\C:\Users\Gerar\AppData\Local\Temp\cc131f79\p32620-7-34374e67.sock
[1m[33mTime taken for 'plugin worker 14560 code loading' 826.8413ms[39m[22m
[1m[33mTime taken for 'plugin worker 30216 code loading' 863.9345ms[39m[22m
[isolated-plugin] connected to worker for "nx/js/dependencies-and-lockfile" (pid: 30216)
[isolated-plugin] connected to worker for "nx/core/package-json" (pid: 14560)
[plugin-worker] "nx/js/dependencies-and-lockfile" (pid: 30216) connected
[plugin-worker] "nx/core/package-json" (pid: 14560) connected
[NX v23.2.1 Daemon Server] - 2026-09-26T05:38:30.457Z - Time taken for 'start-plugin-worker:nx/js/dependencies-and-lockfile' 1052.6636999999973ms
[NX v23.2.1 Daemon Server] - 2026-09-26T05:38:30.457Z - Time taken for 'start-plugin-worker:nx/core/package-json' 1009.2426999999952ms
[plugin-worker] "nx/core/project-json" (pid: 25076) listening on \\.\pipe\nx\C:\Users\Gerar\AppData\Local\Temp\cc131f79\p32620-8-a4e519d8.sock
[plugin-worker] "nx/core/package-json" (pid: 14560) loaded successfully
[isolated-plugin] connected to worker for "nx/core/project-json" (pid: 25076)
[NX v23.2.1 Daemon Server] - 2026-09-26T05:38:30.486Z - Time taken for 'start-plugin-worker:nx/core/project-json' 1000.3832000000039ms
[1m[33mTime taken for 'plugin worker 25076 code loading' 811.6006ms[39m[22m
[plugin-worker] "nx/core/project-json" (pid: 25076) connected
[plugin-worker] "nx/core/project-json" (pid: 25076) loaded successfully
[1m[33mTime taken for 'nx/core/project-json:createNodes' 0.22870000000000346ms[39m[22m
[1m[33mTime taken for 'nx/core/project-json:createNodes' 0.5403999999999769ms[39m[22m
[isolated-plugin] shutting down worker for "nx/core/project-json" after createNodes
[plugin-worker] "nx/js/dependencies-and-lockfile" (pid: 30216) loaded successfully
[1m[33mTime taken for 'nx/core/package-json:createNodes' 18.472999999999956ms[39m[22m
[1m[33mTime taken for 'nx/core/package-json:createNodes' 18.755999999999972ms[39m[22m
[isolated-plugin] shutting down worker for "nx/core/package-json" after createNodes
[1m[33mTime taken for 'nx/js/dependencies-and-lockfile:createNodes' 11.103900000000067ms[39m[22m
[1m[33mTime taken for 'nx/js/dependencies-and-lockfile:createNodes' 11.335500000000138ms[39m[22m
[NX v23.2.1 Daemon Server] - 2026-09-26T05:38:30.627Z - Time taken for 'build-project-configs' 975.8599999999933ms
[NX v23.2.1 Daemon Server] - 2026-09-26T05:38:30.627Z - Time taken for 'build-project-configs' 984.6707999999999ms
[NX v23.2.1 Daemon Server] - 2026-09-26T05:38:30.627Z - Time taken for 'createNodes:merge' 8.620300000002317ms
[NX v23.2.1 Daemon Server] - 2026-09-26T05:38:30.628Z - Time taken for 'createNodes:merge' 5.096399999994901ms
[1m[33mTime taken for 'build typescript dependencies' 4.417500000000018ms[39m[22m
[isolated-plugin] shutting down worker for "nx/js/dependencies-and-lockfile" after createDependencies
[NX v23.2.1 Daemon Server] - 2026-09-26T05:38:30.670Z - [SYNC]: collect registered sync generators
[NX v23.2.1 Daemon Server] - 2026-09-26T05:38:30.671Z - [SYNC]: project graph hash is the same, not collecting task sync generators
[NX v23.2.1 Daemon Server] - 2026-09-26T05:38:30.671Z - [SYNC]: nx.json hash is the same, not collecting global sync generators
[NX v23.2.1 Daemon Server] - 2026-09-26T05:38:30.691Z - Wrote project graph cache to C:\Users\Gerar\Downloads\Proyectos\bibliohub\.nx\workspace-data\project-graph.json
[NX v23.2.1 Daemon Server] - 2026-09-26T05:38:30.692Z - Time taken for 'total execution time for createProjectGraph()' 51.4010000000053ms
[NX v23.2.1 Daemon Server] - 2026-09-26T05:38:30.693Z - Time taken for 'createDependencies' 39.59070000000065ms
[NX v23.2.1 Daemon Server] - 2026-09-26T05:38:30.693Z - Time taken for 'nx/js/dependencies-and-lockfile:createDependencies' 39.35849999999482ms
[NX v23.2.1 Daemon Server] - 2026-09-26T05:38:30.693Z - Time taken for 'createMetadata' 0.02320000000327127ms
[NX v23.2.1 Daemon Server] - 2026-09-26T05:38:30.693Z - Time taken for 'serialize graph' 4.721700000001874ms
[NX v23.2.1 Daemon Server] - 2026-09-26T05:38:30.693Z - Time taken for 'write cache' 20.07879999999568ms
DEBUG nx::native::watch::watcher: idle-window emitting events count=2
DEBUG nx::native::watch::watcher: idle-window emitting events count=2
DEBUG nx::native::watch::watcher:   [delete] .github/workflows/sedEmlhU5
DEBUG nx::native::watch::watcher:   [create] .github/workflows/ci.yml
DEBUG nx::native::watch::watcher:   [delete] .github/workflows/sedEmlhU5
DEBUG nx::native::watch::watcher:   [create] .github/workflows/ci.yml
[NX v23.2.1 Daemon Server] - 2026-09-26T05:38:47.739Z - [WATCHER]: Processing file changes in outputs
[NX v23.2.1 Daemon Server] - 2026-09-26T05:38:47.740Z - [WATCHER]: 1 file(s) created or restored, 0 file(s) modified, 1 file(s) deleted
[NX v23.2.1 Daemon Server] - 2026-09-26T05:38:47.740Z - [WATCHER]: [watcher] routeWorkspaceChanges batch: 2 events: delete:.github/workflows/sedEmlhU5, create:.github/workflows/ci.yml
[NX v23.2.1 Daemon Server] - 2026-09-26T05:38:47.740Z - [WATCHER]: File changes detected:
Created:
  - .github/workflows/ci.yml
Updated:
(none)
Deleted:
  - .github/workflows/sedEmlhU5
[NX v23.2.1 Daemon Server] - 2026-09-26T05:38:47.742Z - [SYNC]: clearing sync generators cache due to file changes
[NX v23.2.1 Daemon Server] - 2026-09-26T05:38:47.743Z - [REQUEST]: Updated workspace context based on watched changes, recomputing project graph...
[NX v23.2.1 Daemon Server] - 2026-09-26T05:38:47.743Z - [REQUEST]: .github/workflows/ci.yml
[NX v23.2.1 Daemon Server] - 2026-09-26T05:38:47.743Z - [REQUEST]: .github/workflows/sedEmlhU5
[plugin-client] restarting worker for "nx/js/dependencies-and-lockfile"
[isolated-plugin] spawned worker for "nx/js/dependencies-and-lockfile" (pid: 27832, socket: \\.\pipe\nx\C:\Users\Gerar\AppData\Local\Temp\cc131f79\p32620-9-ae8c0b88.sock)
[plugin-client] restarting worker for "nx/core/package-json"
[isolated-plugin] spawned worker for "nx/core/package-json" (pid: 32612, socket: \\.\pipe\nx\C:\Users\Gerar\AppData\Local\Temp\cc131f79\p32620-a-a117fe57.sock)
[plugin-client] restarting worker for "nx/core/project-json"
[isolated-plugin] spawned worker for "nx/core/project-json" (pid: 876, socket: \\.\pipe\nx\C:\Users\Gerar\AppData\Local\Temp\cc131f79\p32620-b-595d48cc.sock)
[NX v23.2.1 Daemon Server] - 2026-09-26T05:38:47.861Z - Time taken for 'hash changed files from watcher' 1.6231000000043423ms
[NX v23.2.1 Daemon Server] - 2026-09-26T05:38:48.783Z - [Server] lock file hash changed! old=6765157367533254321, new=9011810203758003277
[NX v23.2.1 Daemon Server] - 2026-09-26T05:38:48.783Z - [Server] Daemon outdated: LOCK_FILES_CHANGED
[NX v23.2.1 Daemon Server] - 2026-09-26T05:38:48.783Z - [Server] Restarting daemon...
[NX v23.2.1 Daemon Server] - 2026-09-26T05:38:48.788Z - Restarting daemon with script: C:\Users\Gerar\Downloads\Proyectos\bibliohub\node_modules\.pnpm\nx@23.2.1\node_modules\nx\dist\src\daemon\server\start.js
[NX v23.2.1 Daemon Server] - 2026-09-26T05:38:48.788Z - Old daemon __dirname: C:\Users\Gerar\Downloads\Proyectos\bibliohub\node_modules\.pnpm\nx@23.2.1\node_modules\nx\dist\src\daemon\server
[NX v23.2.1 Daemon Server] - 2026-09-26T05:38:48.788Z - Current process.execPath: C:\Program Files\nodejs\node.exe
[NX v23.2.1 Daemon Server] - 2026-09-26T05:38:48.819Z - Started new daemon process in background
DEBUG nx::native::watch::watcher: watching stopped origin=C:\Users\Gerar\Downloads\Proyectos\bibliohub
DEBUG nx::native::watch::watcher: watching stopped origin=C:\Users\Gerar\Downloads\Proyectos\bibliohub
[isolated-plugin] connected to worker for "nx/js/dependencies-and-lockfile" (pid: 27832)
[plugin-worker] "nx/js/dependencies-and-lockfile" (pid: 27832) listening on \\.\pipe\nx\C:\Users\Gerar\AppData\Local\Temp\cc131f79\p32620-9-ae8c0b88.sock
[1m[33mTime taken for 'plugin worker 27832 code loading' 877.1333000000001ms[39m[22m
[NX v23.2.1 Daemon Server] - 2026-09-26T05:38:48.823Z - [WATCHER]: Stopping the watcher for C:\Users\Gerar\Downloads\Proyectos\bibliohub (sources)
DEBUG nx::native::watch::watcher: watching stopped origin=C:\Users\Gerar\Downloads\Proyectos\bibliohub
[NX v23.2.1 Daemon Server] - 2026-09-26T05:38:48.824Z - [WATCHER]: Stopping the watcher for C:\Users\Gerar\Downloads\Proyectos\bibliohub (sources)
DEBUG nx::native::watch::watcher: watching stopped origin=C:\Users\Gerar\Downloads\Proyectos\bibliohub
[NX v23.2.1 Daemon Server] - 2026-09-26T05:38:48.824Z - Time taken for 'start-plugin-worker:nx/js/dependencies-and-lockfile' 1076.525999999998ms
[plugin-worker] "nx/js/dependencies-and-lockfile" (pid: 27832) connected
[NX v23.2.1 Daemon Server] - 2026-09-26T05:38:48.824Z - [WATCHER]: Stopping the watcher for C:\Users\Gerar\Downloads\Proyectos\bibliohub (outputs)
[NX v23.2.1 Daemon Server] - 2026-09-26T05:38:48.825Z - [LATEST-NX]: Cleaning up latest Nx installation from C:\Users\Gerar\AppData\Local\Temp\tmp-32620-oABc8Rnd7hKL
[NX v23.2.1 Daemon Server] - 2026-09-26T05:38:48.826Z - Server stopped because: "LOCK_FILES_CHANGED"
DEBUG nx::native::watch::watcher: watching started origin=C:\Users\Gerar\Downloads\Proyectos\bibliohub
[NX v23.2.1 Daemon Server] - 2026-09-26T05:38:50.304Z - [WATCHER]: Subscribed to changes within: C:\Users\Gerar\Downloads\Proyectos\bibliohub (native)
[NX v23.2.1 Daemon Server] - 2026-09-26T05:38:50.341Z - New daemon starting from: C:\Users\Gerar\Downloads\Proyectos\bibliohub\node_modules\.pnpm\nx@23.2.1\node_modules\nx\dist\src\daemon\server\server.js
[NX v23.2.1 Daemon Server] - 2026-09-26T05:38:50.341Z - New daemon __dirname: C:\Users\Gerar\Downloads\Proyectos\bibliohub\node_modules\.pnpm\nx@23.2.1\node_modules\nx\dist\src\daemon\server
[NX v23.2.1 Daemon Server] - 2026-09-26T05:38:50.341Z - New daemon nxVersion: 23.2.1
[NX v23.2.1 Daemon Server] - 2026-09-26T05:38:50.345Z - New daemon getInstalledNxVersion(): 23.2.1
[NX v23.2.1 Daemon Server] - 2026-09-26T05:38:50.350Z - Time taken for 'workspace context init' 1.1514999999999418ms
[NX v23.2.1 Daemon Server] - 2026-09-26T05:38:50.354Z - [Server] Starting outdated check interval (20ms)
[NX v23.2.1 Daemon Server] - 2026-09-26T05:38:50.357Z - Started listening on: \\.\pipe\nx\C:\Users\Gerar\AppData\Local\Temp\bf93fd20442e85d63ce0\d.sock
DEBUG nx::native::watch::watcher: watching started origin=C:\Users\Gerar\Downloads\Proyectos\bibliohub
[NX v23.2.1 Daemon Server] - 2026-09-26T05:38:50.636Z - [LATEST-NX]: Pulling latest Nx...
[NX v23.2.1 Daemon Server] - 2026-09-26T05:38:50.721Z - [AI-AGENTS]: Starting agent configuration status computation
[isolated-plugin] spawned worker for "C:\Users\Gerar\Downloads\Proyectos\bibliohub\node_modules\.pnpm\nx@23.2.1\node_modules\nx\dist\src\plugins\js" (pid: 4044, socket: \\.\pipe\nx\C:\Users\Gerar\AppData\Local\Temp\cc131f79\p33628-0-4bfa9ba3.sock)
[isolated-plugin] spawned worker for "C:\Users\Gerar\Downloads\Proyectos\bibliohub\node_modules\.pnpm\nx@23.2.1\node_modules\nx\dist\src\plugins\package-json" (pid: 9200, socket: \\.\pipe\nx\C:\Users\Gerar\AppData\Local\Temp\cc131f79\p33628-1-63a0dd42.sock)
[isolated-plugin] spawned worker for "C:\Users\Gerar\Downloads\Proyectos\bibliohub\node_modules\.pnpm\nx@23.2.1\node_modules\nx\dist\src\plugins\project-json\build-nodes\project-json" (pid: 30900, socket: \\.\pipe\nx\C:\Users\Gerar\AppData\Local\Temp\cc131f79\p33628-2-c636275c.sock)
[NX v23.2.1 Daemon Server] - 2026-09-26T05:38:50.855Z - Time taken for 'hash changed files from watcher' 0.04299999999989268ms
[NX v23.2.1 Daemon Server] - 2026-09-26T05:38:50.855Z - Time taken for 'loadSpecifiedNxPlugins' 217.62709999999993ms
DEBUG nx::native::watch::watcher: idle-window emitting events count=1
DEBUG nx::native::watch::watcher:   [update] apps/backend/src/common/auth/roles.guard.ts
DEBUG nx::native::watch::watcher: idle-window emitting events count=1
DEBUG nx::native::watch::watcher:   [update] apps/backend/src/common/auth/roles.guard.ts
[NX v23.2.1 Daemon Server] - 2026-09-26T05:38:51.638Z - [WATCHER]: apps/backend/src/common/auth/roles.guard.ts was modified
[NX v23.2.1 Daemon Server] - 2026-09-26T05:38:51.639Z - [WATCHER]: [watcher] routeWorkspaceChanges batch: 1 events: update:apps/backend/src/common/auth/roles.guard.ts
[NX v23.2.1 Daemon Server] - 2026-09-26T05:38:51.639Z - [WATCHER]: File changes detected:
Created:
(none)
Updated:
  - apps/backend/src/common/auth/roles.guard.ts
Deleted:
(none)
[NX v23.2.1 Daemon Server] - 2026-09-26T05:38:51.642Z - [SYNC]: clearing sync generators cache due to file changes
[NX v23.2.1 Daemon Server] - 2026-09-26T05:38:51.644Z - [WATCHER]: Processing file changes in outputs
[NX v23.2.1 Daemon Server] - 2026-09-26T05:38:51.645Z - Time taken for 'hash changed files from watcher' 1.8110000000001492ms
[plugin-worker] "C:\Users\Gerar\Downloads\Proyectos\bibliohub\node_modules\.pnpm\nx@23.2.1\node_modules\nx\dist\src\plugins\js" (pid: 4044) listening on \\.\pipe\nx\C:\Users\Gerar\AppData\Local\Temp\cc131f79\p33628-0-4bfa9ba3.sock
[1m[33mTime taken for 'plugin worker 4044 code loading' 936.5846ms[39m[22m
[isolated-plugin] connected to worker for "C:\Users\Gerar\Downloads\Proyectos\bibliohub\node_modules\.pnpm\nx@23.2.1\node_modules\nx\dist\src\plugins\js" (pid: 4044)
[plugin-worker] "C:\Users\Gerar\Downloads\Proyectos\bibliohub\node_modules\.pnpm\nx@23.2.1\node_modules\nx\dist\src\plugins\js" (pid: 4044) connected
[NX v23.2.1 Daemon Server] - 2026-09-26T05:38:51.859Z - Time taken for 'start-plugin-worker:C:\Users\Gerar\Downloads\Proyectos\bibliohub\node_modules\.pnpm\nx@23.2.1\node_modules\nx\dist\src\plugins\js' 1131.5117ms
[plugin-worker] "C:\Users\Gerar\Downloads\Proyectos\bibliohub\node_modules\.pnpm\nx@23.2.1\node_modules\nx\dist\src\plugins\package-json" (pid: 9200) listening on \\.\pipe\nx\C:\Users\Gerar\AppData\Local\Temp\cc131f79\p33628-1-63a0dd42.sock
[1m[33mTime taken for 'plugin worker 9200 code loading' 919.7958000000001ms[39m[22m
[isolated-plugin] connected to worker for "C:\Users\Gerar\Downloads\Proyectos\bibliohub\node_modules\.pnpm\nx@23.2.1\node_modules\nx\dist\src\plugins\package-json" (pid: 9200)
[NX v23.2.1 Daemon Server] - 2026-09-26T05:38:51.884Z - Time taken for 'start-plugin-worker:C:\Users\Gerar\Downloads\Proyectos\bibliohub\node_modules\.pnpm\nx@23.2.1\node_modules\nx\dist\src\plugins\package-json' 1114.6381999999999ms
[plugin-worker] "C:\Users\Gerar\Downloads\Proyectos\bibliohub\node_modules\.pnpm\nx@23.2.1\node_modules\nx\dist\src\plugins\package-json" (pid: 9200) connected
[plugin-worker] "C:\Users\Gerar\Downloads\Proyectos\bibliohub\node_modules\.pnpm\nx@23.2.1\node_modules\nx\dist\src\plugins\package-json" (pid: 9200) loaded successfully
[NX v23.2.1 Daemon Server] - 2026-09-26T05:38:51.928Z - Time taken for 'Load Nx Plugin: C:\Users\Gerar\Downloads\Proyectos\bibliohub\node_modules\.pnpm\nx@23.2.1\node_modules\nx\dist\src\plugins\package-json' 1295.499ms
[plugin-worker] "C:\Users\Gerar\Downloads\Proyectos\bibliohub\node_modules\.pnpm\nx@23.2.1\node_modules\nx\dist\src\plugins\project-json\build-nodes\project-json" (pid: 30900) listening on \\.\pipe\nx\C:\Users\Gerar\AppData\Local\Temp\cc131f79\p33628-2-c636275c.sock
[plugin-worker] "C:\Users\Gerar\Downloads\Proyectos\bibliohub\node_modules\.pnpm\nx@23.2.1\node_modules\nx\dist\src\plugins\js" (pid: 4044) loaded successfully
[1m[33mTime taken for 'plugin worker 30900 code loading' 937.741ms[39m[22m
[NX v23.2.1 Daemon Server] - 2026-09-26T05:38:51.942Z - Time taken for 'Load Nx Plugin: C:\Users\Gerar\Downloads\Proyectos\bibliohub\node_modules\.pnpm\nx@23.2.1\node_modules\nx\dist\src\plugins\js' 1315.5017ms
[isolated-plugin] connected to worker for "C:\Users\Gerar\Downloads\Proyectos\bibliohub\node_modules\.pnpm\nx@23.2.1\node_modules\nx\dist\src\plugins\project-json\build-nodes\project-json" (pid: 30900)
[NX v23.2.1 Daemon Server] - 2026-09-26T05:38:51.944Z - Time taken for 'start-plugin-worker:C:\Users\Gerar\Downloads\Proyectos\bibliohub\node_modules\.pnpm\nx@23.2.1\node_modules\nx\dist\src\plugins\project-json\build-nodes\project-json' 1130.8771ms
[plugin-worker] "C:\Users\Gerar\Downloads\Proyectos\bibliohub\node_modules\.pnpm\nx@23.2.1\node_modules\nx\dist\src\plugins\project-json\build-nodes\project-json" (pid: 30900) connected
[plugin-worker] "C:\Users\Gerar\Downloads\Proyectos\bibliohub\node_modules\.pnpm\nx@23.2.1\node_modules\nx\dist\src\plugins\project-json\build-nodes\project-json" (pid: 30900) loaded successfully
[NX v23.2.1 Daemon Server] - 2026-09-26T05:38:51.967Z - [REQUEST]: Updated workspace context based on watched changes, recomputing project graph...
[NX v23.2.1 Daemon Server] - 2026-09-26T05:38:51.967Z - [REQUEST]: apps/backend/src/common/auth/roles.guard.ts
[NX v23.2.1 Daemon Server] - 2026-09-26T05:38:51.967Z - [REQUEST]: 
[NX v23.2.1 Daemon Server] - 2026-09-26T05:38:51.973Z - [REQUEST]: Updated workspace context based on watched changes, recomputing project graph...
[NX v23.2.1 Daemon Server] - 2026-09-26T05:38:51.973Z - [REQUEST]: apps/backend/src/common/auth/roles.guard.ts
[NX v23.2.1 Daemon Server] - 2026-09-26T05:38:51.973Z - [REQUEST]: 
[NX v23.2.1 Daemon Server] - 2026-09-26T05:38:51.982Z - Time taken for 'loadDefaultNxPlugins' 1340.0700999999997ms
[NX v23.2.1 Daemon Server] - 2026-09-26T05:38:51.983Z - Time taken for 'Load Nx Plugin: C:\Users\Gerar\Downloads\Proyectos\bibliohub\node_modules\.pnpm\nx@23.2.1\node_modules\nx\dist\src\plugins\project-json\build-nodes\project-json' 1331.1506000000002ms
[1m[33mTime taken for 'nx/core/project-json:createNodes' 0.24759999999992033ms[39m[22m
[1m[33mTime taken for 'nx/core/project-json:createNodes' 0.5731000000000677ms[39m[22m
[isolated-plugin] shutting down worker for "nx/core/project-json" after createNodes
[1m[33mTime taken for 'nx/js/dependencies-and-lockfile:createNodes' 17.08420000000001ms[39m[22m
[1m[33mTime taken for 'nx/js/dependencies-and-lockfile:createNodes' 17.77729999999997ms[39m[22m
[1m[33mTime taken for 'nx/core/package-json:createNodes' 18.20550000000003ms[39m[22m
[1m[33mTime taken for 'nx/core/package-json:createNodes' 18.497499999999945ms[39m[22m
[isolated-plugin] shutting down worker for "nx/core/package-json" after createNodes
[NX v23.2.1 Daemon Server] - 2026-09-26T05:38:52.154Z - Time taken for 'build-project-configs' 104.76880000000028ms
[NX v23.2.1 Daemon Server] - 2026-09-26T05:38:52.154Z - Time taken for 'build-project-configs' 111.61230000000023ms
[NX v23.2.1 Daemon Server] - 2026-09-26T05:38:52.154Z - Time taken for 'createNodes:merge' 21.622599999999693ms
[NX v23.2.1 Daemon Server] - 2026-09-26T05:38:52.154Z - Time taken for 'createNodes:merge' 6.686899999999696ms
[NX v23.2.1 Daemon Server] - 2026-09-26T05:38:52.154Z - Time taken for 'native-file-deps' 0.03490000000010696ms
[NX v23.2.1 Daemon Server] - 2026-09-26T05:38:52.154Z - Time taken for 'get-workspace-files' 4.195000000000164ms
[NX v23.2.1 Daemon Server] - 2026-09-26T05:38:52.154Z - Time taken for 'read cache' 1.9900000000002365ms
[1m[33mTime taken for 'build typescript dependencies' 5.872000000000071ms[39m[22m
[isolated-plugin] shutting down worker for "nx/js/dependencies-and-lockfile" after createDependencies
[NX v23.2.1 Daemon Server] - 2026-09-26T05:38:52.205Z - [SYNC]: collect registered sync generators
[NX v23.2.1 Daemon Server] - 2026-09-26T05:38:52.226Z - Wrote project graph cache to C:\Users\Gerar\Downloads\Proyectos\bibliohub\.nx\workspace-data\project-graph.json
[NX v23.2.1 Daemon Server] - 2026-09-26T05:38:52.228Z - Time taken for 'total execution time for createProjectGraph()' 72.79980000000023ms
[NX v23.2.1 Daemon Server] - 2026-09-26T05:38:52.228Z - Time taken for 'createDependencies' 48.904599999999846ms
[NX v23.2.1 Daemon Server] - 2026-09-26T05:38:52.228Z - Time taken for 'nx/js/dependencies-and-lockfile:createDependencies' 48.15000000000009ms
[NX v23.2.1 Daemon Server] - 2026-09-26T05:38:52.228Z - Time taken for 'createMetadata' 0.05040000000008149ms
[NX v23.2.1 Daemon Server] - 2026-09-26T05:38:52.228Z - Time taken for 'serialize graph' 4.8750999999997475ms
[NX v23.2.1 Daemon Server] - 2026-09-26T05:38:52.228Z - Time taken for 'write cache' 18.687800000000152ms
DEBUG nx::native::watch::watcher: idle-window emitting events count=10
DEBUG nx::native::watch::watcher: idle-window emitting events count=10
DEBUG nx::native::watch::watcher:   [update] apps/backend/src/modules/auth/strategies/jwt.strategy.ts
DEBUG nx::native::watch::watcher:   [update] apps/backend/src/modules/auth/services/auth.service.ts
DEBUG nx::native::watch::watcher:   [update] apps/backend/src/modules/auth/controllers/auth.controller.ts
DEBUG nx::native::watch::watcher:   [update] apps/backend/src/modules/carrito/dto/agregar-item-carrito.dto.ts
DEBUG nx::native::watch::watcher:   [update] apps/backend/src/main.ts
DEBUG nx::native::watch::watcher:   [update] apps/backend/src/infra/stripe/stripe.service.ts
DEBUG nx::native::watch::watcher:   [update] apps/backend/src/modules/auth/entities/log-acceso.entity.ts
DEBUG nx::native::watch::watcher:   [update] apps/backend/src/modules/auth/services/auth.service.ts
DEBUG nx::native::watch::watcher:   [update] apps/backend/src/main.ts
DEBUG nx::native::watch::watcher:   [update] apps/backend/src/modules/carrito/entities/carrito.entity.ts
DEBUG nx::native::watch::watcher:   [update] apps/backend/src/modules/auth/entities/log-acceso.entity.ts
DEBUG nx::native::watch::watcher:   [update] apps/backend/src/modules/auth/strategies/jwt.strategy.ts
DEBUG nx::native::watch::watcher:   [update] apps/backend/src/modules/carrito/entities/item-carrito.entity.ts
DEBUG nx::native::watch::watcher:   [update] apps/backend/src/modules/carrito/dto/agregar-item-carrito.dto.ts
DEBUG nx::native::watch::watcher:   [update] apps/backend/src/modules/auth/controllers/auth.controller.ts
DEBUG nx::native::watch::watcher:   [update] apps/backend/src/modules/auth/dto/registro-cliente.dto.ts
DEBUG nx::native::watch::watcher:   [update] apps/backend/src/modules/auth/dto/registro-cliente.dto.ts
DEBUG nx::native::watch::watcher:   [update] apps/backend/src/modules/carrito/entities/carrito.entity.ts
DEBUG nx::native::watch::watcher:   [update] apps/backend/src/infra/stripe/stripe.service.ts
DEBUG nx::native::watch::watcher:   [update] apps/backend/src/modules/carrito/entities/item-carrito.entity.ts
[NX v23.2.1 Daemon Server] - 2026-09-26T05:38:52.261Z - [WATCHER]: Processing file changes in outputs
[NX v23.2.1 Daemon Server] - 2026-09-26T05:38:52.262Z - [WATCHER]: 0 file(s) created or restored, 10 file(s) modified, 0 file(s) deleted
[NX v23.2.1 Daemon Server] - 2026-09-26T05:38:52.262Z - [WATCHER]: [watcher] routeWorkspaceChanges batch: 10 events: update:apps/backend/src/main.ts, update:apps/backend/src/modules/auth/entities/log-acceso.entity.ts, update:apps/backend/src/modules/auth/services/auth.service.ts, update:apps/backend/src/modules/auth/strategies/jwt.strategy.ts, update:apps/backend/src/modules/carrito/dto/agregar-item-carrito.dto.ts, update:apps/backend/src/modules/auth/controllers/auth.controller.ts, update:apps/backend/src/modules/auth/dto/registro-cliente.dto.ts, update:apps/backend/src/modules/carrito/entities/carrito.entity.ts, update:apps/backend/src/infra/stripe/stripe.service.ts, update:apps/backend/src/modules/carrito/entities/item-carrito.entity.ts
[NX v23.2.1 Daemon Server] - 2026-09-26T05:38:52.264Z - [WATCHER]: File changes detected:
Created:
(none)
Updated:
  - apps/backend/src/main.ts
  - apps/backend/src/modules/auth/entities/log-acceso.entity.ts
  - apps/backend/src/modules/auth/services/auth.service.ts
  - apps/backend/src/modules/auth/strategies/jwt.strategy.ts
  - apps/backend/src/modules/carrito/dto/agregar-item-carrito.dto.ts
  - apps/backend/src/modules/auth/controllers/auth.controller.ts
  - apps/backend/src/modules/auth/dto/registro-cliente.dto.ts
  - apps/backend/src/modules/carrito/entities/carrito.entity.ts
  - apps/backend/src/infra/stripe/stripe.service.ts
  - apps/backend/src/modules/carrito/entities/item-carrito.entity.ts
Deleted:
(none)
[NX v23.2.1 Daemon Server] - 2026-09-26T05:38:52.267Z - [SYNC]: clearing sync generators cache due to file changes
[NX v23.2.1 Daemon Server] - 2026-09-26T05:38:52.269Z - [REQUEST]: Updated workspace context based on watched changes, recomputing project graph...
[NX v23.2.1 Daemon Server] - 2026-09-26T05:38:52.269Z - [REQUEST]: apps/backend/src/infra/stripe/stripe.service.ts,apps/backend/src/modules/auth/strategies/jwt.strategy.ts,apps/backend/src/modules/auth/dto/registro-cliente.dto.ts,apps/backend/src/modules/auth/entities/log-acceso.entity.ts,apps/backend/src/modules/auth/services/auth.service.ts,apps/backend/src/modules/carrito/dto/agregar-item-carrito.dto.ts,apps/backend/src/main.ts,apps/backend/src/modules/carrito/entities/item-carrito.entity.ts,apps/backend/src/modules/auth/controllers/auth.controller.ts,apps/backend/src/modules/carrito/entities/carrito.entity.ts
[NX v23.2.1 Daemon Server] - 2026-09-26T05:38:52.269Z - [REQUEST]: 
[plugin-client] restarting worker for "nx/js/dependencies-and-lockfile"
[isolated-plugin] spawned worker for "nx/js/dependencies-and-lockfile" (pid: 21100, socket: \\.\pipe\nx\C:\Users\Gerar\AppData\Local\Temp\cc131f79\p33628-3-eaaa1aa2.sock)
[plugin-client] restarting worker for "nx/core/package-json"
[isolated-plugin] spawned worker for "nx/core/package-json" (pid: 15840, socket: \\.\pipe\nx\C:\Users\Gerar\AppData\Local\Temp\cc131f79\p33628-4-2528ea2b.sock)
[plugin-client] restarting worker for "nx/core/project-json"
[isolated-plugin] spawned worker for "nx/core/project-json" (pid: 924, socket: \\.\pipe\nx\C:\Users\Gerar\AppData\Local\Temp\cc131f79\p33628-5-b712494e.sock)
[NX v23.2.1 Daemon Server] - 2026-09-26T05:38:52.413Z - Time taken for 'hash changed files from watcher' 2.4113000000002103ms
DEBUG nx::native::watch::watcher: idle-window emitting events count=1
DEBUG nx::native::watch::watcher:   [update] apps/backend/src/modules/carrito/services/carrito.service.ts
DEBUG nx::native::watch::watcher: idle-window emitting events count=1
DEBUG nx::native::watch::watcher:   [update] apps/backend/src/modules/carrito/services/carrito.service.ts
[NX v23.2.1 Daemon Server] - 2026-09-26T05:38:52.418Z - [WATCHER]: apps/backend/src/modules/carrito/services/carrito.service.ts was modified
[NX v23.2.1 Daemon Server] - 2026-09-26T05:38:52.418Z - [WATCHER]: [watcher] routeWorkspaceChanges batch: 1 events: update:apps/backend/src/modules/carrito/services/carrito.service.ts
[NX v23.2.1 Daemon Server] - 2026-09-26T05:38:52.419Z - [WATCHER]: File changes detected:
Created:
(none)
Updated:
  - apps/backend/src/modules/carrito/services/carrito.service.ts
Deleted:
(none)
[NX v23.2.1 Daemon Server] - 2026-09-26T05:38:52.421Z - [SYNC]: clearing sync generators cache due to file changes
[NX v23.2.1 Daemon Server] - 2026-09-26T05:38:52.422Z - [REQUEST]: Updated workspace context based on watched changes, recomputing project graph...
[NX v23.2.1 Daemon Server] - 2026-09-26T05:38:52.422Z - [REQUEST]: apps/backend/src/infra/stripe/stripe.service.ts,apps/backend/src/modules/auth/strategies/jwt.strategy.ts,apps/backend/src/modules/auth/dto/registro-cliente.dto.ts,apps/backend/src/modules/auth/entities/log-acceso.entity.ts,apps/backend/src/modules/auth/services/auth.service.ts,apps/backend/src/modules/carrito/dto/agregar-item-carrito.dto.ts,apps/backend/src/main.ts,apps/backend/src/modules/carrito/entities/item-carrito.entity.ts,apps/backend/src/modules/auth/controllers/auth.controller.ts,apps/backend/src/modules/carrito/entities/carrito.entity.ts,apps/backend/src/modules/carrito/services/carrito.service.ts
[NX v23.2.1 Daemon Server] - 2026-09-26T05:38:52.422Z - [REQUEST]: 
[NX v23.2.1 Daemon Server] - 2026-09-26T05:38:52.425Z - Time taken for 'hash changed files from watcher' 1.641399999999976ms
[NX v23.2.1 Daemon Server] - 2026-09-26T05:38:52.426Z - [WATCHER]: Processing file changes in outputs
DEBUG nx::native::watch::watcher: idle-window emitting events count=7
DEBUG nx::native::watch::watcher: idle-window emitting events count=7
DEBUG nx::native::watch::watcher:   [update] apps/backend/src/modules/clientes/entities/cliente.entity.ts
DEBUG nx::native::watch::watcher:   [update] apps/backend/src/modules/empleados/controllers/empleados.controller.ts
DEBUG nx::native::watch::watcher:   [update] apps/backend/src/modules/cuenta/controllers/cuenta.controller.ts
DEBUG nx::native::watch::watcher:   [update] apps/backend/src/modules/configuracion/services/configuracion.service.ts
DEBUG nx::native::watch::watcher:   [update] apps/backend/src/modules/cuenta/services/cuenta.service.ts
DEBUG nx::native::watch::watcher:   [update] apps/backend/src/modules/empleados/controllers/empleados.controller.ts
DEBUG nx::native::watch::watcher:   [update] apps/backend/src/modules/cuenta/controllers/cuenta.controller.ts
DEBUG nx::native::watch::watcher:   [update] apps/backend/src/modules/clientes/entities/cliente.entity.ts
DEBUG nx::native::watch::watcher:   [update] apps/backend/src/modules/cuenta/services/cuenta.service.ts
DEBUG nx::native::watch::watcher:   [update] apps/backend/src/modules/configuracion/dto/update-configuracion.dto.ts
DEBUG nx::native::watch::watcher:   [update] apps/backend/src/modules/configuracion/services/configuracion.service.ts
DEBUG nx::native::watch::watcher:   [update] apps/backend/src/modules/configuracion/dto/update-configuracion.dto.ts
DEBUG nx::native::watch::watcher:   [update] apps/backend/src/modules/clientes/services/clientes.service.ts
DEBUG nx::native::watch::watcher:   [update] apps/backend/src/modules/clientes/services/clientes.service.ts
[NX v23.2.1 Daemon Server] - 2026-09-26T05:38:53.327Z - [WATCHER]: Processing file changes in outputs
[NX v23.2.1 Daemon Server] - 2026-09-26T05:38:53.328Z - [WATCHER]: 0 file(s) created or restored, 7 file(s) modified, 0 file(s) deleted
[NX v23.2.1 Daemon Server] - 2026-09-26T05:38:53.328Z - [WATCHER]: [watcher] routeWorkspaceChanges batch: 7 events: update:apps/backend/src/modules/clientes/entities/cliente.entity.ts, update:apps/backend/src/modules/cuenta/controllers/cuenta.controller.ts, update:apps/backend/src/modules/empleados/controllers/empleados.controller.ts, update:apps/backend/src/modules/cuenta/services/cuenta.service.ts, update:apps/backend/src/modules/configuracion/services/configuracion.service.ts, update:apps/backend/src/modules/configuracion/dto/update-configuracion.dto.ts, update:apps/backend/src/modules/clientes/services/clientes.service.ts
[NX v23.2.1 Daemon Server] - 2026-09-26T05:38:53.329Z - [WATCHER]: File changes detected:
Created:
(none)
Updated:
  - apps/backend/src/modules/clientes/entities/cliente.entity.ts
  - apps/backend/src/modules/cuenta/controllers/cuenta.controller.ts
  - apps/backend/src/modules/empleados/controllers/empleados.controller.ts
  - apps/backend/src/modules/cuenta/services/cuenta.service.ts
  - apps/backend/src/modules/configuracion/services/configuracion.service.ts
  - apps/backend/src/modules/configuracion/dto/update-configuracion.dto.ts
  - apps/backend/src/modules/clientes/services/clientes.service.ts
Deleted:
(none)
[NX v23.2.1 Daemon Server] - 2026-09-26T05:38:53.331Z - [SYNC]: clearing sync generators cache due to file changes
[NX v23.2.1 Daemon Server] - 2026-09-26T05:38:53.333Z - [REQUEST]: Updated workspace context based on watched changes, recomputing project graph...
[NX v23.2.1 Daemon Server] - 2026-09-26T05:38:53.333Z - [REQUEST]: apps/backend/src/infra/stripe/stripe.service.ts,apps/backend/src/modules/auth/strategies/jwt.strategy.ts,apps/backend/src/modules/auth/dto/registro-cliente.dto.ts,apps/backend/src/modules/auth/entities/log-acceso.entity.ts,apps/backend/src/modules/auth/services/auth.service.ts,apps/backend/src/modules/carrito/dto/agregar-item-carrito.dto.ts,apps/backend/src/main.ts,apps/backend/src/modules/carrito/entities/item-carrito.entity.ts,apps/backend/src/modules/auth/controllers/auth.controller.ts,apps/backend/src/modules/carrito/entities/carrito.entity.ts,apps/backend/src/modules/carrito/services/carrito.service.ts,apps/backend/src/modules/configuracion/dto/update-configuracion.dto.ts,apps/backend/src/modules/clientes/services/clientes.service.ts,apps/backend/src/modules/empleados/controllers/empleados.controller.ts,apps/backend/src/modules/cuenta/services/cuenta.service.ts,apps/backend/src/modules/clientes/entities/cliente.entity.ts,apps/backend/src/modules/configuracion/services/configuracion.service.ts,apps/backend/src/modules/cuenta/controllers/cuenta.controller.ts
[NX v23.2.1 Daemon Server] - 2026-09-26T05:38:53.333Z - [REQUEST]: 
[NX v23.2.1 Daemon Server] - 2026-09-26T05:38:53.336Z - Time taken for 'hash changed files from watcher' 1.865099999999984ms
[isolated-plugin] connected to worker for "nx/js/dependencies-and-lockfile" (pid: 21100)
[plugin-worker] "nx/js/dependencies-and-lockfile" (pid: 21100) listening on \\.\pipe\nx\C:\Users\Gerar\AppData\Local\Temp\cc131f79\p33628-3-eaaa1aa2.sock
[NX v23.2.1 Daemon Server] - 2026-09-26T05:38:53.359Z - Time taken for 'start-plugin-worker:nx/js/dependencies-and-lockfile' 1086.949ms
[plugin-worker] "nx/js/dependencies-and-lockfile" (pid: 21100) connected
[1m[33mTime taken for 'plugin worker 21100 code loading' 898.0229ms[39m[22m
[plugin-worker] "nx/core/package-json" (pid: 15840) listening on \\.\pipe\nx\C:\Users\Gerar\AppData\Local\Temp\cc131f79\p33628-4-2528ea2b.sock
[1m[33mTime taken for 'plugin worker 15840 code loading' 896.7456999999999ms[39m[22m
[isolated-plugin] connected to worker for "nx/core/package-json" (pid: 15840)
[NX v23.2.1 Daemon Server] - 2026-09-26T05:38:53.418Z - Time taken for 'start-plugin-worker:nx/core/package-json' 1100.4364000000005ms
[plugin-worker] "nx/core/package-json" (pid: 15840) connected
[plugin-worker] "nx/js/dependencies-and-lockfile" (pid: 21100) loaded successfully
[plugin-worker] "nx/core/package-json" (pid: 15840) loaded successfully
[plugin-worker] "nx/core/project-json" (pid: 924) listening on \\.\pipe\nx\C:\Users\Gerar\AppData\Local\Temp\cc131f79\p33628-5-b712494e.sock
[1m[33mTime taken for 'plugin worker 924 code loading' 891.1772ms[39m[22m
[isolated-plugin] connected to worker for "nx/core/project-json" (pid: 924)
[NX v23.2.1 Daemon Server] - 2026-09-26T05:38:53.465Z - Time taken for 'start-plugin-worker:nx/core/project-json' 1097.1439ms
[plugin-worker] "nx/core/project-json" (pid: 924) connected
[plugin-worker] "nx/core/project-json" (pid: 924) loaded successfully
[1m[33mTime taken for 'nx/core/project-json:createNodes' 0.14029999999991105ms[39m[22m
[1m[33mTime taken for 'nx/core/project-json:createNodes' 0.34999999999990905ms[39m[22m
[1m[33mTime taken for 'nx/core/project-json:createNodes' 0.4130999999999858ms[39m[22m
[isolated-plugin] shutting down worker for "nx/core/project-json" after createNodes
[1m[33mTime taken for 'nx/js/dependencies-and-lockfile:createNodes' 13.561399999999821ms[39m[22m
[1m[33mTime taken for 'nx/js/dependencies-and-lockfile:createNodes' 13.757299999999987ms[39m[22m
[1m[33mTime taken for 'nx/js/dependencies-and-lockfile:createNodes' 13.822399999999789ms[39m[22m
[1m[33mTime taken for 'nx/core/package-json:createNodes' 15.908400000000029ms[39m[22m
[1m[33mTime taken for 'nx/core/package-json:createNodes' 16.17139999999995ms[39m[22m
[1m[33mTime taken for 'nx/core/package-json:createNodes' 16.25960000000009ms[39m[22m
[isolated-plugin] shutting down worker for "nx/core/package-json" after createNodes
[NX v23.2.1 Daemon Server] - 2026-09-26T05:38:53.566Z - Time taken for 'build-project-configs' 203.04519999999957ms
[NX v23.2.1 Daemon Server] - 2026-09-26T05:38:53.566Z - Time taken for 'build-project-configs' 208.36189999999988ms
[NX v23.2.1 Daemon Server] - 2026-09-26T05:38:53.566Z - Time taken for 'build-project-configs' 213.30180000000018ms
[NX v23.2.1 Daemon Server] - 2026-09-26T05:38:53.566Z - Time taken for 'createNodes:merge' 4.807299999999486ms
[NX v23.2.1 Daemon Server] - 2026-09-26T05:38:53.566Z - Time taken for 'createNodes:merge' 5.206700000000637ms
[NX v23.2.1 Daemon Server] - 2026-09-26T05:38:53.566Z - Time taken for 'createNodes:merge' 4.783300000000054ms
[1m[33mTime taken for 'build typescript dependencies' 3.891399999999976ms[39m[22m
[isolated-plugin] shutting down worker for "nx/js/dependencies-and-lockfile" after createDependencies
[NX v23.2.1 Daemon Server] - 2026-09-26T05:38:53.603Z - [SYNC]: collect registered sync generators
[NX v23.2.1 Daemon Server] - 2026-09-26T05:38:53.604Z - [SYNC]: project graph hash is the same, not collecting task sync generators
[NX v23.2.1 Daemon Server] - 2026-09-26T05:38:53.604Z - [SYNC]: nx.json hash is the same, not collecting global sync generators
DEBUG nx::native::watch::watcher: idle-window emitting events count=6
DEBUG nx::native::watch::watcher:   [update] apps/backend/src/modules/lista-deseos/entities/lista-deseos.entity.ts
DEBUG nx::native::watch::watcher:   [update] apps/backend/src/modules/lista-deseos/controllers/lista-deseos.controller.ts
DEBUG nx::native::watch::watcher:   [update] apps/backend/src/modules/inventario/dto/query-movimiento.dto.ts
DEBUG nx::native::watch::watcher:   [update] apps/backend/src/modules/inventario/services/inventario.service.ts
DEBUG nx::native::watch::watcher:   [update] apps/backend/src/modules/inventario/dto/create-movimiento-inventario.dto.ts
DEBUG nx::native::watch::watcher:   [update] apps/backend/src/modules/lista-deseos/services/lista-deseos.service.ts
DEBUG nx::native::watch::watcher: idle-window emitting events count=6
DEBUG nx::native::watch::watcher:   [update] apps/backend/src/modules/inventario/dto/create-movimiento-inventario.dto.ts
DEBUG nx::native::watch::watcher:   [update] apps/backend/src/modules/inventario/dto/query-movimiento.dto.ts
DEBUG nx::native::watch::watcher:   [update] apps/backend/src/modules/lista-deseos/controllers/lista-deseos.controller.ts
DEBUG nx::native::watch::watcher:   [update] apps/backend/src/modules/lista-deseos/services/lista-deseos.service.ts
DEBUG nx::native::watch::watcher:   [update] apps/backend/src/modules/lista-deseos/entities/lista-deseos.entity.ts
DEBUG nx::native::watch::watcher:   [update] apps/backend/src/modules/inventario/services/inventario.service.ts
[NX v23.2.1 Daemon Server] - 2026-09-26T05:38:53.623Z - Wrote project graph cache to C:\Users\Gerar\Downloads\Proyectos\bibliohub\.nx\workspace-data\project-graph.json
[NX v23.2.1 Daemon Server] - 2026-09-26T05:38:53.625Z - Time taken for 'total execution time for createProjectGraph()' 47.47360000000026ms
[NX v23.2.1 Daemon Server] - 2026-09-26T05:38:53.625Z - Time taken for 'createDependencies' 36.0015999999996ms
[NX v23.2.1 Daemon Server] - 2026-09-26T05:38:53.625Z - Time taken for 'nx/js/dependencies-and-lockfile:createDependencies' 35.755300000000716ms
[NX v23.2.1 Daemon Server] - 2026-09-26T05:38:53.625Z - Time taken for 'createMetadata' 0.022800000000643195ms
[NX v23.2.1 Daemon Server] - 2026-09-26T05:38:53.625Z - Time taken for 'serialize graph' 3.38550000000032ms
[NX v23.2.1 Daemon Server] - 2026-09-26T05:38:53.625Z - Time taken for 'write cache' 18.542499999999563ms
[NX v23.2.1 Daemon Server] - 2026-09-26T05:38:53.631Z - [WATCHER]: Processing file changes in outputs
[NX v23.2.1 Daemon Server] - 2026-09-26T05:38:53.631Z - [WATCHER]: 0 file(s) created or restored, 6 file(s) modified, 0 file(s) deleted
[NX v23.2.1 Daemon Server] - 2026-09-26T05:38:53.631Z - [WATCHER]: [watcher] routeWorkspaceChanges batch: 6 events: update:apps/backend/src/modules/inventario/dto/create-movimiento-inventario.dto.ts, update:apps/backend/src/modules/inventario/dto/query-movimiento.dto.ts, update:apps/backend/src/modules/lista-deseos/controllers/lista-deseos.controller.ts, update:apps/backend/src/modules/lista-deseos/services/lista-deseos.service.ts, update:apps/backend/src/modules/lista-deseos/entities/lista-deseos.entity.ts, update:apps/backend/src/modules/inventario/services/inventario.service.ts
[NX v23.2.1 Daemon Server] - 2026-09-26T05:38:53.633Z - [WATCHER]: File changes detected:
Created:
(none)
Updated:
  - apps/backend/src/modules/inventario/dto/create-movimiento-inventario.dto.ts
  - apps/backend/src/modules/inventario/dto/query-movimiento.dto.ts
  - apps/backend/src/modules/lista-deseos/controllers/lista-deseos.controller.ts
  - apps/backend/src/modules/lista-deseos/services/lista-deseos.service.ts
  - apps/backend/src/modules/lista-deseos/entities/lista-deseos.entity.ts
  - apps/backend/src/modules/inventario/services/inventario.service.ts
Deleted:
(none)
[NX v23.2.1 Daemon Server] - 2026-09-26T05:38:53.635Z - [SYNC]: clearing sync generators cache due to file changes
[NX v23.2.1 Daemon Server] - 2026-09-26T05:38:53.636Z - [REQUEST]: Updated workspace context based on watched changes, recomputing project graph...
[NX v23.2.1 Daemon Server] - 2026-09-26T05:38:53.636Z - [REQUEST]: apps/backend/src/modules/inventario/dto/query-movimiento.dto.ts,apps/backend/src/modules/lista-deseos/entities/lista-deseos.entity.ts,apps/backend/src/modules/inventario/dto/create-movimiento-inventario.dto.ts,apps/backend/src/modules/lista-deseos/controllers/lista-deseos.controller.ts,apps/backend/src/modules/inventario/services/inventario.service.ts,apps/backend/src/modules/lista-deseos/services/lista-deseos.service.ts
[NX v23.2.1 Daemon Server] - 2026-09-26T05:38:53.636Z - [REQUEST]: 
[plugin-client] restarting worker for "nx/js/dependencies-and-lockfile"
[isolated-plugin] spawned worker for "nx/js/dependencies-and-lockfile" (pid: 26568, socket: \\.\pipe\nx\C:\Users\Gerar\AppData\Local\Temp\cc131f79\p33628-6-426e8379.sock)
[plugin-client] restarting worker for "nx/core/package-json"
[isolated-plugin] spawned worker for "nx/core/package-json" (pid: 33160, socket: \\.\pipe\nx\C:\Users\Gerar\AppData\Local\Temp\cc131f79\p33628-7-d0b95141.sock)
[plugin-client] restarting worker for "nx/core/project-json"
[isolated-plugin] spawned worker for "nx/core/project-json" (pid: 32776, socket: \\.\pipe\nx\C:\Users\Gerar\AppData\Local\Temp\cc131f79\p33628-8-7022843f.sock)
[NX v23.2.1 Daemon Server] - 2026-09-26T05:38:53.766Z - Time taken for 'hash changed files from watcher' 1.6864999999997963ms
DEBUG nx::native::watch::watcher: idle-window emitting events count=1
DEBUG nx::native::watch::watcher: idle-window emitting events count=1
DEBUG nx::native::watch::watcher:   [update] apps/backend/src/modules/pedidos/services/checkout.service.spec.ts
DEBUG nx::native::watch::watcher:   [update] apps/backend/src/modules/pedidos/services/checkout.service.spec.ts
[NX v23.2.1 Daemon Server] - 2026-09-26T05:38:53.778Z - [WATCHER]: Processing file changes in outputs
[NX v23.2.1 Daemon Server] - 2026-09-26T05:38:53.779Z - [WATCHER]: apps/backend/src/modules/pedidos/services/checkout.service.spec.ts was modified
[NX v23.2.1 Daemon Server] - 2026-09-26T05:38:53.779Z - [WATCHER]: [watcher] routeWorkspaceChanges batch: 1 events: update:apps/backend/src/modules/pedidos/services/checkout.service.spec.ts
[NX v23.2.1 Daemon Server] - 2026-09-26T05:38:53.779Z - [WATCHER]: File changes detected:
Created:
(none)
Updated:
  - apps/backend/src/modules/pedidos/services/checkout.service.spec.ts
Deleted:
(none)
[NX v23.2.1 Daemon Server] - 2026-09-26T05:38:53.781Z - [SYNC]: clearing sync generators cache due to file changes
[NX v23.2.1 Daemon Server] - 2026-09-26T05:38:53.783Z - [REQUEST]: Updated workspace context based on watched changes, recomputing project graph...
[NX v23.2.1 Daemon Server] - 2026-09-26T05:38:53.783Z - [REQUEST]: apps/backend/src/modules/inventario/dto/query-movimiento.dto.ts,apps/backend/src/modules/lista-deseos/entities/lista-deseos.entity.ts,apps/backend/src/modules/inventario/dto/create-movimiento-inventario.dto.ts,apps/backend/src/modules/lista-deseos/controllers/lista-deseos.controller.ts,apps/backend/src/modules/inventario/services/inventario.service.ts,apps/backend/src/modules/lista-deseos/services/lista-deseos.service.ts,apps/backend/src/modules/pedidos/services/checkout.service.spec.ts
[NX v23.2.1 Daemon Server] - 2026-09-26T05:38:53.783Z - [REQUEST]: 
[NX v23.2.1 Daemon Server] - 2026-09-26T05:38:53.790Z - Time taken for 'hash changed files from watcher' 1.5299999999997453ms
DEBUG nx::native::watch::watcher: idle-window emitting events count=9
DEBUG nx::native::watch::watcher: idle-window emitting events count=9
DEBUG nx::native::watch::watcher:   [update] apps/backend/src/modules/ventas/services/ventas.service.ts
DEBUG nx::native::watch::watcher:   [update] apps/backend/src/modules/proveedores/proveedores.module.ts
DEBUG nx::native::watch::watcher:   [update] apps/backend/src/modules/reportes/dto/query-historial-ventas.dto.ts
DEBUG nx::native::watch::watcher:   [update] apps/backend/src/modules/proveedores/dto/query-pedido-compra.dto.ts
DEBUG nx::native::watch::watcher:   [update] apps/backend/src/modules/reportes/dto/query-historial-ventas.dto.ts
DEBUG nx::native::watch::watcher:   [update] apps/backend/src/modules/ventas/entities/detalle-venta.entity.ts
DEBUG nx::native::watch::watcher:   [update] apps/backend/src/modules/proveedores/proveedores.module.ts
DEBUG nx::native::watch::watcher:   [update] apps/backend/src/modules/proveedores/dto/recibir-pedido-compra.dto.ts
DEBUG nx::native::watch::watcher:   [update] apps/backend/src/modules/reportes/services/reportes.service.ts
DEBUG nx::native::watch::watcher:   [update] apps/backend/src/modules/ventas/entities/detalle-venta.entity.ts
DEBUG nx::native::watch::watcher:   [update] apps/backend/src/modules/proveedores/entities/detalle-pedido-compra.entity.ts
DEBUG nx::native::watch::watcher:   [update] apps/backend/src/modules/proveedores/services/proveedores.service.ts
DEBUG nx::native::watch::watcher:   [update] apps/backend/src/modules/proveedores/dto/query-pedido-compra.dto.ts
DEBUG nx::native::watch::watcher:   [update] apps/backend/src/modules/ventas/services/ventas.service.ts
DEBUG nx::native::watch::watcher:   [update] apps/backend/src/modules/proveedores/dto/recibir-pedido-compra.dto.ts
DEBUG nx::native::watch::watcher:   [update] apps/backend/src/modules/proveedores/entities/detalle-pedido-compra.entity.ts
DEBUG nx::native::watch::watcher:   [update] apps/backend/src/modules/proveedores/services/proveedores.service.ts
DEBUG nx::native::watch::watcher:   [update] apps/backend/src/modules/reportes/services/reportes.service.ts
[NX v23.2.1 Daemon Server] - 2026-09-26T05:38:54.342Z - [WATCHER]: 0 file(s) created or restored, 9 file(s) modified, 0 file(s) deleted
[NX v23.2.1 Daemon Server] - 2026-09-26T05:38:54.342Z - [WATCHER]: [watcher] routeWorkspaceChanges batch: 9 events: update:apps/backend/src/modules/ventas/services/ventas.service.ts, update:apps/backend/src/modules/proveedores/proveedores.module.ts, update:apps/backend/src/modules/reportes/dto/query-historial-ventas.dto.ts, update:apps/backend/src/modules/proveedores/dto/query-pedido-compra.dto.ts, update:apps/backend/src/modules/ventas/entities/detalle-venta.entity.ts, update:apps/backend/src/modules/proveedores/dto/recibir-pedido-compra.dto.ts, update:apps/backend/src/modules/reportes/services/reportes.service.ts, update:apps/backend/src/modules/proveedores/entities/detalle-pedido-compra.entity.ts, update:apps/backend/src/modules/proveedores/services/proveedores.service.ts
[NX v23.2.1 Daemon Server] - 2026-09-26T05:38:54.344Z - [WATCHER]: File changes detected:
Created:
(none)
Updated:
  - apps/backend/src/modules/ventas/services/ventas.service.ts
  - apps/backend/src/modules/proveedores/proveedores.module.ts
  - apps/backend/src/modules/reportes/dto/query-historial-ventas.dto.ts
  - apps/backend/src/modules/proveedores/dto/query-pedido-compra.dto.ts
  - apps/backend/src/modules/ventas/entities/detalle-venta.entity.ts
  - apps/backend/src/modules/proveedores/dto/recibir-pedido-compra.dto.ts
  - apps/backend/src/modules/reportes/services/reportes.service.ts
  - apps/backend/src/modules/proveedores/entities/detalle-pedido-compra.entity.ts
  - apps/backend/src/modules/proveedores/services/proveedores.service.ts
Deleted:
(none)
[NX v23.2.1 Daemon Server] - 2026-09-26T05:38:54.347Z - [SYNC]: clearing sync generators cache due to file changes
[NX v23.2.1 Daemon Server] - 2026-09-26T05:38:54.348Z - [REQUEST]: Updated workspace context based on watched changes, recomputing project graph...
[NX v23.2.1 Daemon Server] - 2026-09-26T05:38:54.348Z - [REQUEST]: apps/backend/src/modules/inventario/dto/query-movimiento.dto.ts,apps/backend/src/modules/lista-deseos/entities/lista-deseos.entity.ts,apps/backend/src/modules/inventario/dto/create-movimiento-inventario.dto.ts,apps/backend/src/modules/lista-deseos/controllers/lista-deseos.controller.ts,apps/backend/src/modules/inventario/services/inventario.service.ts,apps/backend/src/modules/lista-deseos/services/lista-deseos.service.ts,apps/backend/src/modules/pedidos/services/checkout.service.spec.ts,apps/backend/src/modules/proveedores/entities/detalle-pedido-compra.entity.ts,apps/backend/src/modules/proveedores/services/proveedores.service.ts,apps/backend/src/modules/proveedores/dto/query-pedido-compra.dto.ts,apps/backend/src/modules/reportes/dto/query-historial-ventas.dto.ts,apps/backend/src/modules/ventas/services/ventas.service.ts,apps/backend/src/modules/proveedores/proveedores.module.ts,apps/backend/src/modules/reportes/services/reportes.service.ts,apps/backend/src/modules/ventas/entities/detalle-venta.entity.ts,apps/backend/src/modules/proveedores/dto/recibir-pedido-compra.dto.ts
[NX v23.2.1 Daemon Server] - 2026-09-26T05:38:54.348Z - [REQUEST]: 
[NX v23.2.1 Daemon Server] - 2026-09-26T05:38:54.351Z - [WATCHER]: Processing file changes in outputs
[NX v23.2.1 Daemon Server] - 2026-09-26T05:38:54.352Z - Time taken for 'hash changed files from watcher' 2.2911999999996624ms
[plugin-worker] "nx/js/dependencies-and-lockfile" (pid: 26568) listening on \\.\pipe\nx\C:\Users\Gerar\AppData\Local\Temp\cc131f79\p33628-6-426e8379.sock
[isolated-plugin] connected to worker for "nx/js/dependencies-and-lockfile" (pid: 26568)
[1m[33mTime taken for 'plugin worker 26568 code loading' 842.9469ms[39m[22m
[NX v23.2.1 Daemon Server] - 2026-09-26T05:38:54.673Z - Time taken for 'start-plugin-worker:nx/js/dependencies-and-lockfile' 1033.8229999999994ms
[plugin-worker] "nx/js/dependencies-and-lockfile" (pid: 26568) connected
[plugin-worker] "nx/core/package-json" (pid: 33160) listening on \\.\pipe\nx\C:\Users\Gerar\AppData\Local\Temp\cc131f79\p33628-7-d0b95141.sock
[1m[33mTime taken for 'plugin worker 33160 code loading' 839.9806ms[39m[22m
[isolated-plugin] connected to worker for "nx/core/package-json" (pid: 33160)
[NX v23.2.1 Daemon Server] - 2026-09-26T05:38:54.705Z - Time taken for 'start-plugin-worker:nx/core/package-json' 1025.2947999999997ms
[plugin-worker] "nx/core/package-json" (pid: 33160) connected
[plugin-worker] "nx/core/package-json" (pid: 33160) loaded successfully
[plugin-worker] "nx/core/project-json" (pid: 32776) listening on \\.\pipe\nx\C:\Users\Gerar\AppData\Local\Temp\cc131f79\p33628-8-7022843f.sock
[1m[33mTime taken for 'plugin worker 32776 code loading' 832.8117ms[39m[22m
[isolated-plugin] connected to worker for "nx/core/project-json" (pid: 32776)
[NX v23.2.1 Daemon Server] - 2026-09-26T05:38:54.750Z - Time taken for 'start-plugin-worker:nx/core/project-json' 1029.2451ms
[plugin-worker] "nx/js/dependencies-and-lockfile" (pid: 26568) loaded successfully
[plugin-worker] "nx/core/project-json" (pid: 32776) connected
[plugin-worker] "nx/core/project-json" (pid: 32776) loaded successfully
[1m[33mTime taken for 'nx/core/project-json:createNodes' 0.2418999999999869ms[39m[22m
[1m[33mTime taken for 'nx/core/project-json:createNodes' 0.5738999999999805ms[39m[22m
[1m[33mTime taken for 'nx/core/project-json:createNodes' 0.6942000000000235ms[39m[22m
[isolated-plugin] shutting down worker for "nx/core/project-json" after createNodes
[1m[33mTime taken for 'nx/js/dependencies-and-lockfile:createNodes' 14.279700000000048ms[39m[22m
[1m[33mTime taken for 'nx/js/dependencies-and-lockfile:createNodes' 14.629900000000134ms[39m[22m
[1m[33mTime taken for 'nx/js/dependencies-and-lockfile:createNodes' 14.734700000000203ms[39m[22m
[isolated-plugin] shutting down worker for "nx/core/package-json" after createNodes
[NX v23.2.1 Daemon Server] - 2026-09-26T05:38:54.866Z - Time taken for 'build-project-configs' 488.20580000000064ms
[NX v23.2.1 Daemon Server] - 2026-09-26T05:38:54.866Z - Time taken for 'build-project-configs' 493.0448000000006ms
[NX v23.2.1 Daemon Server] - 2026-09-26T05:38:54.866Z - Time taken for 'build-project-configs' 497.9841000000006ms
[NX v23.2.1 Daemon Server] - 2026-09-26T05:38:54.866Z - Time taken for 'createNodes:merge' 5.361299999999574ms
[NX v23.2.1 Daemon Server] - 2026-09-26T05:38:54.866Z - Time taken for 'createNodes:merge' 4.703199999999924ms
[NX v23.2.1 Daemon Server] - 2026-09-26T05:38:54.866Z - Time taken for 'createNodes:merge' 4.787299999999959ms
DEBUG nx::native::watch::watcher: idle-window emitting events count=14
DEBUG nx::native::watch::watcher: idle-window emitting events count=14
DEBUG nx::native::watch::watcher:   [update] apps/frontend/src/app/app.routes.ts
DEBUG nx::native::watch::watcher:   [update] apps/frontend/src/app/core/auth/auth.interceptor.ts
DEBUG nx::native::watch::watcher:   [update] apps/frontend/src/app/core/auth/auth.model.ts
DEBUG nx::native::watch::watcher:   [update] apps/frontend/src/app/core/auth/auth.model.ts
DEBUG nx::native::watch::watcher:   [update] apps/frontend/src/app/core/auth/auth.service.ts
DEBUG nx::native::watch::watcher:   [update] apps/frontend/src/app/domain/carrito/carrito.service.ts
DEBUG nx::native::watch::watcher:   [update] apps/frontend/src/app/app.html
DEBUG nx::native::watch::watcher:   [update] apps/frontend/src/app/app.config.ts
DEBUG nx::native::watch::watcher:   [update] apps/frontend/src/app/app.config.ts
DEBUG nx::native::watch::watcher:   [update] apps/frontend/src/app/app.html
DEBUG nx::native::watch::watcher:   [update] apps/frontend/src/app/core/auth/auth.interceptor.ts
DEBUG nx::native::watch::watcher:   [update] apps/frontend/src/app/core/auth/role.guard.ts
DEBUG nx::native::watch::watcher:   [update] apps/frontend/src/app/domain/catalogo/catalogo.service.ts
DEBUG nx::native::watch::watcher:   [update] apps/frontend/src/app/domain/catalogo/catalogo.service.ts
DEBUG nx::native::watch::watcher:   [update] apps/frontend/src/app/domain/clientes/clientes.service.ts
DEBUG nx::native::watch::watcher:   [update] apps/frontend/src/app/app.ts
DEBUG nx::native::watch::watcher:   [update] apps/frontend/src/app/app.routes.ts
DEBUG nx::native::watch::watcher:   [update] apps/frontend/src/app/app.ts
DEBUG nx::native::watch::watcher:   [update] apps/frontend/src/app/domain/cuenta/cuenta.service.ts
DEBUG nx::native::watch::watcher:   [update] apps/frontend/src/app/domain/empleados/empleados.service.ts
DEBUG nx::native::watch::watcher:   [update] apps/frontend/src/app/domain/clientes/clientes.service.ts
DEBUG nx::native::watch::watcher:   [update] apps/frontend/src/app/domain/lista-deseos/lista-deseos.service.ts
DEBUG nx::native::watch::watcher:   [update] apps/frontend/src/app/domain/carrito/carrito.service.ts
DEBUG nx::native::watch::watcher:   [update] apps/frontend/src/app/domain/cuenta/cuenta.service.ts
DEBUG nx::native::watch::watcher:   [update] apps/frontend/src/app/core/auth/auth.service.ts
DEBUG nx::native::watch::watcher:   [update] apps/frontend/src/app/core/auth/role.guard.ts
DEBUG nx::native::watch::watcher:   [update] apps/frontend/src/app/domain/lista-deseos/lista-deseos.service.ts
DEBUG nx::native::watch::watcher:   [update] apps/frontend/src/app/domain/empleados/empleados.service.ts
[NX v23.2.1 Daemon Server] - 2026-09-26T05:38:54.879Z - [WATCHER]: 0 file(s) created or restored, 14 file(s) modified, 0 file(s) deleted
[NX v23.2.1 Daemon Server] - 2026-09-26T05:38:54.879Z - [WATCHER]: [watcher] routeWorkspaceChanges batch: 14 events: update:apps/frontend/src/app/core/auth/auth.interceptor.ts, update:apps/frontend/src/app/core/auth/auth.model.ts, update:apps/frontend/src/app/core/auth/auth.service.ts, update:apps/frontend/src/app/app.config.ts, update:apps/frontend/src/app/app.html, update:apps/frontend/src/app/core/auth/role.guard.ts, update:apps/frontend/src/app/domain/catalogo/catalogo.service.ts, update:apps/frontend/src/app/domain/clientes/clientes.service.ts, update:apps/frontend/src/app/app.ts, update:apps/frontend/src/app/app.routes.ts, update:apps/frontend/src/app/domain/cuenta/cuenta.service.ts, update:apps/frontend/src/app/domain/empleados/empleados.service.ts, update:apps/frontend/src/app/domain/lista-deseos/lista-deseos.service.ts, update:apps/frontend/src/app/domain/carrito/carrito.service.ts
[NX v23.2.1 Daemon Server] - 2026-09-26T05:38:54.881Z - [WATCHER]: File changes detected:
Created:
(none)
Updated:
  - apps/frontend/src/app/core/auth/auth.interceptor.ts
  - apps/frontend/src/app/core/auth/auth.model.ts
  - apps/frontend/src/app/core/auth/auth.service.ts
  - apps/frontend/src/app/app.config.ts
  - apps/frontend/src/app/app.html
  - apps/frontend/src/app/core/auth/role.guard.ts
  - apps/frontend/src/app/domain/catalogo/catalogo.service.ts
  - apps/frontend/src/app/domain/clientes/clientes.service.ts
  - apps/frontend/src/app/app.ts
  - apps/frontend/src/app/app.routes.ts
  ... and 4 more
Deleted:
(none)
[NX v23.2.1 Daemon Server] - 2026-09-26T05:38:54.884Z - [SYNC]: clearing sync generators cache due to file changes
[NX v23.2.1 Daemon Server] - 2026-09-26T05:38:54.885Z - [REQUEST]: Updated workspace context based on watched changes, recomputing project graph...
[NX v23.2.1 Daemon Server] - 2026-09-26T05:38:54.885Z - [REQUEST]: apps/frontend/src/app/domain/empleados/empleados.service.ts,apps/frontend/src/app/app.ts,apps/frontend/src/app/core/auth/auth.model.ts,apps/frontend/src/app/domain/clientes/clientes.service.ts,apps/frontend/src/app/core/auth/role.guard.ts,apps/frontend/src/app/domain/lista-deseos/lista-deseos.service.ts,apps/frontend/src/app/app.routes.ts,apps/frontend/src/app/domain/catalogo/catalogo.service.ts,apps/frontend/src/app/core/auth/auth.interceptor.ts,apps/frontend/src/app/app.config.ts,apps/frontend/src/app/domain/carrito/carrito.service.ts,apps/frontend/src/app/domain/cuenta/cuenta.service.ts,apps/frontend/src/app/app.html,apps/frontend/src/app/core/auth/auth.service.ts
[NX v23.2.1 Daemon Server] - 2026-09-26T05:38:54.885Z - [REQUEST]: 
[plugin-client] restarting worker for "nx/core/package-json"
[isolated-plugin] spawned worker for "nx/core/package-json" (pid: 29168, socket: \\.\pipe\nx\C:\Users\Gerar\AppData\Local\Temp\cc131f79\p33628-9-a97ecde8.sock)
[plugin-client] restarting worker for "nx/core/project-json"
[isolated-plugin] spawned worker for "nx/core/project-json" (pid: 32248, socket: \\.\pipe\nx\C:\Users\Gerar\AppData\Local\Temp\cc131f79\p33628-a-439eed09.sock)
[NX v23.2.1 Daemon Server] - 2026-09-26T05:38:54.976Z - Time taken for 'hash changed files from watcher' 2.3132000000005064ms
[NX v23.2.1 Daemon Server] - 2026-09-26T05:38:54.981Z - [WATCHER]: Processing file changes in outputs
[1m[33mTime taken for 'build typescript dependencies' 4.0504000000000815ms[39m[22m
[NX v23.2.1 Daemon Server] - 2026-09-26T05:38:55.013Z - Time taken for 'total execution time for createProjectGraph()' 138.9909000000007ms
[NX v23.2.1 Daemon Server] - 2026-09-26T05:38:55.013Z - Time taken for 'createDependencies' 127.36270000000059ms
[NX v23.2.1 Daemon Server] - 2026-09-26T05:38:55.013Z - Time taken for 'nx/js/dependencies-and-lockfile:createDependencies' 127.14580000000024ms
[NX v23.2.1 Daemon Server] - 2026-09-26T05:38:55.013Z - Time taken for 'createMetadata' 0.03379999999924621ms
[NX v23.2.1 Daemon Server] - 2026-09-26T05:38:55.013Z - Time taken for 'serialize graph' 4.649500000000444ms
[1m[33mTime taken for 'nx/js/dependencies-and-lockfile:createNodes' 11.949800000000096ms[39m[22m
Fetching nx...
DEBUG nx::native::watch::watcher: idle-window emitting events count=13
DEBUG nx::native::watch::watcher: idle-window emitting events count=13
DEBUG nx::native::watch::watcher:   [update] apps/frontend/src/app/features/auth/pages/login/login.page.html
DEBUG nx::native::watch::watcher:   [update] apps/frontend/src/app/features/auth/pages/recuperar-password/recuperar-password.page.ts
DEBUG nx::native::watch::watcher:   [update] apps/frontend/src/app/features/auth/pages/reset-password/reset-password.page.ts
DEBUG nx::native::watch::watcher:   [update] apps/frontend/src/app/features/auth/pages/registro/registro.page.ts
DEBUG nx::native::watch::watcher:   [update] apps/frontend/src/app/features/clientes/clientes.routes.ts
DEBUG nx::native::watch::watcher:   [update] apps/frontend/src/app/features/auth/pages/reset-password/reset-password.page.ts
DEBUG nx::native::watch::watcher:   [update] apps/frontend/src/app/domain/reportes/reportes.service.ts
DEBUG nx::native::watch::watcher:   [update] apps/frontend/src/app/features/auth/pages/registro/registro.page.html
DEBUG nx::native::watch::watcher:   [update] apps/frontend/src/app/features/clientes/clientes.routes.ts
DEBUG nx::native::watch::watcher:   [update] apps/frontend/src/app/domain/pedidos/pedido-estado.ts
DEBUG nx::native::watch::watcher:   [update] apps/frontend/src/app/features/auth/auth.routes.ts
DEBUG nx::native::watch::watcher:   [update] apps/frontend/src/app/features/auth/pages/recuperar-password/recuperar-password.page.html
DEBUG nx::native::watch::watcher:   [update] apps/frontend/src/app/domain/pedidos/pedidos.service.ts
DEBUG nx::native::watch::watcher:   [update] apps/frontend/src/app/features/auth/pages/reset-password/reset-password.page.html
DEBUG nx::native::watch::watcher:   [update] apps/frontend/src/app/features/auth/pages/login/login.page.html
DEBUG nx::native::watch::watcher:   [update] apps/frontend/src/app/domain/pedidos/pedidos.service.ts
DEBUG nx::native::watch::watcher:   [update] apps/frontend/src/app/features/auth/pages/registro/registro.page.html
DEBUG nx::native::watch::watcher:   [update] apps/frontend/src/app/features/auth/auth.routes.ts
DEBUG nx::native::watch::watcher:   [update] apps/frontend/src/app/domain/pedidos/pedido-estado.ts
DEBUG nx::native::watch::watcher:   [update] apps/frontend/src/app/domain/reportes/reportes.service.ts
DEBUG nx::native::watch::watcher:   [update] apps/frontend/src/app/features/auth/pages/login/login.page.ts
DEBUG nx::native::watch::watcher:   [update] apps/frontend/src/app/features/auth/pages/recuperar-password/recuperar-password.page.ts
DEBUG nx::native::watch::watcher:   [update] apps/frontend/src/app/features/auth/pages/login/login.page.ts
DEBUG nx::native::watch::watcher:   [update] apps/frontend/src/app/features/auth/pages/registro/registro.page.ts
DEBUG nx::native::watch::watcher:   [update] apps/frontend/src/app/features/auth/pages/reset-password/reset-password.page.html
DEBUG nx::native::watch::watcher:   [update] apps/frontend/src/app/features/auth/pages/recuperar-password/recuperar-password.page.html
[NX v23.2.1 Daemon Server] - 2026-09-26T05:38:55.409Z - [WATCHER]: Processing file changes in outputs
[NX v23.2.1 Daemon Server] - 2026-09-26T05:38:55.409Z - [WATCHER]: 0 file(s) created or restored, 13 file(s) modified, 0 file(s) deleted
[NX v23.2.1 Daemon Server] - 2026-09-26T05:38:55.409Z - [WATCHER]: [watcher] routeWorkspaceChanges batch: 13 events: update:apps/frontend/src/app/features/auth/pages/login/login.page.html, update:apps/frontend/src/app/features/auth/pages/reset-password/reset-password.page.ts, update:apps/frontend/src/app/features/clientes/clientes.routes.ts, update:apps/frontend/src/app/domain/reportes/reportes.service.ts, update:apps/frontend/src/app/domain/pedidos/pedido-estado.ts, update:apps/frontend/src/app/domain/pedidos/pedidos.service.ts, update:apps/frontend/src/app/features/auth/pages/registro/registro.page.html, update:apps/frontend/src/app/features/auth/auth.routes.ts, update:apps/frontend/src/app/features/auth/pages/login/login.page.ts, update:apps/frontend/src/app/features/auth/pages/recuperar-password/recuperar-password.page.ts, update:apps/frontend/src/app/features/auth/pages/registro/registro.page.ts, update:apps/frontend/src/app/features/auth/pages/reset-password/reset-password.page.html, update:apps/frontend/src/app/features/auth/pages/recuperar-password/recuperar-password.page.html
[NX v23.2.1 Daemon Server] - 2026-09-26T05:38:55.412Z - [WATCHER]: File changes detected:
Created:
(none)
Updated:
  - apps/frontend/src/app/features/auth/pages/login/login.page.html
  - apps/frontend/src/app/features/auth/pages/reset-password/reset-password.page.ts
  - apps/frontend/src/app/features/clientes/clientes.routes.ts
  - apps/frontend/src/app/domain/reportes/reportes.service.ts
  - apps/frontend/src/app/domain/pedidos/pedido-estado.ts
  - apps/frontend/src/app/domain/pedidos/pedidos.service.ts
  - apps/frontend/src/app/features/auth/pages/registro/registro.page.html
  - apps/frontend/src/app/features/auth/auth.routes.ts
  - apps/frontend/src/app/features/auth/pages/login/login.page.ts
  - apps/frontend/src/app/features/auth/pages/recuperar-password/recuperar-password.page.ts
  ... and 3 more
Deleted:
(none)
[NX v23.2.1 Daemon Server] - 2026-09-26T05:38:55.415Z - [SYNC]: clearing sync generators cache due to file changes
[NX v23.2.1 Daemon Server] - 2026-09-26T05:38:55.417Z - [REQUEST]: Updated workspace context based on watched changes, recomputing project graph...
[NX v23.2.1 Daemon Server] - 2026-09-26T05:38:55.417Z - [REQUEST]: apps/frontend/src/app/domain/empleados/empleados.service.ts,apps/frontend/src/app/app.ts,apps/frontend/src/app/core/auth/auth.model.ts,apps/frontend/src/app/domain/clientes/clientes.service.ts,apps/frontend/src/app/core/auth/role.guard.ts,apps/frontend/src/app/domain/lista-deseos/lista-deseos.service.ts,apps/frontend/src/app/app.routes.ts,apps/frontend/src/app/domain/catalogo/catalogo.service.ts,apps/frontend/src/app/core/auth/auth.interceptor.ts,apps/frontend/src/app/app.config.ts,apps/frontend/src/app/domain/carrito/carrito.service.ts,apps/frontend/src/app/domain/cuenta/cuenta.service.ts,apps/frontend/src/app/app.html,apps/frontend/src/app/core/auth/auth.service.ts,apps/frontend/src/app/features/auth/pages/registro/registro.page.ts,apps/frontend/src/app/features/auth/auth.routes.ts,apps/frontend/src/app/domain/pedidos/pedido-estado.ts,apps/frontend/src/app/features/auth/pages/login/login.page.html,apps/frontend/src/app/domain/reportes/reportes.service.ts,apps/frontend/src/app/features/auth/pages/reset-password/reset-password.page.html,apps/frontend/src/app/features/clientes/clientes.routes.ts,apps/frontend/src/app/domain/pedidos/pedidos.service.ts,apps/frontend/src/app/features/auth/pages/registro/registro.page.html,apps/frontend/src/app/features/auth/pages/recuperar-password/recuperar-password.page.ts,apps/frontend/src/app/features/auth/pages/recuperar-password/recuperar-password.page.html,apps/frontend/src/app/features/auth/pages/login/login.page.ts,apps/frontend/src/app/features/auth/pages/reset-password/reset-password.page.ts
[NX v23.2.1 Daemon Server] - 2026-09-26T05:38:55.417Z - [REQUEST]: 
[NX v23.2.1 Daemon Server] - 2026-09-26T05:38:55.422Z - Time taken for 'hash changed files from watcher' 2.801400000000285ms
[1m[33mTime taken for 'nx/js/dependencies-and-lockfile:createNodes' 14.737900000000081ms[39m[22m
[plugin-worker] "nx/core/package-json" (pid: 29168) listening on \\.\pipe\nx\C:\Users\Gerar\AppData\Local\Temp\cc131f79\p33628-9-a97ecde8.sock
[isolated-plugin] connected to worker for "nx/core/package-json" (pid: 29168)
[1m[33mTime taken for 'plugin worker 29168 code loading' 775.0173ms[39m[22m
[NX v23.2.1 Daemon Server] - 2026-09-26T05:38:55.831Z - Time taken for 'start-plugin-worker:nx/core/package-json' 942.2309999999998ms
[plugin-worker] "nx/core/package-json" (pid: 29168) connected
[plugin-worker] "nx/core/package-json" (pid: 29168) loaded successfully
[isolated-plugin] connected to worker for "nx/core/project-json" (pid: 32248)
[plugin-worker] "nx/core/project-json" (pid: 32248) listening on \\.\pipe\nx\C:\Users\Gerar\AppData\Local\Temp\cc131f79\p33628-a-439eed09.sock
[NX v23.2.1 Daemon Server] - 2026-09-26T05:38:55.891Z - Time taken for 'start-plugin-worker:nx/core/project-json' 960.0384999999997ms
[plugin-worker] "nx/core/project-json" (pid: 32248) connected
[1m[33mTime taken for 'plugin worker 32248 code loading' 792.5253ms[39m[22m
DEBUG nx::native::watch::watcher: idle-window emitting events count=8
DEBUG nx::native::watch::watcher:   [update] apps/frontend/src/app/features/cuenta/components/pedido-tracker/pedido-tracker.component.ts
DEBUG nx::native::watch::watcher:   [update] apps/frontend/src/app/features/clientes/pages/clientes-listado/clientes-listado.page.ts
DEBUG nx::native::watch::watcher:   [update] apps/frontend/src/app/features/clientes/pages/cliente-detalle/cliente-detalle.page.ts
DEBUG nx::native::watch::watcher:   [update] apps/frontend/src/app/features/configuracion/configuracion.routes.ts
DEBUG nx::native::watch::watcher:   [update] apps/frontend/src/app/features/configuracion/pages/configuracion/configuracion.page.ts
DEBUG nx::native::watch::watcher:   [update] apps/frontend/src/app/features/cuenta/cuenta.routes.ts
DEBUG nx::native::watch::watcher:   [update] apps/frontend/src/app/features/configuracion/pages/configuracion/configuracion.page.html
DEBUG nx::native::watch::watcher:   [update] apps/frontend/src/app/features/clientes/pages/clientes-listado/clientes-listado.page.html
[NX v23.2.1 Daemon Server] - 2026-09-26T05:38:55.906Z - [WATCHER]: 0 file(s) created or restored, 8 file(s) modified, 0 file(s) deleted
[NX v23.2.1 Daemon Server] - 2026-09-26T05:38:55.906Z - [WATCHER]: [watcher] routeWorkspaceChanges batch: 8 events: update:apps/frontend/src/app/features/cuenta/components/pedido-tracker/pedido-tracker.component.ts, update:apps/frontend/src/app/features/clientes/pages/clientes-listado/clientes-listado.page.ts, update:apps/frontend/src/app/features/clientes/pages/cliente-detalle/cliente-detalle.page.ts, update:apps/frontend/src/app/features/configuracion/configuracion.routes.ts, update:apps/frontend/src/app/features/configuracion/pages/configuracion/configuracion.page.ts, update:apps/frontend/src/app/features/cuenta/cuenta.routes.ts, update:apps/frontend/src/app/features/configuracion/pages/configuracion/configuracion.page.html, update:apps/frontend/src/app/features/clientes/pages/clientes-listado/clientes-listado.page.html
[NX v23.2.1 Daemon Server] - 2026-09-26T05:38:55.908Z - [WATCHER]: File changes detected:
Created:
(none)
Updated:
  - apps/frontend/src/app/features/cuenta/components/pedido-tracker/pedido-tracker.component.ts
  - apps/frontend/src/app/features/clientes/pages/clientes-listado/clientes-listado.page.ts
  - apps/frontend/src/app/features/clientes/pages/cliente-detalle/cliente-detalle.page.ts
  - apps/frontend/src/app/features/configuracion/configuracion.routes.ts
  - apps/frontend/src/app/features/configuracion/pages/configuracion/configuracion.page.ts
  - apps/frontend/src/app/features/cuenta/cuenta.routes.ts
  - apps/frontend/src/app/features/configuracion/pages/configuracion/configuracion.page.html
  - apps/frontend/src/app/features/clientes/pages/clientes-listado/clientes-listado.page.html
Deleted:
(none)
[NX v23.2.1 Daemon Server] - 2026-09-26T05:38:55.913Z - [SYNC]: clearing sync generators cache due to file changes
[NX v23.2.1 Daemon Server] - 2026-09-26T05:38:55.915Z - [REQUEST]: Updated workspace context based on watched changes, recomputing project graph...
[NX v23.2.1 Daemon Server] - 2026-09-26T05:38:55.915Z - [REQUEST]: apps/frontend/src/app/domain/empleados/empleados.service.ts,apps/frontend/src/app/app.ts,apps/frontend/src/app/core/auth/auth.model.ts,apps/frontend/src/app/domain/clientes/clientes.service.ts,apps/frontend/src/app/core/auth/role.guard.ts,apps/frontend/src/app/domain/lista-deseos/lista-deseos.service.ts,apps/frontend/src/app/app.routes.ts,apps/frontend/src/app/domain/catalogo/catalogo.service.ts,apps/frontend/src/app/core/auth/auth.interceptor.ts,apps/frontend/src/app/app.config.ts,apps/frontend/src/app/domain/carrito/carrito.service.ts,apps/frontend/src/app/domain/cuenta/cuenta.service.ts,apps/frontend/src/app/app.html,apps/frontend/src/app/core/auth/auth.service.ts,apps/frontend/src/app/features/auth/pages/registro/registro.page.ts,apps/frontend/src/app/features/auth/auth.routes.ts,apps/frontend/src/app/domain/pedidos/pedido-estado.ts,apps/frontend/src/app/features/auth/pages/login/login.page.html,apps/frontend/src/app/domain/reportes/reportes.service.ts,apps/frontend/src/app/features/auth/pages/reset-password/reset-password.page.html,apps/frontend/src/app/features/clientes/clientes.routes.ts,apps/frontend/src/app/domain/pedidos/pedidos.service.ts,apps/frontend/src/app/features/auth/pages/registro/registro.page.html,apps/frontend/src/app/features/auth/pages/recuperar-password/recuperar-password.page.ts,apps/frontend/src/app/features/auth/pages/recuperar-password/recuperar-password.page.html,apps/frontend/src/app/features/auth/pages/login/login.page.ts,apps/frontend/src/app/features/auth/pages/reset-password/reset-password.page.ts,apps/frontend/src/app/features/clientes/pages/clientes-listado/clientes-listado.page.html,apps/frontend/src/app/features/cuenta/cuenta.routes.ts,apps/frontend/src/app/features/clientes/pages/clientes-listado/clientes-listado.page.ts,apps/frontend/src/app/features/configuracion/configuracion.routes.ts,apps/frontend/src/app/features/clientes/pages/cliente-detalle/cliente-detalle.page.ts,apps/frontend/src/app/features/cuenta/components/pedido-tracker/pedido-tracker.component.ts,apps/frontend/src/app/features/configuracion/pages/configuracion/configuracion.page.html,apps/frontend/src/app/features/configuracion/pages/configuracion/configuracion.page.ts
[NX v23.2.1 Daemon Server] - 2026-09-26T05:38:55.915Z - [REQUEST]: 
[NX v23.2.1 Daemon Server] - 2026-09-26T05:38:55.919Z - Time taken for 'hash changed files from watcher' 4.56880000000001ms
[plugin-worker] "nx/core/project-json" (pid: 32248) loaded successfully
[1m[33mTime taken for 'nx/core/package-json:createNodes' 17.726600000000076ms[39m[22m
[1m[33mTime taken for 'nx/core/package-json:createNodes' 17.927700000000073ms[39m[22m
[1m[33mTime taken for 'nx/core/project-json:createNodes' 0.13649999999995543ms[39m[22m
[1m[33mTime taken for 'nx/core/project-json:createNodes' 0.34409999999991214ms[39m[22m
[1m[33mTime taken for 'nx/core/project-json:createNodes' 0.46069999999997435ms[39m[22m
[isolated-plugin] shutting down worker for "nx/core/project-json" after createNodes
[NX v23.2.1 Daemon Server] - 2026-09-26T05:38:55.938Z - Time taken for 'build-project-configs' 14.91439999999966ms
[NX v23.2.1 Daemon Server] - 2026-09-26T05:38:55.938Z - Time taken for 'build-project-configs' 19.4979000000003ms
[NX v23.2.1 Daemon Server] - 2026-09-26T05:38:55.938Z - Time taken for 'createNodes:merge' 4.005900000000111ms
[NX v23.2.1 Daemon Server] - 2026-09-26T05:38:55.938Z - Time taken for 'createNodes:merge' 4.512899999999718ms
[1m[33mTime taken for 'nx/js/dependencies-and-lockfile:createNodes' 10.428100000000086ms[39m[22m
[1m[33mTime taken for 'nx/core/package-json:createNodes' 15.223900000000071ms[39m[22m
[isolated-plugin] shutting down worker for "nx/core/package-json" after createNodes
[NX v23.2.1 Daemon Server] - 2026-09-26T05:38:55.965Z - Time taken for 'build-project-configs' 32.04960000000028ms
[NX v23.2.1 Daemon Server] - 2026-09-26T05:38:55.965Z - Time taken for 'createNodes:merge' 3.266000000000531ms
[1m[33mTime taken for 'build typescript dependencies' 2.1239999999997963ms[39m[22m
[isolated-plugin] shutting down worker for "nx/js/dependencies-and-lockfile" after createDependencies
[NX v23.2.1 Daemon Server] - 2026-09-26T05:38:56.001Z - [SYNC]: collect registered sync generators
[NX v23.2.1 Daemon Server] - 2026-09-26T05:38:56.002Z - [SYNC]: project graph hash is the same, not collecting task sync generators
[NX v23.2.1 Daemon Server] - 2026-09-26T05:38:56.002Z - [SYNC]: nx.json hash is the same, not collecting global sync generators
[NX v23.2.1 Daemon Server] - 2026-09-26T05:38:56.023Z - Wrote project graph cache to C:\Users\Gerar\Downloads\Proyectos\bibliohub\.nx\workspace-data\project-graph.json
[NX v23.2.1 Daemon Server] - 2026-09-26T05:38:56.027Z - Time taken for 'total execution time for createProjectGraph()' 41.59730000000036ms
[NX v23.2.1 Daemon Server] - 2026-09-26T05:38:56.027Z - Time taken for 'createDependencies' 31.57549999999992ms
[NX v23.2.1 Daemon Server] - 2026-09-26T05:38:56.027Z - Time taken for 'nx/js/dependencies-and-lockfile:createDependencies' 31.315999999999804ms
[NX v23.2.1 Daemon Server] - 2026-09-26T05:38:56.027Z - Time taken for 'createMetadata' 0.04159999999956199ms
[NX v23.2.1 Daemon Server] - 2026-09-26T05:38:56.027Z - Time taken for 'serialize graph' 5.455899999999929ms
[NX v23.2.1 Daemon Server] - 2026-09-26T05:38:56.027Z - Time taken for 'write cache' 20.680499999999483ms
DEBUG nx::native::watch::watcher: idle-window emitting events count=55
DEBUG nx::native::watch::watcher:   [update] apps/frontend/src/app/features/cuenta/pages/compra-detalle.page.ts
DEBUG nx::native::watch::watcher:   [update] apps/backend/dist/modules/inventario/services/inventario.service.js.map
DEBUG nx::native::watch::watcher:   [update] apps/backend/dist/modules/clientes/entities/cliente.entity.d.ts
DEBUG nx::native::watch::watcher:   [update] apps/backend/dist/modules/lista-deseos/entities/lista-deseos.entity.d.ts
DEBUG nx::native::watch::watcher:   [update] apps/frontend/src/app/features/configuracion/pages/configuracion/configuracion.page.html
DEBUG nx::native::watch::watcher:   [update] apps/backend/dist/modules/lista-deseos/entities/lista-deseos.entity.js.map
DEBUG nx::native::watch::watcher:   [update] apps/backend/dist/modules/auth/controllers/auth.controller.js.map
DEBUG nx::native::watch::watcher:   [update] apps/backend/dist/modules/auth/services/auth.service.d.ts
DEBUG nx::native::watch::watcher:   [update] apps/backend/dist/modules/auth/entities/log-acceso.entity.js.map
DEBUG nx::native::watch::watcher:   [update] apps/backend/dist/modules/carrito/entities/item-carrito.entity.js
DEBUG nx::native::watch::watcher:   [update] apps/backend/dist/modules/carrito/entities/item-carrito.entity.d.ts
DEBUG nx::native::watch::watcher:   [update] apps/backend/dist/modules/auth/dto/registro-cliente.dto.d.ts
DEBUG nx::native::watch::watcher:   [update] apps/backend/dist/modules/auth/strategies/jwt.strategy.js
DEBUG nx::native::watch::watcher:   [update] apps/backend/dist/modules/clientes/entities/cliente.entity.js
DEBUG nx::native::watch::watcher:   [update] apps/backend/dist/modules/auth/entities/log-acceso.entity.d.ts
DEBUG nx::native::watch::watcher:   [update] apps/backend/dist/common/auth/roles.guard.js
DEBUG nx::native::watch::watcher:   [update] apps/frontend/src/app/features/configuracion/configuracion.routes.ts
DEBUG nx::native::watch::watcher:   [update] apps/backend/dist/modules/carrito/entities/item-carrito.entity.js.map
DEBUG nx::native::watch::watcher:   [update] apps/frontend/src/app/features/cuenta/cuenta.routes.ts
DEBUG nx::native::watch::watcher:   [update] apps/backend/dist/modules/auth/dto/registro-cliente.dto.js.map
DEBUG nx::native::watch::watcher:   [update] apps/backend/dist/modules/auth/controllers/auth.controller.js
DEBUG nx::native::watch::watcher:   [update] apps/backend/dist/modules/carrito/entities/carrito.entity.d.ts
DEBUG nx::native::watch::watcher:   [update] apps/frontend/src/app/features/cuenta/pages/compras.page.ts
DEBUG nx::native::watch::watcher:   [update] apps/backend/dist/modules/configuracion/dto/update-configuracion.dto.d.ts
DEBUG nx::native::watch::watcher:   [update] apps/frontend/src/app/features/cuenta/components/pedido-tracker/pedido-tracker.component.ts
DEBUG nx::native::watch::watcher:   [update] apps/frontend/src/app/features/clientes/pages/clientes-listado/clientes-listado.page.ts
DEBUG nx::native::watch::watcher:   [update] apps/backend/dist/modules/auth/services/auth.service.js
DEBUG nx::native::watch::watcher:   [update] apps/backend/dist/modules/inventario/dto/create-movimiento-inventario.dto.js
DEBUG nx::native::watch::watcher:   [update] apps/backend/dist/modules/inventario/services/inventario.service.js
DEBUG nx::native::watch::watcher:   [update] apps/backend/dist/modules/configuracion/dto/update-configuracion.dto.js.map
DEBUG nx::native::watch::watcher:   [update] apps/backend/dist/modules/inventario/dto/query-movimiento.dto.d.ts
DEBUG nx::native::watch::watcher:   [update] apps/backend/dist/modules/auth/controllers/auth.controller.d.ts
DEBUG nx::native::watch::watcher:   [update] apps/backend/dist/modules/inventario/dto/create-movimiento-inventario.dto.d.ts
DEBUG nx::native::watch::watcher:   [update] apps/backend/dist/modules/clientes/entities/cliente.entity.js.map
DEBUG nx::native::watch::watcher:   [update] apps/backend/dist/modules/configuracion/services/configuracion.service.js
DEBUG nx::native::watch::watcher:   [update] apps/backend/dist/modules/inventario/dto/create-movimiento-inventario.dto.js.map
DEBUG nx::native::watch::watcher:   [update] apps/backend/dist/modules/auth/services/auth.service.js.map
DEBUG nx::native::watch::watcher:   [update] apps/backend/dist/modules/auth/entities/log-acceso.entity.js
DEBUG nx::native::watch::watcher:   [update] apps/frontend/src/app/features/clientes/pages/clientes-listado/clientes-listado.page.html
DEBUG nx::native::watch::watcher:   [update] apps/backend/dist/modules/auth/dto/registro-cliente.dto.js
DEBUG nx::native::watch::watcher:   [update] apps/backend/dist/common/auth/roles.guard.d.ts
DEBUG nx::native::watch::watcher:   [update] apps/backend/dist/modules/inventario/dto/query-movimiento.dto.js.map
DEBUG nx::native::watch::watcher:   [update] apps/backend/dist/modules/inventario/services/inventario.service.d.ts
DEBUG nx::native::watch::watcher:   [update] apps/backend/dist/modules/carrito/entities/carrito.entity.js.map
DEBUG nx::native::watch::watcher:   [update] apps/frontend/src/app/features/configuracion/pages/configuracion/configuracion.page.ts
DEBUG nx::native::watch::watcher:   [update] apps/backend/dist/modules/carrito/entities/carrito.entity.js
DEBUG nx::native::watch::watcher:   [update] apps/backend/dist/modules/auth/strategies/jwt.strategy.d.ts
DEBUG nx::native::watch::watcher:   [update] apps/backend/dist/modules/inventario/dto/query-movimiento.dto.js
DEBUG nx::native::watch::watcher:   [update] apps/frontend/src/app/features/clientes/pages/cliente-detalle/cliente-detalle.page.ts
DEBUG nx::native::watch::watcher:   [update] apps/backend/dist/modules/configuracion/services/configuracion.service.js.map
DEBUG nx::native::watch::watcher:   [update] apps/backend/dist/modules/lista-deseos/entities/lista-deseos.entity.js
DEBUG nx::native::watch::watcher:   [update] apps/backend/dist/modules/configuracion/services/configuracion.service.d.ts
DEBUG nx::native::watch::watcher:   [update] apps/backend/dist/modules/auth/strategies/jwt.strategy.js.map
DEBUG nx::native::watch::watcher:   [update] apps/backend/dist/modules/configuracion/dto/update-configuracion.dto.js
DEBUG nx::native::watch::watcher:   [update] apps/backend/dist/common/auth/roles.guard.js.map
[NX v23.2.1 Daemon Server] - 2026-09-26T05:38:56.032Z - [WATCHER]: Processing file changes in outputs
DEBUG nx::native::watch::watcher: idle-window emitting events count=8
DEBUG nx::native::watch::watcher:   [update] apps/frontend/src/app/features/cuenta/pages/direcciones.page.ts
DEBUG nx::native::watch::watcher:   [update] apps/frontend/src/app/features/cuenta/pages/perfil.page.ts
DEBUG nx::native::watch::watcher:   [update] apps/frontend/src/app/features/cuenta/pages/tarjetas.page.ts
DEBUG nx::native::watch::watcher:   [update] apps/frontend/src/app/features/dashboard/dashboard.routes.ts
DEBUG nx::native::watch::watcher:   [update] apps/frontend/src/app/features/cuenta/pages/puntos.page.ts
DEBUG nx::native::watch::watcher:   [update] apps/frontend/src/app/features/cuenta/pages/seguridad.page.ts
DEBUG nx::native::watch::watcher:   [update] apps/frontend/src/app/features/cuenta/pages/compras.page.ts
DEBUG nx::native::watch::watcher:   [update] apps/frontend/src/app/features/cuenta/pages/compra-detalle.page.ts
[NX v23.2.1 Daemon Server] - 2026-09-26T05:38:56.427Z - [WATCHER]: 0 file(s) created or restored, 8 file(s) modified, 0 file(s) deleted
[NX v23.2.1 Daemon Server] - 2026-09-26T05:38:56.427Z - [WATCHER]: [watcher] routeWorkspaceChanges batch: 8 events: update:apps/frontend/src/app/features/cuenta/pages/direcciones.page.ts, update:apps/frontend/src/app/features/cuenta/pages/perfil.page.ts, update:apps/frontend/src/app/features/cuenta/pages/tarjetas.page.ts, update:apps/frontend/src/app/features/dashboard/dashboard.routes.ts, update:apps/frontend/src/app/features/cuenta/pages/puntos.page.ts, update:apps/frontend/src/app/features/cuenta/pages/seguridad.page.ts, update:apps/frontend/src/app/features/cuenta/pages/compras.page.ts, update:apps/frontend/src/app/features/cuenta/pages/compra-detalle.page.ts
[NX v23.2.1 Daemon Server] - 2026-09-26T05:38:56.428Z - [WATCHER]: File changes detected:
Created:
(none)
Updated:
  - apps/frontend/src/app/features/cuenta/pages/direcciones.page.ts
  - apps/frontend/src/app/features/cuenta/pages/perfil.page.ts
  - apps/frontend/src/app/features/cuenta/pages/tarjetas.page.ts
  - apps/frontend/src/app/features/dashboard/dashboard.routes.ts
  - apps/frontend/src/app/features/cuenta/pages/puntos.page.ts
  - apps/frontend/src/app/features/cuenta/pages/seguridad.page.ts
  - apps/frontend/src/app/features/cuenta/pages/compras.page.ts
  - apps/frontend/src/app/features/cuenta/pages/compra-detalle.page.ts
Deleted:
(none)
[NX v23.2.1 Daemon Server] - 2026-09-26T05:38:56.430Z - [SYNC]: clearing sync generators cache due to file changes
[NX v23.2.1 Daemon Server] - 2026-09-26T05:38:56.432Z - [REQUEST]: Updated workspace context based on watched changes, recomputing project graph...
[NX v23.2.1 Daemon Server] - 2026-09-26T05:38:56.432Z - [REQUEST]: apps/frontend/src/app/features/cuenta/pages/compra-detalle.page.ts,apps/frontend/src/app/features/cuenta/pages/puntos.page.ts,apps/frontend/src/app/features/cuenta/pages/tarjetas.page.ts,apps/frontend/src/app/features/cuenta/pages/compras.page.ts,apps/frontend/src/app/features/dashboard/dashboard.routes.ts,apps/frontend/src/app/features/cuenta/pages/direcciones.page.ts,apps/frontend/src/app/features/cuenta/pages/perfil.page.ts,apps/frontend/src/app/features/cuenta/pages/seguridad.page.ts
[NX v23.2.1 Daemon Server] - 2026-09-26T05:38:56.432Z - [REQUEST]: 
[plugin-client] restarting worker for "nx/js/dependencies-and-lockfile"
[isolated-plugin] spawned worker for "nx/js/dependencies-and-lockfile" (pid: 2976, socket: \\.\pipe\nx\C:\Users\Gerar\AppData\Local\Temp\cc131f79\p33628-b-d7989f99.sock)
[plugin-client] restarting worker for "nx/core/package-json"
[isolated-plugin] spawned worker for "nx/core/package-json" (pid: 9776, socket: \\.\pipe\nx\C:\Users\Gerar\AppData\Local\Temp\cc131f79\p33628-c-225bdde8.sock)
[plugin-client] restarting worker for "nx/core/project-json"
DEBUG nx::native::watch::watcher: idle-window emitting events count=46
DEBUG nx::native::watch::watcher:   [update] apps/backend/dist/modules/carrito/services/carrito.service.js.map
DEBUG nx::native::watch::watcher:   [update] apps/backend/dist/modules/cuenta/services/cuenta.service.js.map
DEBUG nx::native::watch::watcher:   [update] apps/backend/dist/modules/cuenta/controllers/cuenta.controller.js
DEBUG nx::native::watch::watcher:   [update] apps/frontend/src/app/features/cuenta/pages/seguridad.page.ts
DEBUG nx::native::watch::watcher:   [update] apps/backend/dist/modules/empleados/controllers/empleados.controller.js.map
DEBUG nx::native::watch::watcher:   [update] apps/backend/dist/modules/carrito/dto/agregar-item-carrito.dto.js.map
DEBUG nx::native::watch::watcher:   [update] apps/backend/dist/modules/clientes/clientes.module.d.ts
DEBUG nx::native::watch::watcher:   [update] apps/frontend/src/app/features/dashboard/pages/dashboard/dashboard.page.ts
DEBUG nx::native::watch::watcher:   [update] apps/backend/dist/modules/lista-deseos/controllers/lista-deseos.controller.js
DEBUG nx::native::watch::watcher:   [update] apps/backend/dist/modules/lista-deseos/services/lista-deseos.service.js.map
DEBUG nx::native::watch::watcher:   [update] apps/backend/dist/modules/lista-deseos/controllers/lista-deseos.controller.d.ts
DEBUG nx::native::watch::watcher:   [update] apps/backend/dist/modules/carrito/services/carrito.service.js
DEBUG nx::native::watch::watcher:   [update] apps/backend/dist/modules/cuenta/services/cuenta.service.js
DEBUG nx::native::watch::watcher:   [update] apps/backend/dist/modules/pedidos/pedidos.module.d.ts
DEBUG nx::native::watch::watcher:   [update] apps/frontend/src/app/features/cuenta/pages/direcciones.page.ts
DEBUG nx::native::watch::watcher:   [update] apps/frontend/src/app/features/dashboard/dashboard.routes.ts
DEBUG nx::native::watch::watcher:   [update] apps/backend/dist/modules/configuracion/controllers/configuracion.controller.d.ts
DEBUG nx::native::watch::watcher:   [update] apps/backend/dist/modules/cuenta/cuenta.module.d.ts
DEBUG nx::native::watch::watcher:   [update] apps/backend/dist/modules/carrito/dto/agregar-item-carrito.dto.js
DEBUG nx::native::watch::watcher:   [update] apps/backend/dist/modules/empleados/controllers/empleados.controller.d.ts
DEBUG nx::native::watch::watcher:   [update] apps/frontend/src/app/features/cuenta/pages/puntos.page.ts
DEBUG nx::native::watch::watcher:   [update] apps/backend/dist/modules/clientes/services/clientes.service.d.ts
DEBUG nx::native::watch::watcher:   [update] apps/backend/dist/modules/carrito/dto/agregar-item-carrito.dto.d.ts
DEBUG nx::native::watch::watcher:   [update] apps/backend/dist/modules/clientes/services/clientes.service.js
DEBUG nx::native::watch::watcher:   [update] apps/backend/dist/modules/carrito/controllers/carrito.controller.d.ts
DEBUG nx::native::watch::watcher:   [update] apps/backend/dist/modules/clientes/services/clientes.service.js.map
DEBUG nx::native::watch::watcher:   [update] apps/backend/dist/modules/carrito/carrito.module.d.ts
DEBUG nx::native::watch::watcher:   [update] apps/backend/dist/modules/configuracion/configuracion.module.d.ts
DEBUG nx::native::watch::watcher:   [update] apps/backend/dist/infra/stripe/stripe.service.js.map
DEBUG nx::native::watch::watcher:   [update] apps/backend/dist/infra/stripe/stripe.service.d.ts
DEBUG nx::native::watch::watcher:   [update] apps/frontend/src/app/features/cuenta/pages/tarjetas.page.ts
DEBUG nx::native::watch::watcher:   [update] apps/backend/dist/modules/cuenta/services/cuenta.service.d.ts
DEBUG nx::native::watch::watcher:   [update] apps/backend/dist/modules/cuenta/controllers/cuenta.controller.js.map
DEBUG nx::native::watch::watcher:   [update] apps/backend/dist/app.module.d.ts
DEBUG nx::native::watch::watcher:   [update] apps/backend/dist/modules/lista-deseos/services/lista-deseos.service.js
DEBUG nx::native::watch::watcher:   [update] apps/frontend/src/app/features/empleados/empleados.routes.ts
DEBUG nx::native::watch::watcher:   [update] apps/backend/dist/modules/cuenta/controllers/cuenta.controller.d.ts
DEBUG nx::native::watch::watcher:   [update] apps/backend/dist/modules/lista-deseos/controllers/lista-deseos.controller.js.map
DEBUG nx::native::watch::watcher:   [update] apps/frontend/src/app/features/empleados/pages/empleados/empleados.page.html
DEBUG nx::native::watch::watcher:   [update] apps/backend/dist/infra/stripe/stripe.service.js
DEBUG nx::native::watch::watcher:   [update] apps/backend/dist/modules/carrito/services/carrito.service.d.ts
DEBUG nx::native::watch::watcher:   [update] apps/backend/dist/modules/lista-deseos/services/lista-deseos.service.d.ts
DEBUG nx::native::watch::watcher:   [update] apps/backend/dist/modules/ventas/ventas.module.d.ts
DEBUG nx::native::watch::watcher:   [update] apps/backend/dist/main.js.map
DEBUG nx::native::watch::watcher:   [update] apps/frontend/src/app/features/cuenta/pages/perfil.page.ts
DEBUG nx::native::watch::watcher:   [update] apps/backend/dist/modules/empleados/controllers/empleados.controller.js
[isolated-plugin] spawned worker for "nx/core/project-json" (pid: 22276, socket: \\.\pipe\nx\C:\Users\Gerar\AppData\Local\Temp\cc131f79\p33628-d-870e9957.sock)
[NX v23.2.1 Daemon Server] - 2026-09-26T05:38:56.570Z - Time taken for 'hash changed files from watcher' 1.858900000000176ms
[NX v23.2.1 Daemon Server] - 2026-09-26T05:38:56.574Z - [WATCHER]: Processing file changes in outputs
DEBUG nx::native::watch::watcher: idle-window emitting events count=5
DEBUG nx::native::watch::watcher: idle-window emitting events count=4
DEBUG nx::native::watch::watcher:   [update] apps/frontend/src/app/features/empleados/empleados.routes.ts
DEBUG nx::native::watch::watcher:   [update] apps/frontend/src/app/features/empleados/pages/empleados/empleados.page.html
DEBUG nx::native::watch::watcher:   [update] apps/backend/dist/main.d.ts
DEBUG nx::native::watch::watcher:   [update] apps/frontend/src/app/features/inventario/inventario.routes.ts
DEBUG nx::native::watch::watcher:   [update] apps/frontend/src/app/features/dashboard/pages/dashboard/dashboard.page.ts
DEBUG nx::native::watch::watcher:   [update] apps/frontend/src/app/features/inventario/inventario.routes.ts
DEBUG nx::native::watch::watcher:   [update] apps/frontend/src/app/features/empleados/pages/empleados/empleados.page.ts
DEBUG nx::native::watch::watcher:   [update] apps/backend/dist/main.js
DEBUG nx::native::watch::watcher:   [update] apps/frontend/src/app/features/empleados/pages/empleados/empleados.page.ts
[NX v23.2.1 Daemon Server] - 2026-09-26T05:38:56.692Z - [WATCHER]: 0 file(s) created or restored, 5 file(s) modified, 0 file(s) deleted
[NX v23.2.1 Daemon Server] - 2026-09-26T05:38:56.692Z - [WATCHER]: [watcher] routeWorkspaceChanges batch: 5 events: update:apps/frontend/src/app/features/empleados/empleados.routes.ts, update:apps/frontend/src/app/features/empleados/pages/empleados/empleados.page.html, update:apps/frontend/src/app/features/inventario/inventario.routes.ts, update:apps/frontend/src/app/features/dashboard/pages/dashboard/dashboard.page.ts, update:apps/frontend/src/app/features/empleados/pages/empleados/empleados.page.ts
[NX v23.2.1 Daemon Server] - 2026-09-26T05:38:56.694Z - [WATCHER]: File changes detected:
Created:
(none)
Updated:
  - apps/frontend/src/app/features/empleados/empleados.routes.ts
  - apps/frontend/src/app/features/empleados/pages/empleados/empleados.page.html
  - apps/frontend/src/app/features/inventario/inventario.routes.ts
  - apps/frontend/src/app/features/dashboard/pages/dashboard/dashboard.page.ts
  - apps/frontend/src/app/features/empleados/pages/empleados/empleados.page.ts
Deleted:
(none)
[NX v23.2.1 Daemon Server] - 2026-09-26T05:38:56.696Z - [SYNC]: clearing sync generators cache due to file changes
[NX v23.2.1 Daemon Server] - 2026-09-26T05:38:56.698Z - [REQUEST]: Updated workspace context based on watched changes, recomputing project graph...
[NX v23.2.1 Daemon Server] - 2026-09-26T05:38:56.698Z - [REQUEST]: apps/frontend/src/app/features/cuenta/pages/compra-detalle.page.ts,apps/frontend/src/app/features/cuenta/pages/puntos.page.ts,apps/frontend/src/app/features/cuenta/pages/tarjetas.page.ts,apps/frontend/src/app/features/cuenta/pages/compras.page.ts,apps/frontend/src/app/features/dashboard/dashboard.routes.ts,apps/frontend/src/app/features/cuenta/pages/direcciones.page.ts,apps/frontend/src/app/features/cuenta/pages/perfil.page.ts,apps/frontend/src/app/features/cuenta/pages/seguridad.page.ts,apps/frontend/src/app/features/dashboard/pages/dashboard/dashboard.page.ts,apps/frontend/src/app/features/empleados/pages/empleados/empleados.page.ts,apps/frontend/src/app/features/empleados/empleados.routes.ts,apps/frontend/src/app/features/inventario/inventario.routes.ts,apps/frontend/src/app/features/empleados/pages/empleados/empleados.page.html
[NX v23.2.1 Daemon Server] - 2026-09-26T05:38:56.698Z - [REQUEST]: 
[NX v23.2.1 Daemon Server] - 2026-09-26T05:38:56.701Z - [WATCHER]: Processing file changes in outputs
[NX v23.2.1 Daemon Server] - 2026-09-26T05:38:56.701Z - Time taken for 'hash changed files from watcher' 1.936200000000099ms
DEBUG nx::native::watch::watcher: idle-window emitting events count=2
DEBUG nx::native::watch::watcher:   [update] apps/frontend/src/app/features/inventario/pages/catalogo-admin/catalogo-admin.page.html
DEBUG nx::native::watch::watcher:   [update] apps/frontend/src/app/features/inventario/pages/catalogo-admin/catalogo-admin.page.ts
DEBUG nx::native::watch::watcher: idle-window emitting events count=2
DEBUG nx::native::watch::watcher:   [update] apps/frontend/src/app/features/inventario/pages/catalogo-admin/catalogo-admin.page.html
DEBUG nx::native::watch::watcher:   [update] apps/frontend/src/app/features/inventario/pages/catalogo-admin/catalogo-admin.page.ts
[NX v23.2.1 Daemon Server] - 2026-09-26T05:38:56.861Z - [WATCHER]: Processing file changes in outputs
[NX v23.2.1 Daemon Server] - 2026-09-26T05:38:56.862Z - [WATCHER]: 0 file(s) created or restored, 2 file(s) modified, 0 file(s) deleted
[NX v23.2.1 Daemon Server] - 2026-09-26T05:38:56.862Z - [WATCHER]: [watcher] routeWorkspaceChanges batch: 2 events: update:apps/frontend/src/app/features/inventario/pages/catalogo-admin/catalogo-admin.page.html, update:apps/frontend/src/app/features/inventario/pages/catalogo-admin/catalogo-admin.page.ts
[NX v23.2.1 Daemon Server] - 2026-09-26T05:38:56.862Z - [WATCHER]: File changes detected:
Created:
(none)
Updated:
  - apps/frontend/src/app/features/inventario/pages/catalogo-admin/catalogo-admin.page.html
  - apps/frontend/src/app/features/inventario/pages/catalogo-admin/catalogo-admin.page.ts
Deleted:
(none)
[NX v23.2.1 Daemon Server] - 2026-09-26T05:38:56.864Z - [SYNC]: clearing sync generators cache due to file changes
[NX v23.2.1 Daemon Server] - 2026-09-26T05:38:56.866Z - [REQUEST]: Updated workspace context based on watched changes, recomputing project graph...
[NX v23.2.1 Daemon Server] - 2026-09-26T05:38:56.866Z - [REQUEST]: apps/frontend/src/app/features/cuenta/pages/compra-detalle.page.ts,apps/frontend/src/app/features/cuenta/pages/puntos.page.ts,apps/frontend/src/app/features/cuenta/pages/tarjetas.page.ts,apps/frontend/src/app/features/cuenta/pages/compras.page.ts,apps/frontend/src/app/features/dashboard/dashboard.routes.ts,apps/frontend/src/app/features/cuenta/pages/direcciones.page.ts,apps/frontend/src/app/features/cuenta/pages/perfil.page.ts,apps/frontend/src/app/features/cuenta/pages/seguridad.page.ts,apps/frontend/src/app/features/dashboard/pages/dashboard/dashboard.page.ts,apps/frontend/src/app/features/empleados/pages/empleados/empleados.page.ts,apps/frontend/src/app/features/empleados/empleados.routes.ts,apps/frontend/src/app/features/inventario/inventario.routes.ts,apps/frontend/src/app/features/empleados/pages/empleados/empleados.page.html,apps/frontend/src/app/features/inventario/pages/catalogo-admin/catalogo-admin.page.ts,apps/frontend/src/app/features/inventario/pages/catalogo-admin/catalogo-admin.page.html
[NX v23.2.1 Daemon Server] - 2026-09-26T05:38:56.866Z - [REQUEST]: 
[NX v23.2.1 Daemon Server] - 2026-09-26T05:38:56.870Z - Time taken for 'hash changed files from watcher' 1.7509999999992942ms
DEBUG nx::native::watch::watcher: idle-window emitting events count=8
DEBUG nx::native::watch::watcher: idle-window emitting events count=8
DEBUG nx::native::watch::watcher:   [update] apps/frontend/src/app/features/inventario/pages/movimiento-form/movimiento-form.page.css
DEBUG nx::native::watch::watcher:   [update] apps/frontend/src/app/features/landing/components/crowd-canvas/crowd-canvas.component.ts
DEBUG nx::native::watch::watcher:   [update] apps/frontend/src/app/features/inventario/pages/movimiento-form/movimiento-form.page.ts
DEBUG nx::native::watch::watcher:   [update] apps/frontend/src/app/features/inventario/pages/libro-form/libro-form.page.ts
DEBUG nx::native::watch::watcher:   [update] apps/frontend/src/app/features/inventario/pages/libros-listado/libros-listado.page.html
DEBUG nx::native::watch::watcher:   [update] apps/frontend/src/app/features/inventario/pages/libros-listado/libros-listado.page.ts
DEBUG nx::native::watch::watcher:   [update] apps/frontend/src/app/features/inventario/pages/movimiento-form/movimiento-form.page.html
DEBUG nx::native::watch::watcher:   [update] apps/frontend/src/app/features/inventario/pages/movimiento-form/movimiento-form.page.css
DEBUG nx::native::watch::watcher:   [update] apps/frontend/src/app/features/inventario/pages/movimiento-form/movimiento-form.page.html
DEBUG nx::native::watch::watcher:   [update] apps/frontend/src/app/features/inventario/services/inventario.service.ts
DEBUG nx::native::watch::watcher:   [update] apps/frontend/src/app/features/inventario/services/inventario.service.ts
DEBUG nx::native::watch::watcher:   [update] apps/frontend/src/app/features/landing/components/crowd-canvas/crowd-canvas.component.ts
DEBUG nx::native::watch::watcher:   [update] apps/frontend/src/app/features/inventario/pages/movimiento-form/movimiento-form.page.ts
DEBUG nx::native::watch::watcher:   [update] apps/frontend/src/app/features/inventario/pages/libros-listado/libros-listado.page.html
DEBUG nx::native::watch::watcher:   [update] apps/frontend/src/app/features/inventario/pages/libros-listado/libros-listado.page.ts
DEBUG nx::native::watch::watcher:   [update] apps/frontend/src/app/features/inventario/pages/libro-form/libro-form.page.ts
[NX v23.2.1 Daemon Server] - 2026-09-26T05:38:57.386Z - [WATCHER]: Processing file changes in outputs
[NX v23.2.1 Daemon Server] - 2026-09-26T05:38:57.386Z - [WATCHER]: 0 file(s) created or restored, 8 file(s) modified, 0 file(s) deleted
[NX v23.2.1 Daemon Server] - 2026-09-26T05:38:57.386Z - [WATCHER]: [watcher] routeWorkspaceChanges batch: 8 events: update:apps/frontend/src/app/features/inventario/pages/movimiento-form/movimiento-form.page.css, update:apps/frontend/src/app/features/inventario/pages/movimiento-form/movimiento-form.page.ts, update:apps/frontend/src/app/features/inventario/pages/libros-listado/libros-listado.page.ts, update:apps/frontend/src/app/features/inventario/pages/movimiento-form/movimiento-form.page.html, update:apps/frontend/src/app/features/inventario/services/inventario.service.ts, update:apps/frontend/src/app/features/landing/components/crowd-canvas/crowd-canvas.component.ts, update:apps/frontend/src/app/features/inventario/pages/libros-listado/libros-listado.page.html, update:apps/frontend/src/app/features/inventario/pages/libro-form/libro-form.page.ts
[NX v23.2.1 Daemon Server] - 2026-09-26T05:38:57.388Z - [WATCHER]: File changes detected:
Created:
(none)
Updated:
  - apps/frontend/src/app/features/inventario/pages/movimiento-form/movimiento-form.page.css
  - apps/frontend/src/app/features/inventario/pages/movimiento-form/movimiento-form.page.ts
  - apps/frontend/src/app/features/inventario/pages/libros-listado/libros-listado.page.ts
  - apps/frontend/src/app/features/inventario/pages/movimiento-form/movimiento-form.page.html
  - apps/frontend/src/app/features/inventario/services/inventario.service.ts
  - apps/frontend/src/app/features/landing/components/crowd-canvas/crowd-canvas.component.ts
  - apps/frontend/src/app/features/inventario/pages/libros-listado/libros-listado.page.html
  - apps/frontend/src/app/features/inventario/pages/libro-form/libro-form.page.ts
Deleted:
(none)
[NX v23.2.1 Daemon Server] - 2026-09-26T05:38:57.393Z - [SYNC]: clearing sync generators cache due to file changes
[NX v23.2.1 Daemon Server] - 2026-09-26T05:38:57.395Z - [REQUEST]: Updated workspace context based on watched changes, recomputing project graph...
[NX v23.2.1 Daemon Server] - 2026-09-26T05:38:57.396Z - [REQUEST]: apps/frontend/src/app/features/cuenta/pages/compra-detalle.page.ts,apps/frontend/src/app/features/cuenta/pages/puntos.page.ts,apps/frontend/src/app/features/cuenta/pages/tarjetas.page.ts,apps/frontend/src/app/features/cuenta/pages/compras.page.ts,apps/frontend/src/app/features/dashboard/dashboard.routes.ts,apps/frontend/src/app/features/cuenta/pages/direcciones.page.ts,apps/frontend/src/app/features/cuenta/pages/perfil.page.ts,apps/frontend/src/app/features/cuenta/pages/seguridad.page.ts,apps/frontend/src/app/features/dashboard/pages/dashboard/dashboard.page.ts,apps/frontend/src/app/features/empleados/pages/empleados/empleados.page.ts,apps/frontend/src/app/features/empleados/empleados.routes.ts,apps/frontend/src/app/features/inventario/inventario.routes.ts,apps/frontend/src/app/features/empleados/pages/empleados/empleados.page.html,apps/frontend/src/app/features/inventario/pages/catalogo-admin/catalogo-admin.page.ts,apps/frontend/src/app/features/inventario/pages/catalogo-admin/catalogo-admin.page.html,apps/frontend/src/app/features/inventario/pages/movimiento-form/movimiento-form.page.css,apps/frontend/src/app/features/inventario/pages/libros-listado/libros-listado.page.ts,apps/frontend/src/app/features/inventario/services/inventario.service.ts,apps/frontend/src/app/features/inventario/pages/libro-form/libro-form.page.ts,apps/frontend/src/app/features/inventario/pages/movimiento-form/movimiento-form.page.ts,apps/frontend/src/app/features/inventario/pages/movimiento-form/movimiento-form.page.html,apps/frontend/src/app/features/landing/components/crowd-canvas/crowd-canvas.component.ts,apps/frontend/src/app/features/inventario/pages/libros-listado/libros-listado.page.html
[NX v23.2.1 Daemon Server] - 2026-09-26T05:38:57.396Z - [REQUEST]: 
[NX v23.2.1 Daemon Server] - 2026-09-26T05:38:57.399Z - Time taken for 'hash changed files from watcher' 4.003999999998996ms
[isolated-plugin] connected to worker for "nx/js/dependencies-and-lockfile" (pid: 2976)
[plugin-worker] "nx/js/dependencies-and-lockfile" (pid: 2976) listening on \\.\pipe\nx\C:\Users\Gerar\AppData\Local\Temp\cc131f79\p33628-b-d7989f99.sock
[1m[33mTime taken for 'plugin worker 2976 code loading' 837.9045000000001ms[39m[22m
[NX v23.2.1 Daemon Server] - 2026-09-26T05:38:57.451Z - Time taken for 'start-plugin-worker:nx/js/dependencies-and-lockfile' 1015.0919000000004ms
[plugin-worker] "nx/js/dependencies-and-lockfile" (pid: 2976) connected
[plugin-worker] "nx/core/package-json" (pid: 9776) listening on \\.\pipe\nx\C:\Users\Gerar\AppData\Local\Temp\cc131f79\p33628-c-225bdde8.sock
[1m[33mTime taken for 'plugin worker 9776 code loading' 830.7735ms[39m[22m
[isolated-plugin] connected to worker for "nx/core/package-json" (pid: 9776)
[NX v23.2.1 Daemon Server] - 2026-09-26T05:38:57.492Z - Time taken for 'start-plugin-worker:nx/core/package-json' 1011.5194999999994ms
[plugin-worker] "nx/core/package-json" (pid: 9776) connected
[plugin-worker] "nx/core/package-json" (pid: 9776) loaded successfully
[plugin-worker] "nx/js/dependencies-and-lockfile" (pid: 2976) loaded successfully
[plugin-worker] "nx/core/project-json" (pid: 22276) listening on \\.\pipe\nx\C:\Users\Gerar\AppData\Local\Temp\cc131f79\p33628-d-870e9957.sock
[1m[33mTime taken for 'plugin worker 22276 code loading' 854.8622ms[39m[22m
[isolated-plugin] connected to worker for "nx/core/project-json" (pid: 22276)
[NX v23.2.1 Daemon Server] - 2026-09-26T05:38:57.565Z - Time taken for 'start-plugin-worker:nx/core/project-json' 1041.7846999999992ms
[plugin-worker] "nx/core/project-json" (pid: 22276) connected
DEBUG nx::native::watch::watcher: idle-window emitting events count=1
DEBUG nx::native::watch::watcher: idle-window emitting events count=1
DEBUG nx::native::watch::watcher:   [update] apps/frontend/src/app/features/landing/pages/landing/landing.page.ts
DEBUG nx::native::watch::watcher:   [update] apps/frontend/src/app/features/landing/pages/landing/landing.page.ts
[NX v23.2.1 Daemon Server] - 2026-09-26T05:38:57.570Z - [WATCHER]: apps/frontend/src/app/features/landing/pages/landing/landing.page.ts was modified
[NX v23.2.1 Daemon Server] - 2026-09-26T05:38:57.570Z - [WATCHER]: [watcher] routeWorkspaceChanges batch: 1 events: update:apps/frontend/src/app/features/landing/pages/landing/landing.page.ts
[NX v23.2.1 Daemon Server] - 2026-09-26T05:38:57.571Z - [WATCHER]: File changes detected:
Created:
(none)
Updated:
  - apps/frontend/src/app/features/landing/pages/landing/landing.page.ts
Deleted:
(none)
[NX v23.2.1 Daemon Server] - 2026-09-26T05:38:57.572Z - [SYNC]: clearing sync generators cache due to file changes
[NX v23.2.1 Daemon Server] - 2026-09-26T05:38:57.574Z - [REQUEST]: Updated workspace context based on watched changes, recomputing project graph...
[NX v23.2.1 Daemon Server] - 2026-09-26T05:38:57.574Z - [REQUEST]: apps/frontend/src/app/features/cuenta/pages/compra-detalle.page.ts,apps/frontend/src/app/features/cuenta/pages/puntos.page.ts,apps/frontend/src/app/features/cuenta/pages/tarjetas.page.ts,apps/frontend/src/app/features/cuenta/pages/compras.page.ts,apps/frontend/src/app/features/dashboard/dashboard.routes.ts,apps/frontend/src/app/features/cuenta/pages/direcciones.page.ts,apps/frontend/src/app/features/cuenta/pages/perfil.page.ts,apps/frontend/src/app/features/cuenta/pages/seguridad.page.ts,apps/frontend/src/app/features/dashboard/pages/dashboard/dashboard.page.ts,apps/frontend/src/app/features/empleados/pages/empleados/empleados.page.ts,apps/frontend/src/app/features/empleados/empleados.routes.ts,apps/frontend/src/app/features/inventario/inventario.routes.ts,apps/frontend/src/app/features/empleados/pages/empleados/empleados.page.html,apps/frontend/src/app/features/inventario/pages/catalogo-admin/catalogo-admin.page.ts,apps/frontend/src/app/features/inventario/pages/catalogo-admin/catalogo-admin.page.html,apps/frontend/src/app/features/inventario/pages/movimiento-form/movimiento-form.page.css,apps/frontend/src/app/features/inventario/pages/libros-listado/libros-listado.page.ts,apps/frontend/src/app/features/inventario/services/inventario.service.ts,apps/frontend/src/app/features/inventario/pages/libro-form/libro-form.page.ts,apps/frontend/src/app/features/inventario/pages/movimiento-form/movimiento-form.page.ts,apps/frontend/src/app/features/inventario/pages/movimiento-form/movimiento-form.page.html,apps/frontend/src/app/features/landing/components/crowd-canvas/crowd-canvas.component.ts,apps/frontend/src/app/features/inventario/pages/libros-listado/libros-listado.page.html,apps/frontend/src/app/features/landing/pages/landing/landing.page.ts
[NX v23.2.1 Daemon Server] - 2026-09-26T05:38:57.575Z - [REQUEST]: 
[NX v23.2.1 Daemon Server] - 2026-09-26T05:38:57.578Z - Time taken for 'hash changed files from watcher' 1.6317999999992026ms
[NX v23.2.1 Daemon Server] - 2026-09-26T05:38:57.578Z - [WATCHER]: Processing file changes in outputs
[plugin-worker] "nx/core/project-json" (pid: 22276) loaded successfully
[1m[33mTime taken for 'nx/core/project-json:createNodes' 0.17619999999999436ms[39m[22m
[1m[33mTime taken for 'nx/core/project-json:createNodes' 0.4174999999999045ms[39m[22m
[1m[33mTime taken for 'nx/core/project-json:createNodes' 0.5081000000000131ms[39m[22m
[1m[33mTime taken for 'nx/core/project-json:createNodes' 0.5512999999999693ms[39m[22m
[1m[33mTime taken for 'nx/core/project-json:createNodes' 0.6041999999999916ms[39m[22m
[isolated-plugin] shutting down worker for "nx/core/project-json" after createNodes
[1m[33mTime taken for 'nx/core/package-json:createNodes' 13.37639999999999ms[39m[22m
[1m[33mTime taken for 'nx/core/package-json:createNodes' 13.588599999999929ms[39m[22m
[1m[33mTime taken for 'nx/core/package-json:createNodes' 13.662699999999973ms[39m[22m
[1m[33mTime taken for 'nx/core/package-json:createNodes' 13.734000000000037ms[39m[22m
[1m[33mTime taken for 'nx/js/dependencies-and-lockfile:createNodes' 13.067399999999907ms[39m[22m
[1m[33mTime taken for 'nx/js/dependencies-and-lockfile:createNodes' 13.470100000000002ms[39m[22m
[1m[33mTime taken for 'nx/js/dependencies-and-lockfile:createNodes' 13.594499999999925ms[39m[22m
[1m[33mTime taken for 'nx/js/dependencies-and-lockfile:createNodes' 13.690599999999904ms[39m[22m
[NX v23.2.1 Daemon Server] - 2026-09-26T05:38:57.656Z - Time taken for 'build-project-configs' 47.975000000000364ms
[NX v23.2.1 Daemon Server] - 2026-09-26T05:38:57.656Z - Time taken for 'build-project-configs' 56.08740000000034ms
[NX v23.2.1 Daemon Server] - 2026-09-26T05:38:57.656Z - Time taken for 'build-project-configs' 66.6211000000003ms
[NX v23.2.1 Daemon Server] - 2026-09-26T05:38:57.656Z - Time taken for 'build-project-configs' 77.82190000000082ms
[NX v23.2.1 Daemon Server] - 2026-09-26T05:38:57.656Z - Time taken for 'createNodes:merge' 4.8541000000004715ms
[NX v23.2.1 Daemon Server] - 2026-09-26T05:38:57.656Z - Time taken for 'createNodes:merge' 4.634599999999409ms
[NX v23.2.1 Daemon Server] - 2026-09-26T05:38:57.656Z - Time taken for 'createNodes:merge' 4.970699999999852ms
[NX v23.2.1 Daemon Server] - 2026-09-26T05:38:57.656Z - Time taken for 'createNodes:merge' 5.787700000000768ms
[1m[33mTime taken for 'nx/core/package-json:createNodes' 15.008799999999837ms[39m[22m
[isolated-plugin] shutting down worker for "nx/core/package-json" after createNodes
[1m[33mTime taken for 'nx/js/dependencies-and-lockfile:createNodes' 14.8904ms[39m[22m
DEBUG nx::native::watch::watcher: idle-window emitting events count=2
DEBUG nx::native::watch::watcher:   [update] apps/frontend/src/app/features/pedidos-linea/pages/pedidos-linea/pedidos-linea.page.ts
DEBUG nx::native::watch::watcher:   [update] apps/frontend/src/app/features/pedidos-linea/pedidos-linea.routes.ts
DEBUG nx::native::watch::watcher: idle-window emitting events count=2
DEBUG nx::native::watch::watcher:   [update] apps/frontend/src/app/features/pedidos-linea/pedidos-linea.routes.ts
DEBUG nx::native::watch::watcher:   [update] apps/frontend/src/app/features/pedidos-linea/pages/pedidos-linea/pedidos-linea.page.ts
[NX v23.2.1 Daemon Server] - 2026-09-26T05:38:57.704Z - Time taken for 'build-project-configs' 100.5002999999997ms
[NX v23.2.1 Daemon Server] - 2026-09-26T05:38:57.705Z - Time taken for 'createNodes:merge' 9.58969999999863ms
[NX v23.2.1 Daemon Server] - 2026-09-26T05:38:57.710Z - [WATCHER]: Processing file changes in outputs
[NX v23.2.1 Daemon Server] - 2026-09-26T05:38:57.711Z - [WATCHER]: 0 file(s) created or restored, 2 file(s) modified, 0 file(s) deleted
[NX v23.2.1 Daemon Server] - 2026-09-26T05:38:57.711Z - [WATCHER]: [watcher] routeWorkspaceChanges batch: 2 events: update:apps/frontend/src/app/features/pedidos-linea/pedidos-linea.routes.ts, update:apps/frontend/src/app/features/pedidos-linea/pages/pedidos-linea/pedidos-linea.page.ts
[NX v23.2.1 Daemon Server] - 2026-09-26T05:38:57.712Z - [WATCHER]: File changes detected:
Created:
(none)
Updated:
  - apps/frontend/src/app/features/pedidos-linea/pedidos-linea.routes.ts
  - apps/frontend/src/app/features/pedidos-linea/pages/pedidos-linea/pedidos-linea.page.ts
Deleted:
(none)
[NX v23.2.1 Daemon Server] - 2026-09-26T05:38:57.714Z - [SYNC]: clearing sync generators cache due to file changes
[NX v23.2.1 Daemon Server] - 2026-09-26T05:38:57.716Z - [REQUEST]: Updated workspace context based on watched changes, recomputing project graph...
[NX v23.2.1 Daemon Server] - 2026-09-26T05:38:57.716Z - [REQUEST]: apps/frontend/src/app/features/pedidos-linea/pedidos-linea.routes.ts,apps/frontend/src/app/features/pedidos-linea/pages/pedidos-linea/pedidos-linea.page.ts
[NX v23.2.1 Daemon Server] - 2026-09-26T05:38:57.716Z - [REQUEST]: 
[plugin-client] restarting worker for "nx/core/package-json"
[isolated-plugin] spawned worker for "nx/core/package-json" (pid: 34500, socket: \\.\pipe\nx\C:\Users\Gerar\AppData\Local\Temp\cc131f79\p33628-e-cf1ef779.sock)
[plugin-client] restarting worker for "nx/core/project-json"
[isolated-plugin] spawned worker for "nx/core/project-json" (pid: 33096, socket: \\.\pipe\nx\C:\Users\Gerar\AppData\Local\Temp\cc131f79\p33628-f-c16baf02.sock)
[NX v23.2.1 Daemon Server] - 2026-09-26T05:38:57.867Z - Time taken for 'hash changed files from watcher' 2.0480999999999767ms
DEBUG nx::native::watch::watcher: idle-window emitting events count=2
DEBUG nx::native::watch::watcher:   [update] apps/frontend/src/app/features/proveedores/pages/pedido-compra-detalle/pedido-compra-detalle.page.html
DEBUG nx::native::watch::watcher:   [update] apps/frontend/src/app/features/proveedores/pages/pedido-compra-detalle/pedido-compra-detalle.page.ts
DEBUG nx::native::watch::watcher: idle-window emitting events count=2
DEBUG nx::native::watch::watcher:   [update] apps/frontend/src/app/features/proveedores/pages/pedido-compra-detalle/pedido-compra-detalle.page.ts
DEBUG nx::native::watch::watcher:   [update] apps/frontend/src/app/features/proveedores/pages/pedido-compra-detalle/pedido-compra-detalle.page.html
[NX v23.2.1 Daemon Server] - 2026-09-26T05:38:57.880Z - [WATCHER]: Processing file changes in outputs
[NX v23.2.1 Daemon Server] - 2026-09-26T05:38:57.880Z - [WATCHER]: 0 file(s) created or restored, 2 file(s) modified, 0 file(s) deleted
[NX v23.2.1 Daemon Server] - 2026-09-26T05:38:57.880Z - [WATCHER]: [watcher] routeWorkspaceChanges batch: 2 events: update:apps/frontend/src/app/features/proveedores/pages/pedido-compra-detalle/pedido-compra-detalle.page.ts, update:apps/frontend/src/app/features/proveedores/pages/pedido-compra-detalle/pedido-compra-detalle.page.html
[NX v23.2.1 Daemon Server] - 2026-09-26T05:38:57.881Z - [WATCHER]: File changes detected:
Created:
(none)
Updated:
  - apps/frontend/src/app/features/proveedores/pages/pedido-compra-detalle/pedido-compra-detalle.page.ts
  - apps/frontend/src/app/features/proveedores/pages/pedido-compra-detalle/pedido-compra-detalle.page.html
Deleted:
(none)
[NX v23.2.1 Daemon Server] - 2026-09-26T05:38:57.883Z - [SYNC]: clearing sync generators cache due to file changes
[NX v23.2.1 Daemon Server] - 2026-09-26T05:38:57.885Z - [REQUEST]: Updated workspace context based on watched changes, recomputing project graph...
[NX v23.2.1 Daemon Server] - 2026-09-26T05:38:57.885Z - [REQUEST]: apps/frontend/src/app/features/pedidos-linea/pedidos-linea.routes.ts,apps/frontend/src/app/features/pedidos-linea/pages/pedidos-linea/pedidos-linea.page.ts,apps/frontend/src/app/features/proveedores/pages/pedido-compra-detalle/pedido-compra-detalle.page.html,apps/frontend/src/app/features/proveedores/pages/pedido-compra-detalle/pedido-compra-detalle.page.ts
[NX v23.2.1 Daemon Server] - 2026-09-26T05:38:57.885Z - [REQUEST]: 
[NX v23.2.1 Daemon Server] - 2026-09-26T05:38:57.902Z - Time taken for 'hash changed files from watcher' 1.9401999999990949ms
[1m[33mTime taken for 'build typescript dependencies' 6.38799999999992ms[39m[22m
[1m[33mTime taken for 'nx/js/dependencies-and-lockfile:createNodes' 18.2962ms[39m[22m
[NX v23.2.1 Daemon Server] - 2026-09-26T05:38:57.935Z - Time taken for 'total execution time for createProjectGraph()' 239.39489999999932ms
[NX v23.2.1 Daemon Server] - 2026-09-26T05:38:57.935Z - Time taken for 'createDependencies' 225.7458000000006ms
[NX v23.2.1 Daemon Server] - 2026-09-26T05:38:57.936Z - Time taken for 'nx/js/dependencies-and-lockfile:createDependencies' 225.45849999999882ms
[NX v23.2.1 Daemon Server] - 2026-09-26T05:38:57.936Z - Time taken for 'createMetadata' 0.0316000000002532ms
[NX v23.2.1 Daemon Server] - 2026-09-26T05:38:57.936Z - Time taken for 'serialize graph' 6.529899999999543ms
[1m[33mTime taken for 'nx/js/dependencies-and-lockfile:createNodes' 16.383299999999963ms[39m[22m
DEBUG nx::native::watch::watcher: idle-window emitting events count=2
DEBUG nx::native::watch::watcher:   [update] apps/frontend/src/app/features/proveedores/pages/pedido-compra-form/pedido-compra-form.page.ts
DEBUG nx::native::watch::watcher:   [update] apps/frontend/src/app/features/proveedores/pages/pedido-compra-form/pedido-compra-form.page.html
DEBUG nx::native::watch::watcher: idle-window emitting events count=2
DEBUG nx::native::watch::watcher:   [update] apps/frontend/src/app/features/proveedores/pages/pedido-compra-form/pedido-compra-form.page.html
DEBUG nx::native::watch::watcher:   [update] apps/frontend/src/app/features/proveedores/pages/pedido-compra-form/pedido-compra-form.page.ts
[NX v23.2.1 Daemon Server] - 2026-09-26T05:38:58.149Z - [WATCHER]: 0 file(s) created or restored, 2 file(s) modified, 0 file(s) deleted
[NX v23.2.1 Daemon Server] - 2026-09-26T05:38:58.149Z - [WATCHER]: [watcher] routeWorkspaceChanges batch: 2 events: update:apps/frontend/src/app/features/proveedores/pages/pedido-compra-form/pedido-compra-form.page.ts, update:apps/frontend/src/app/features/proveedores/pages/pedido-compra-form/pedido-compra-form.page.html
[NX v23.2.1 Daemon Server] - 2026-09-26T05:38:58.149Z - [WATCHER]: File changes detected:
Created:
(none)
Updated:
  - apps/frontend/src/app/features/proveedores/pages/pedido-compra-form/pedido-compra-form.page.ts
  - apps/frontend/src/app/features/proveedores/pages/pedido-compra-form/pedido-compra-form.page.html
Deleted:
(none)
[NX v23.2.1 Daemon Server] - 2026-09-26T05:38:58.154Z - [SYNC]: clearing sync generators cache due to file changes
[NX v23.2.1 Daemon Server] - 2026-09-26T05:38:58.156Z - [REQUEST]: Updated workspace context based on watched changes, recomputing project graph...
[NX v23.2.1 Daemon Server] - 2026-09-26T05:38:58.156Z - [REQUEST]: apps/frontend/src/app/features/pedidos-linea/pedidos-linea.routes.ts,apps/frontend/src/app/features/pedidos-linea/pages/pedidos-linea/pedidos-linea.page.ts,apps/frontend/src/app/features/proveedores/pages/pedido-compra-detalle/pedido-compra-detalle.page.html,apps/frontend/src/app/features/proveedores/pages/pedido-compra-detalle/pedido-compra-detalle.page.ts,apps/frontend/src/app/features/proveedores/pages/pedido-compra-form/pedido-compra-form.page.ts,apps/frontend/src/app/features/proveedores/pages/pedido-compra-form/pedido-compra-form.page.html
[NX v23.2.1 Daemon Server] - 2026-09-26T05:38:58.156Z - [REQUEST]: 
[NX v23.2.1 Daemon Server] - 2026-09-26T05:38:58.163Z - [WATCHER]: Processing file changes in outputs
[NX v23.2.1 Daemon Server] - 2026-09-26T05:38:58.163Z - Time taken for 'hash changed files from watcher' 4.24330000000009ms
[1m[33mTime taken for 'nx/js/dependencies-and-lockfile:createNodes' 16.32309999999984ms[39m[22m
DEBUG nx::native::watch::watcher: idle-window emitting events count=1
DEBUG nx::native::watch::watcher:   [update] apps/frontend/src/app/features/proveedores/pages/pedidos-compra-listado/pedidos-compra-listado.page.ts
DEBUG nx::native::watch::watcher: idle-window emitting events count=1
DEBUG nx::native::watch::watcher:   [update] apps/frontend/src/app/features/proveedores/pages/pedidos-compra-listado/pedidos-compra-listado.page.ts
[NX v23.2.1 Daemon Server] - 2026-09-26T05:38:58.302Z - [WATCHER]: Processing file changes in outputs
[NX v23.2.1 Daemon Server] - 2026-09-26T05:38:58.302Z - [WATCHER]: apps/frontend/src/app/features/proveedores/pages/pedidos-compra-listado/pedidos-compra-listado.page.ts was modified
[NX v23.2.1 Daemon Server] - 2026-09-26T05:38:58.302Z - [WATCHER]: [watcher] routeWorkspaceChanges batch: 1 events: update:apps/frontend/src/app/features/proveedores/pages/pedidos-compra-listado/pedidos-compra-listado.page.ts
[NX v23.2.1 Daemon Server] - 2026-09-26T05:38:58.303Z - [WATCHER]: File changes detected:
Created:
(none)
Updated:
  - apps/frontend/src/app/features/proveedores/pages/pedidos-compra-listado/pedidos-compra-listado.page.ts
Deleted:
(none)
[NX v23.2.1 Daemon Server] - 2026-09-26T05:38:58.305Z - [SYNC]: clearing sync generators cache due to file changes
[NX v23.2.1 Daemon Server] - 2026-09-26T05:38:58.307Z - [REQUEST]: Updated workspace context based on watched changes, recomputing project graph...
[NX v23.2.1 Daemon Server] - 2026-09-26T05:38:58.308Z - [REQUEST]: apps/frontend/src/app/features/pedidos-linea/pedidos-linea.routes.ts,apps/frontend/src/app/features/pedidos-linea/pages/pedidos-linea/pedidos-linea.page.ts,apps/frontend/src/app/features/proveedores/pages/pedido-compra-detalle/pedido-compra-detalle.page.html,apps/frontend/src/app/features/proveedores/pages/pedido-compra-detalle/pedido-compra-detalle.page.ts,apps/frontend/src/app/features/proveedores/pages/pedido-compra-form/pedido-compra-form.page.ts,apps/frontend/src/app/features/proveedores/pages/pedido-compra-form/pedido-compra-form.page.html,apps/frontend/src/app/features/proveedores/pages/pedidos-compra-listado/pedidos-compra-listado.page.ts
[NX v23.2.1 Daemon Server] - 2026-09-26T05:38:58.308Z - [REQUEST]: 
[NX v23.2.1 Daemon Server] - 2026-09-26T05:38:58.314Z - Time taken for 'hash changed files from watcher' 1.6739999999990687ms
[1m[33mTime taken for 'nx/js/dependencies-and-lockfile:createNodes' 15.258199999999988ms[39m[22m
DEBUG nx::native::watch::watcher: idle-window emitting events count=6
DEBUG nx::native::watch::watcher:   [update] apps/frontend/src/app/features/proveedores/pages/proveedores-listado/proveedores-listado.page.html
DEBUG nx::native::watch::watcher:   [update] apps/frontend/src/app/features/reportes/components/reportes-tabs/reportes-tabs.component.ts
DEBUG nx::native::watch::watcher:   [update] apps/frontend/src/app/features/proveedores/proveedores.routes.ts
DEBUG nx::native::watch::watcher:   [update] apps/frontend/src/app/features/proveedores/services/proveedores.service.ts
DEBUG nx::native::watch::watcher:   [update] apps/frontend/src/app/features/proveedores/pages/proveedores-listado/proveedores-listado.page.ts
DEBUG nx::native::watch::watcher:   [update] apps/frontend/src/app/features/reportes/pages/historial/historial.page.css
[NX v23.2.1 Daemon Server] - 2026-09-26T05:38:58.617Z - [WATCHER]: 0 file(s) created or restored, 6 file(s) modified, 0 file(s) deleted
[NX v23.2.1 Daemon Server] - 2026-09-26T05:38:58.617Z - [WATCHER]: [watcher] routeWorkspaceChanges batch: 6 events: update:apps/frontend/src/app/features/proveedores/pages/proveedores-listado/proveedores-listado.page.html, update:apps/frontend/src/app/features/reportes/components/reportes-tabs/reportes-tabs.component.ts, update:apps/frontend/src/app/features/proveedores/proveedores.routes.ts, update:apps/frontend/src/app/features/proveedores/services/proveedores.service.ts, update:apps/frontend/src/app/features/proveedores/pages/proveedores-listado/proveedores-listado.page.ts, update:apps/frontend/src/app/features/reportes/pages/historial/historial.page.css
[NX v23.2.1 Daemon Server] - 2026-09-26T05:38:58.618Z - [WATCHER]: File changes detected:
Created:
(none)
Updated:
  - apps/frontend/src/app/features/proveedores/pages/proveedores-listado/proveedores-listado.page.html
  - apps/frontend/src/app/features/reportes/components/reportes-tabs/reportes-tabs.component.ts
  - apps/frontend/src/app/features/proveedores/proveedores.routes.ts
  - apps/frontend/src/app/features/proveedores/services/proveedores.service.ts
  - apps/frontend/src/app/features/proveedores/pages/proveedores-listado/proveedores-listado.page.ts
  - apps/frontend/src/app/features/reportes/pages/historial/historial.page.css
Deleted:
(none)
[NX v23.2.1 Daemon Server] - 2026-09-26T05:38:58.620Z - [SYNC]: clearing sync generators cache due to file changes
[NX v23.2.1 Daemon Server] - 2026-09-26T05:38:58.622Z - [REQUEST]: Updated workspace context based on watched changes, recomputing project graph...
[NX v23.2.1 Daemon Server] - 2026-09-26T05:38:58.622Z - [REQUEST]: apps/frontend/src/app/features/pedidos-linea/pedidos-linea.routes.ts,apps/frontend/src/app/features/pedidos-linea/pages/pedidos-linea/pedidos-linea.page.ts,apps/frontend/src/app/features/proveedores/pages/pedido-compra-detalle/pedido-compra-detalle.page.html,apps/frontend/src/app/features/proveedores/pages/pedido-compra-detalle/pedido-compra-detalle.page.ts,apps/frontend/src/app/features/proveedores/pages/pedido-compra-form/pedido-compra-form.page.ts,apps/frontend/src/app/features/proveedores/pages/pedido-compra-form/pedido-compra-form.page.html,apps/frontend/src/app/features/proveedores/pages/pedidos-compra-listado/pedidos-compra-listado.page.ts,apps/frontend/src/app/features/proveedores/pages/proveedores-listado/proveedores-listado.page.html,apps/frontend/src/app/features/proveedores/proveedores.routes.ts,apps/frontend/src/app/features/proveedores/services/proveedores.service.ts,apps/frontend/src/app/features/proveedores/pages/proveedores-listado/proveedores-listado.page.ts,apps/frontend/src/app/features/reportes/pages/historial/historial.page.css,apps/frontend/src/app/features/reportes/components/reportes-tabs/reportes-tabs.component.ts
[NX v23.2.1 Daemon Server] - 2026-09-26T05:38:58.622Z - [REQUEST]: 
[NX v23.2.1 Daemon Server] - 2026-09-26T05:38:58.630Z - Time taken for 'hash changed files from watcher' 1.773299999998926ms
[1m[33mTime taken for 'nx/js/dependencies-and-lockfile:createNodes' 13.31919999999991ms[39m[22m
DEBUG nx::native::watch::watcher: idle-window emitting events count=23
DEBUG nx::native::watch::watcher:   [update] apps/frontend/src/app/features/reportes/reportes.routes.ts
DEBUG nx::native::watch::watcher:   [update] apps/frontend/src/app/features/proveedores/pages/proveedores-listado/proveedores-listado.page.html
DEBUG nx::native::watch::watcher:   [update] apps/backend/dist/modules/ventas/services/ventas.service.d.ts
DEBUG nx::native::watch::watcher:   [update] apps/frontend/src/app/features/reportes/pages/historial/historial.page.css
DEBUG nx::native::watch::watcher:   [update] apps/backend/dist/modules/ventas/services/ventas.service.js
DEBUG nx::native::watch::watcher:   [update] apps/frontend/src/app/features/proveedores/proveedores.routes.ts
DEBUG nx::native::watch::watcher:   [update] apps/backend/dist/modules/proveedores/dto/recibir-pedido-compra.dto.d.ts
DEBUG nx::native::watch::watcher:   [update] apps/frontend/src/app/features/reportes/pages/reportes/reportes.page.ts
DEBUG nx::native::watch::watcher:   [update] apps/frontend/src/app/features/proveedores/services/proveedores.service.ts
DEBUG nx::native::watch::watcher:   [update] apps/frontend/src/app/features/reportes/components/reportes-tabs/reportes-tabs.component.ts
DEBUG nx::native::watch::watcher:   [update] apps/backend/dist/modules/proveedores/entities/detalle-pedido-compra.entity.d.ts
DEBUG nx::native::watch::watcher:   [update] apps/backend/dist/modules/ventas/entities/detalle-venta.entity.js
DEBUG nx::native::watch::watcher:   [update] apps/backend/dist/modules/ventas/entities/detalle-venta.entity.js.map
DEBUG nx::native::watch::watcher:   [update] apps/frontend/src/app/features/reportes/pages/historial/historial.page.ts
DEBUG nx::native::watch::watcher:   [update] apps/backend/dist/modules/ventas/entities/detalle-venta.entity.d.ts
DEBUG nx::native::watch::watcher:   [update] apps/backend/dist/modules/ventas/services/ventas.service.js.map
DEBUG nx::native::watch::watcher:   [update] apps/frontend/src/app/features/proveedores/pages/proveedores-listado/proveedores-listado.page.ts
DEBUG nx::native::watch::watcher:   [update] apps/backend/dist/modules/proveedores/dto/recibir-pedido-compra.dto.js.map
DEBUG nx::native::watch::watcher:   [update] apps/backend/dist/modules/proveedores/entities/detalle-pedido-compra.entity.js.map
DEBUG nx::native::watch::watcher:   [update] apps/backend/dist/modules/proveedores/entities/detalle-pedido-compra.entity.js
DEBUG nx::native::watch::watcher:   [update] apps/backend/dist/modules/proveedores/dto/recibir-pedido-compra.dto.js
DEBUG nx::native::watch::watcher:   [update] apps/frontend/src/app/features/reportes/pages/historial/historial.page.html
DEBUG nx::native::watch::watcher:   [update] apps/frontend/src/app/features/reportes/pages/reportes/reportes.page.html
[NX v23.2.1 Daemon Server] - 2026-09-26T05:38:58.849Z - [WATCHER]: Processing file changes in outputs
[plugin-worker] "nx/core/package-json" (pid: 34500) listening on \\.\pipe\nx\C:\Users\Gerar\AppData\Local\Temp\cc131f79\p33628-e-cf1ef779.sock
[isolated-plugin] connected to worker for "nx/core/package-json" (pid: 34500)
[1m[33mTime taken for 'plugin worker 34500 code loading' 972.5821000000001ms[39m[22m
[NX v23.2.1 Daemon Server] - 2026-09-26T05:38:58.945Z - Time taken for 'start-plugin-worker:nx/core/package-json' 1220.7019ms
[plugin-worker] "nx/core/package-json" (pid: 34500) connected
[plugin-worker] "nx/core/package-json" (pid: 34500) loaded successfully
[plugin-worker] "nx/core/project-json" (pid: 33096) listening on \\.\pipe\nx\C:\Users\Gerar\AppData\Local\Temp\cc131f79\p33628-f-c16baf02.sock
[1m[33mTime taken for 'plugin worker 33096 code loading' 922.7783000000001ms[39m[22m
[isolated-plugin] connected to worker for "nx/core/project-json" (pid: 33096)
[plugin-worker] "nx/core/project-json" (pid: 33096) connected
[NX v23.2.1 Daemon Server] - 2026-09-26T05:38:59.011Z - Time taken for 'start-plugin-worker:nx/core/project-json' 1229.5528999999988ms
[plugin-worker] "nx/core/project-json" (pid: 33096) loaded successfully
[1m[33mTime taken for 'nx/core/project-json:createNodes' 0.20700000000010732ms[39m[22m
[1m[33mTime taken for 'nx/core/project-json:createNodes' 0.6009000000001379ms[39m[22m
[1m[33mTime taken for 'nx/core/project-json:createNodes' 0.8301000000001295ms[39m[22m
[1m[33mTime taken for 'nx/core/project-json:createNodes' 0.9408000000000811ms[39m[22m
[1m[33mTime taken for 'nx/core/project-json:createNodes' 1.0277000000000953ms[39m[22m
[isolated-plugin] shutting down worker for "nx/core/project-json" after createNodes
[1m[33mTime taken for 'nx/core/package-json:createNodes' 15.177799999999934ms[39m[22m
[1m[33mTime taken for 'nx/core/package-json:createNodes' 15.510899999999992ms[39m[22m
[1m[33mTime taken for 'nx/core/package-json:createNodes' 15.631799999999885ms[39m[22m
[1m[33mTime taken for 'nx/core/package-json:createNodes' 15.719899999999825ms[39m[22m
[1m[33mTime taken for 'nx/core/package-json:createNodes' 15.867399999999861ms[39m[22m
[isolated-plugin] shutting down worker for "nx/core/package-json" after createNodes
[NX v23.2.1 Daemon Server] - 2026-09-26T05:38:59.134Z - Time taken for 'build-project-configs' 468.1903000000002ms
[NX v23.2.1 Daemon Server] - 2026-09-26T05:38:59.134Z - Time taken for 'build-project-configs' 472.85030000000006ms
[NX v23.2.1 Daemon Server] - 2026-09-26T05:38:59.134Z - Time taken for 'build-project-configs' 478.7361000000001ms
[NX v23.2.1 Daemon Server] - 2026-09-26T05:38:59.134Z - Time taken for 'build-project-configs' 485.65300000000025ms
[NX v23.2.1 Daemon Server] - 2026-09-26T05:38:59.134Z - Time taken for 'build-project-configs' 490.84339999999975ms
[NX v23.2.1 Daemon Server] - 2026-09-26T05:38:59.135Z - Time taken for 'createNodes:merge' 4.0231000000003405ms
[NX v23.2.1 Daemon Server] - 2026-09-26T05:38:59.135Z - Time taken for 'createNodes:merge' 4.561200000000099ms
[NX v23.2.1 Daemon Server] - 2026-09-26T05:38:59.135Z - Time taken for 'createNodes:merge' 5.753200000001016ms
[NX v23.2.1 Daemon Server] - 2026-09-26T05:38:59.135Z - Time taken for 'createNodes:merge' 6.8127000000004045ms
[NX v23.2.1 Daemon Server] - 2026-09-26T05:38:59.135Z - Time taken for 'createNodes:merge' 5.0649000000012165ms
DEBUG nx::native::watch::watcher: idle-window emitting events count=9
DEBUG nx::native::watch::watcher:   [update] apps/frontend/src/app/features/reportes/reportes.routes.ts
DEBUG nx::native::watch::watcher:   [update] apps/frontend/src/app/features/tienda/pages/carrito-checkout/carrito-checkout.page.css
DEBUG nx::native::watch::watcher:   [update] apps/frontend/src/app/features/tienda/components/filtros-catalogo/filtros-catalogo.component.ts
DEBUG nx::native::watch::watcher:   [update] apps/frontend/src/app/features/tienda/components/book-card/book-card.component.ts
DEBUG nx::native::watch::watcher:   [update] apps/frontend/src/app/features/reportes/pages/reportes/reportes.page.ts
DEBUG nx::native::watch::watcher:   [update] apps/frontend/src/app/features/reportes/pages/reportes/reportes.page.html
DEBUG nx::native::watch::watcher:   [update] apps/frontend/src/app/features/tienda/components/book-card/book-card.component.html
DEBUG nx::native::watch::watcher:   [update] apps/frontend/src/app/features/reportes/pages/historial/historial.page.ts
DEBUG nx::native::watch::watcher:   [update] apps/frontend/src/app/features/reportes/pages/historial/historial.page.html
[NX v23.2.1 Daemon Server] - 2026-09-26T05:38:59.166Z - [WATCHER]: 0 file(s) created or restored, 9 file(s) modified, 0 file(s) deleted
[NX v23.2.1 Daemon Server] - 2026-09-26T05:38:59.166Z - [WATCHER]: [watcher] routeWorkspaceChanges batch: 9 events: update:apps/frontend/src/app/features/reportes/reportes.routes.ts, update:apps/frontend/src/app/features/tienda/pages/carrito-checkout/carrito-checkout.page.css, update:apps/frontend/src/app/features/tienda/components/filtros-catalogo/filtros-catalogo.component.ts, update:apps/frontend/src/app/features/tienda/components/book-card/book-card.component.ts, update:apps/frontend/src/app/features/reportes/pages/reportes/reportes.page.ts, update:apps/frontend/src/app/features/reportes/pages/reportes/reportes.page.html, update:apps/frontend/src/app/features/tienda/components/book-card/book-card.component.html, update:apps/frontend/src/app/features/reportes/pages/historial/historial.page.ts, update:apps/frontend/src/app/features/reportes/pages/historial/historial.page.html
[NX v23.2.1 Daemon Server] - 2026-09-26T05:38:59.168Z - [WATCHER]: File changes detected:
Created:
(none)
Updated:
  - apps/frontend/src/app/features/reportes/reportes.routes.ts
  - apps/frontend/src/app/features/tienda/pages/carrito-checkout/carrito-checkout.page.css
  - apps/frontend/src/app/features/tienda/components/filtros-catalogo/filtros-catalogo.component.ts
  - apps/frontend/src/app/features/tienda/components/book-card/book-card.component.ts
  - apps/frontend/src/app/features/reportes/pages/reportes/reportes.page.ts
  - apps/frontend/src/app/features/reportes/pages/reportes/reportes.page.html
  - apps/frontend/src/app/features/tienda/components/book-card/book-card.component.html
  - apps/frontend/src/app/features/reportes/pages/historial/historial.page.ts
  - apps/frontend/src/app/features/reportes/pages/historial/historial.page.html
Deleted:
(none)
[NX v23.2.1 Daemon Server] - 2026-09-26T05:38:59.171Z - [SYNC]: clearing sync generators cache due to file changes
[NX v23.2.1 Daemon Server] - 2026-09-26T05:38:59.173Z - [REQUEST]: Updated workspace context based on watched changes, recomputing project graph...
[NX v23.2.1 Daemon Server] - 2026-09-26T05:38:59.173Z - [REQUEST]: apps/frontend/src/app/features/tienda/components/filtros-catalogo/filtros-catalogo.component.ts,apps/frontend/src/app/features/tienda/pages/carrito-checkout/carrito-checkout.page.css,apps/frontend/src/app/features/tienda/components/book-card/book-card.component.ts,apps/frontend/src/app/features/tienda/components/book-card/book-card.component.html,apps/frontend/src/app/features/reportes/pages/reportes/reportes.page.ts,apps/frontend/src/app/features/reportes/pages/reportes/reportes.page.html,apps/frontend/src/app/features/reportes/reportes.routes.ts,apps/frontend/src/app/features/reportes/pages/historial/historial.page.ts,apps/frontend/src/app/features/reportes/pages/historial/historial.page.html
[NX v23.2.1 Daemon Server] - 2026-09-26T05:38:59.173Z - [REQUEST]: 
[plugin-client] restarting worker for "nx/core/package-json"
DEBUG nx::native::watch::watcher: idle-window emitting events count=22
DEBUG nx::native::watch::watcher:   [update] apps/backend/dist/modules/proveedores/services/proveedores.service.js.map
DEBUG nx::native::watch::watcher:   [update] apps/backend/dist/modules/proveedores/proveedores.module.js
DEBUG nx::native::watch::watcher:   [update] apps/frontend/src/app/features/tienda/components/book-card/book-card.component.ts
DEBUG nx::native::watch::watcher:   [update] apps/backend/dist/modules/proveedores/proveedores.module.js.map
DEBUG nx::native::watch::watcher:   [update] apps/backend/dist/modules/reportes/services/reportes.service.js.map
DEBUG nx::native::watch::watcher:   [update] apps/backend/dist/modules/reportes/services/reportes.service.js
DEBUG nx::native::watch::watcher:   [update] apps/frontend/src/app/features/tienda/components/book-card/book-card.component.html
DEBUG nx::native::watch::watcher:   [update] apps/backend/dist/modules/proveedores/dto/query-pedido-compra.dto.d.ts
DEBUG nx::native::watch::watcher:   [update] apps/backend/dist/modules/proveedores/dto/query-pedido-compra.dto.js.map
DEBUG nx::native::watch::watcher:   [update] apps/backend/dist/main.d.ts
DEBUG nx::native::watch::watcher:   [update] apps/frontend/src/app/features/tienda/pages/carrito-checkout/carrito-checkout.page.css
DEBUG nx::native::watch::watcher:   [update] apps/backend/dist/modules/reportes/dto/query-historial-ventas.dto.js
DEBUG nx::native::watch::watcher:   [update] apps/backend/dist/modules/reportes/dto/query-historial-ventas.dto.js.map
DEBUG nx::native::watch::watcher:   [update] apps/backend/dist/modules/reportes/services/reportes.service.d.ts
DEBUG nx::native::watch::watcher:   [update] apps/frontend/src/app/features/tienda/components/filtros-catalogo/filtros-catalogo.component.ts
DEBUG nx::native::watch::watcher:   [update] apps/backend/dist/app.module.d.ts
DEBUG nx::native::watch::watcher:   [update] apps/backend/dist/modules/proveedores/services/proveedores.service.js
DEBUG nx::native::watch::watcher:   [update] apps/backend/dist/modules/proveedores/controllers/proveedores.controller.d.ts
DEBUG nx::native::watch::watcher:   [update] apps/backend/dist/modules/proveedores/dto/query-pedido-compra.dto.js
DEBUG nx::native::watch::watcher:   [update] apps/backend/dist/modules/proveedores/services/proveedores.service.d.ts
DEBUG nx::native::watch::watcher:   [update] apps/backend/dist/modules/proveedores/proveedores.module.d.ts
DEBUG nx::native::watch::watcher:   [update] apps/backend/dist/modules/reportes/dto/query-historial-ventas.dto.d.ts
[isolated-plugin] spawned worker for "nx/core/package-json" (pid: 27880, socket: \\.\pipe\nx\C:\Users\Gerar\AppData\Local\Temp\cc131f79\p33628-g-51d6e5bf.sock)
[plugin-client] restarting worker for "nx/core/project-json"
[isolated-plugin] spawned worker for "nx/core/project-json" (pid: 2540, socket: \\.\pipe\nx\C:\Users\Gerar\AppData\Local\Temp\cc131f79\p33628-h-ce6567ed.sock)
[1m[33mTime taken for 'build typescript dependencies' 3.425799999999981ms[39m[22m
[NX v23.2.1 Daemon Server] - 2026-09-26T05:38:59.284Z - Time taken for 'total execution time for createProjectGraph()' 156.03329999999914ms
[NX v23.2.1 Daemon Server] - 2026-09-26T05:38:59.284Z - Time taken for 'createDependencies' 147.04490000000078ms
[NX v23.2.1 Daemon Server] - 2026-09-26T05:38:59.284Z - Time taken for 'nx/js/dependencies-and-lockfile:createDependencies' 146.84889999999905ms
[NX v23.2.1 Daemon Server] - 2026-09-26T05:38:59.284Z - Time taken for 'hash changed files from watcher' 2.8891999999996187ms
[NX v23.2.1 Daemon Server] - 2026-09-26T05:38:59.284Z - Time taken for 'createMetadata' 0.027700000000550062ms
[NX v23.2.1 Daemon Server] - 2026-09-26T05:38:59.284Z - Time taken for 'serialize graph' 5.114299999999275ms
[NX v23.2.1 Daemon Server] - 2026-09-26T05:38:59.291Z - [WATCHER]: Processing file changes in outputs
[1m[33mTime taken for 'nx/js/dependencies-and-lockfile:createNodes' 15.207100000000082ms[39m[22m
DEBUG nx::native::watch::watcher: idle-window emitting events count=11
DEBUG nx::native::watch::watcher: idle-window emitting events count=11
DEBUG nx::native::watch::watcher:   [update] apps/frontend/src/app/features/tienda/tienda.routes.ts
DEBUG nx::native::watch::watcher:   [update] apps/frontend/src/app/features/tienda/tienda.routes.ts
DEBUG nx::native::watch::watcher:   [update] apps/frontend/src/app/features/tienda/pages/libro-detalle/libro-detalle.page.html
DEBUG nx::native::watch::watcher:   [update] apps/frontend/src/app/features/tienda/pages/carrito-checkout/carrito-checkout.page.ts
DEBUG nx::native::watch::watcher:   [update] apps/frontend/src/app/features/tienda/pages/home/home.page.ts
DEBUG nx::native::watch::watcher:   [update] apps/frontend/src/app/features/tienda/pages/home/home.page.ts
DEBUG nx::native::watch::watcher:   [update] apps/frontend/src/app/features/tienda/pages/libros/libros.page.ts
DEBUG nx::native::watch::watcher:   [update] apps/frontend/src/app/features/tienda/pages/home/home.page.html
DEBUG nx::native::watch::watcher:   [update] apps/frontend/src/app/features/tienda/pages/libros/libros.page.html
DEBUG nx::native::watch::watcher:   [update] apps/frontend/src/app/features/tienda/pages/libro-detalle/libro-detalle.page.ts
DEBUG nx::native::watch::watcher:   [update] apps/frontend/src/app/features/tienda/pages/carrito-checkout/carrito-checkout.page.html
DEBUG nx::native::watch::watcher:   [update] apps/frontend/src/app/features/tienda/pages/libros/libros.page.html
DEBUG nx::native::watch::watcher:   [update] apps/frontend/src/app/features/tienda/pages/pedido-confirmado/pedido-confirmado.page.ts
DEBUG nx::native::watch::watcher:   [update] apps/frontend/src/app/features/tienda/pages/lista-deseos/lista-deseos.page.ts
DEBUG nx::native::watch::watcher:   [update] apps/frontend/src/app/features/tienda/pages/libro-detalle/libro-detalle.page.html
DEBUG nx::native::watch::watcher:   [update] apps/frontend/src/app/features/tienda/pages/lista-deseos/lista-deseos.page.ts
DEBUG nx::native::watch::watcher:   [update] apps/frontend/src/app/features/tienda/pages/libro-detalle/libro-detalle.page.ts
DEBUG nx::native::watch::watcher:   [update] apps/frontend/src/app/features/tienda/pages/pedido-confirmado/pedido-confirmado.page.ts
DEBUG nx::native::watch::watcher:   [update] apps/frontend/src/app/features/tienda/pages/carrito-checkout/carrito-checkout.page.ts
DEBUG nx::native::watch::watcher:   [update] apps/frontend/src/app/features/tienda/pages/carrito-checkout/carrito-checkout.page.html
DEBUG nx::native::watch::watcher:   [update] apps/frontend/src/app/features/tienda/pages/home/home.page.html
DEBUG nx::native::watch::watcher:   [update] apps/frontend/src/app/features/tienda/pages/libros/libros.page.ts
[NX v23.2.1 Daemon Server] - 2026-09-26T05:38:59.713Z - [WATCHER]: Processing file changes in outputs
[NX v23.2.1 Daemon Server] - 2026-09-26T05:38:59.714Z - [WATCHER]: 0 file(s) created or restored, 11 file(s) modified, 0 file(s) deleted
[NX v23.2.1 Daemon Server] - 2026-09-26T05:38:59.714Z - [WATCHER]: [watcher] routeWorkspaceChanges batch: 11 events: update:apps/frontend/src/app/features/tienda/tienda.routes.ts, update:apps/frontend/src/app/features/tienda/pages/libro-detalle/libro-detalle.page.html, update:apps/frontend/src/app/features/tienda/pages/home/home.page.ts, update:apps/frontend/src/app/features/tienda/pages/libro-detalle/libro-detalle.page.ts, update:apps/frontend/src/app/features/tienda/pages/libros/libros.page.html, update:apps/frontend/src/app/features/tienda/pages/lista-deseos/lista-deseos.page.ts, update:apps/frontend/src/app/features/tienda/pages/pedido-confirmado/pedido-confirmado.page.ts, update:apps/frontend/src/app/features/tienda/pages/carrito-checkout/carrito-checkout.page.ts, update:apps/frontend/src/app/features/tienda/pages/carrito-checkout/carrito-checkout.page.html, update:apps/frontend/src/app/features/tienda/pages/home/home.page.html, update:apps/frontend/src/app/features/tienda/pages/libros/libros.page.ts
[NX v23.2.1 Daemon Server] - 2026-09-26T05:38:59.716Z - [WATCHER]: File changes detected:
Created:
(none)
Updated:
  - apps/frontend/src/app/features/tienda/tienda.routes.ts
  - apps/frontend/src/app/features/tienda/pages/libro-detalle/libro-detalle.page.html
  - apps/frontend/src/app/features/tienda/pages/home/home.page.ts
  - apps/frontend/src/app/features/tienda/pages/libro-detalle/libro-detalle.page.ts
  - apps/frontend/src/app/features/tienda/pages/libros/libros.page.html
  - apps/frontend/src/app/features/tienda/pages/lista-deseos/lista-deseos.page.ts
  - apps/frontend/src/app/features/tienda/pages/pedido-confirmado/pedido-confirmado.page.ts
  - apps/frontend/src/app/features/tienda/pages/carrito-checkout/carrito-checkout.page.ts
  - apps/frontend/src/app/features/tienda/pages/carrito-checkout/carrito-checkout.page.html
  - apps/frontend/src/app/features/tienda/pages/home/home.page.html
  ... and 1 more
Deleted:
(none)
[NX v23.2.1 Daemon Server] - 2026-09-26T05:38:59.720Z - [SYNC]: clearing sync generators cache due to file changes
[NX v23.2.1 Daemon Server] - 2026-09-26T05:38:59.721Z - [REQUEST]: Updated workspace context based on watched changes, recomputing project graph...
[NX v23.2.1 Daemon Server] - 2026-09-26T05:38:59.721Z - [REQUEST]: apps/frontend/src/app/features/tienda/components/filtros-catalogo/filtros-catalogo.component.ts,apps/frontend/src/app/features/tienda/pages/carrito-checkout/carrito-checkout.page.css,apps/frontend/src/app/features/tienda/components/book-card/book-card.component.ts,apps/frontend/src/app/features/tienda/components/book-card/book-card.component.html,apps/frontend/src/app/features/reportes/pages/reportes/reportes.page.ts,apps/frontend/src/app/features/reportes/pages/reportes/reportes.page.html,apps/frontend/src/app/features/reportes/reportes.routes.ts,apps/frontend/src/app/features/reportes/pages/historial/historial.page.ts,apps/frontend/src/app/features/reportes/pages/historial/historial.page.html,apps/frontend/src/app/features/tienda/pages/home/home.page.ts,apps/frontend/src/app/features/tienda/pages/carrito-checkout/carrito-checkout.page.ts,apps/frontend/src/app/features/tienda/pages/libros/libros.page.html,apps/frontend/src/app/features/tienda/pages/libros/libros.page.ts,apps/frontend/src/app/features/tienda/tienda.routes.ts,apps/frontend/src/app/features/tienda/pages/home/home.page.html,apps/frontend/src/app/features/tienda/pages/libro-detalle/libro-detalle.page.ts,apps/frontend/src/app/features/tienda/pages/carrito-checkout/carrito-checkout.page.html,apps/frontend/src/app/features/tienda/pages/libro-detalle/libro-detalle.page.html,apps/frontend/src/app/features/tienda/pages/pedido-confirmado/pedido-confirmado.page.ts,apps/frontend/src/app/features/tienda/pages/lista-deseos/lista-deseos.page.ts
[NX v23.2.1 Daemon Server] - 2026-09-26T05:38:59.721Z - [REQUEST]: 
[NX v23.2.1 Daemon Server] - 2026-09-26T05:38:59.725Z - Time taken for 'hash changed files from watcher' 3.069499999999607ms
[1m[33mTime taken for 'nx/js/dependencies-and-lockfile:createNodes' 14.944899999999961ms[39m[22m
DEBUG nx::native::watch::watcher: idle-window emitting events count=1
DEBUG nx::native::watch::watcher:   [update] apps/frontend/src/app/features/ventas/pages/pos/pos.page.css
DEBUG nx::native::watch::watcher: idle-window emitting events count=1
DEBUG nx::native::watch::watcher:   [update] apps/frontend/src/app/features/ventas/pages/pos/pos.page.css
[NX v23.2.1 Daemon Server] - 2026-09-26T05:38:59.879Z - [WATCHER]: apps/frontend/src/app/features/ventas/pages/pos/pos.page.css was modified
[NX v23.2.1 Daemon Server] - 2026-09-26T05:38:59.879Z - [WATCHER]: [watcher] routeWorkspaceChanges batch: 1 events: update:apps/frontend/src/app/features/ventas/pages/pos/pos.page.css
[NX v23.2.1 Daemon Server] - 2026-09-26T05:38:59.880Z - [WATCHER]: File changes detected:
Created:
(none)
Updated:
  - apps/frontend/src/app/features/ventas/pages/pos/pos.page.css
Deleted:
(none)
[NX v23.2.1 Daemon Server] - 2026-09-26T05:38:59.881Z - [SYNC]: clearing sync generators cache due to file changes
[NX v23.2.1 Daemon Server] - 2026-09-26T05:38:59.883Z - [REQUEST]: Updated workspace context based on watched changes, recomputing project graph...
[NX v23.2.1 Daemon Server] - 2026-09-26T05:38:59.883Z - [REQUEST]: apps/frontend/src/app/features/tienda/components/filtros-catalogo/filtros-catalogo.component.ts,apps/frontend/src/app/features/tienda/pages/carrito-checkout/carrito-checkout.page.css,apps/frontend/src/app/features/tienda/components/book-card/book-card.component.ts,apps/frontend/src/app/features/tienda/components/book-card/book-card.component.html,apps/frontend/src/app/features/reportes/pages/reportes/reportes.page.ts,apps/frontend/src/app/features/reportes/pages/reportes/reportes.page.html,apps/frontend/src/app/features/reportes/reportes.routes.ts,apps/frontend/src/app/features/reportes/pages/historial/historial.page.ts,apps/frontend/src/app/features/reportes/pages/historial/historial.page.html,apps/frontend/src/app/features/tienda/pages/home/home.page.ts,apps/frontend/src/app/features/tienda/pages/carrito-checkout/carrito-checkout.page.ts,apps/frontend/src/app/features/tienda/pages/libros/libros.page.html,apps/frontend/src/app/features/tienda/pages/libros/libros.page.ts,apps/frontend/src/app/features/tienda/tienda.routes.ts,apps/frontend/src/app/features/tienda/pages/home/home.page.html,apps/frontend/src/app/features/tienda/pages/libro-detalle/libro-detalle.page.ts,apps/frontend/src/app/features/tienda/pages/carrito-checkout/carrito-checkout.page.html,apps/frontend/src/app/features/tienda/pages/libro-detalle/libro-detalle.page.html,apps/frontend/src/app/features/tienda/pages/pedido-confirmado/pedido-confirmado.page.ts,apps/frontend/src/app/features/tienda/pages/lista-deseos/lista-deseos.page.ts,apps/frontend/src/app/features/ventas/pages/pos/pos.page.css
[NX v23.2.1 Daemon Server] - 2026-09-26T05:38:59.883Z - [REQUEST]: 
[NX v23.2.1 Daemon Server] - 2026-09-26T05:38:59.888Z - [WATCHER]: Processing file changes in outputs
[NX v23.2.1 Daemon Server] - 2026-09-26T05:38:59.888Z - Time taken for 'hash changed files from watcher' 1.6398000000008324ms
[1m[33mTime taken for 'nx/js/dependencies-and-lockfile:createNodes' 15.480199999999968ms[39m[22m
[plugin-worker] "nx/core/package-json" (pid: 27880) listening on \\.\pipe\nx\C:\Users\Gerar\AppData\Local\Temp\cc131f79\p33628-g-51d6e5bf.sock
[isolated-plugin] connected to worker for "nx/core/package-json" (pid: 27880)
[plugin-worker] "nx/core/package-json" (pid: 27880) connected
[1m[33mTime taken for 'plugin worker 27880 code loading' 863.2364ms[39m[22m
[NX v23.2.1 Daemon Server] - 2026-09-26T05:39:00.250Z - Time taken for 'start-plugin-worker:nx/core/package-json' 1071.9933ms
[plugin-worker] "nx/core/package-json" (pid: 27880) loaded successfully
[plugin-worker] "nx/core/project-json" (pid: 2540) listening on \\.\pipe\nx\C:\Users\Gerar\AppData\Local\Temp\cc131f79\p33628-h-ce6567ed.sock
[1m[33mTime taken for 'plugin worker 2540 code loading' 872.7454ms[39m[22m
[isolated-plugin] connected to worker for "nx/core/project-json" (pid: 2540)
[NX v23.2.1 Daemon Server] - 2026-09-26T05:39:00.298Z - Time taken for 'start-plugin-worker:nx/core/project-json' 1073.426800000001ms
[plugin-worker] "nx/core/project-json" (pid: 2540) connected
[plugin-worker] "nx/core/project-json" (pid: 2540) loaded successfully
[1m[33mTime taken for 'nx/core/project-json:createNodes' 0.1451999999999316ms[39m[22m
[1m[33mTime taken for 'nx/core/project-json:createNodes' 0.35399999999992815ms[39m[22m
[1m[33mTime taken for 'nx/core/project-json:createNodes' 0.4216999999999871ms[39m[22m
[isolated-plugin] shutting down worker for "nx/core/project-json" after createNodes
[1m[33mTime taken for 'nx/core/package-json:createNodes' 13.37440000000015ms[39m[22m
[1m[33mTime taken for 'nx/core/package-json:createNodes' 13.610700000000179ms[39m[22m
[1m[33mTime taken for 'nx/core/package-json:createNodes' 13.683999999999969ms[39m[22m
[isolated-plugin] shutting down worker for "nx/core/package-json" after createNodes
DEBUG nx::native::watch::watcher: idle-window emitting events count=12
DEBUG nx::native::watch::watcher:   [update] apps/frontend/src/app/layouts/auth-layout/auth-layout.component.ts
DEBUG nx::native::watch::watcher:   [update] apps/frontend/src/app/features/ventas/pages/pos/pos.page.html
DEBUG nx::native::watch::watcher:   [update] apps/frontend/src/app/features/ventas/ventas.routes.ts
DEBUG nx::native::watch::watcher:   [update] apps/frontend/src/app/layouts/main-layout/sidebar/sidebar.component.html
DEBUG nx::native::watch::watcher:   [update] apps/frontend/src/app/layouts/main-layout/main-layout.component.ts
DEBUG nx::native::watch::watcher:   [update] apps/frontend/src/app/layouts/auth-layout/auth-slideshow/auth-slideshow.component.ts
DEBUG nx::native::watch::watcher:   [update] apps/frontend/src/app/layouts/main-layout/sidebar/sidebar.component.ts
DEBUG nx::native::watch::watcher:   [update] apps/frontend/src/app/layouts/auth-layout/auth-slideshow/auth-slideshow.component.css
DEBUG nx::native::watch::watcher:   [update] apps/frontend/src/app/features/ventas/pages/pos/pos.page.ts
DEBUG nx::native::watch::watcher:   [update] apps/frontend/src/app/layouts/main-layout/topbar/topbar.component.css
DEBUG nx::native::watch::watcher:   [update] apps/frontend/src/app/layouts/auth-layout/auth-slideshow/auth-slideshow.component.html
DEBUG nx::native::watch::watcher:   [update] apps/frontend/src/app/layouts/main-layout/sidebar/sidebar.component.css
DEBUG nx::native::watch::watcher: idle-window emitting events count=12
DEBUG nx::native::watch::watcher:   [update] apps/frontend/src/app/features/ventas/ventas.routes.ts
DEBUG nx::native::watch::watcher:   [update] apps/frontend/src/app/layouts/auth-layout/auth-slideshow/auth-slideshow.component.css
DEBUG nx::native::watch::watcher:   [update] apps/frontend/src/app/layouts/main-layout/sidebar/sidebar.component.html
DEBUG nx::native::watch::watcher:   [update] apps/frontend/src/app/layouts/main-layout/topbar/topbar.component.css
DEBUG nx::native::watch::watcher:   [update] apps/frontend/src/app/layouts/main-layout/main-layout.component.ts
DEBUG nx::native::watch::watcher:   [update] apps/frontend/src/app/features/ventas/pages/pos/pos.page.ts
DEBUG nx::native::watch::watcher:   [update] apps/frontend/src/app/layouts/auth-layout/auth-layout.component.ts
DEBUG nx::native::watch::watcher:   [update] apps/frontend/src/app/layouts/auth-layout/auth-slideshow/auth-slideshow.component.html
DEBUG nx::native::watch::watcher:   [update] apps/frontend/src/app/layouts/auth-layout/auth-slideshow/auth-slideshow.component.ts
DEBUG nx::native::watch::watcher:   [update] apps/frontend/src/app/layouts/main-layout/sidebar/sidebar.component.css
DEBUG nx::native::watch::watcher:   [update] apps/frontend/src/app/features/ventas/pages/pos/pos.page.html
DEBUG nx::native::watch::watcher:   [update] apps/frontend/src/app/layouts/main-layout/sidebar/sidebar.component.ts
[NX v23.2.1 Daemon Server] - 2026-09-26T05:39:00.406Z - Time taken for 'build-project-configs' 490.6196999999993ms
[NX v23.2.1 Daemon Server] - 2026-09-26T05:39:00.406Z - Time taken for 'build-project-configs' 495.948699999999ms
[NX v23.2.1 Daemon Server] - 2026-09-26T05:39:00.407Z - Time taken for 'build-project-configs' 501.6147999999994ms
[NX v23.2.1 Daemon Server] - 2026-09-26T05:39:00.407Z - Time taken for 'createNodes:merge' 4.265000000001237ms
[NX v23.2.1 Daemon Server] - 2026-09-26T05:39:00.407Z - Time taken for 'createNodes:merge' 5.239799999999377ms
[NX v23.2.1 Daemon Server] - 2026-09-26T05:39:00.407Z - Time taken for 'createNodes:merge' 5.568700000001627ms
[NX v23.2.1 Daemon Server] - 2026-09-26T05:39:00.412Z - [WATCHER]: Processing file changes in outputs
[NX v23.2.1 Daemon Server] - 2026-09-26T05:39:00.412Z - [WATCHER]: 0 file(s) created or restored, 12 file(s) modified, 0 file(s) deleted
[NX v23.2.1 Daemon Server] - 2026-09-26T05:39:00.412Z - [WATCHER]: [watcher] routeWorkspaceChanges batch: 12 events: update:apps/frontend/src/app/features/ventas/ventas.routes.ts, update:apps/frontend/src/app/layouts/auth-layout/auth-slideshow/auth-slideshow.component.css, update:apps/frontend/src/app/layouts/main-layout/sidebar/sidebar.component.html, update:apps/frontend/src/app/layouts/main-layout/topbar/topbar.component.css, update:apps/frontend/src/app/layouts/main-layout/main-layout.component.ts, update:apps/frontend/src/app/features/ventas/pages/pos/pos.page.ts, update:apps/frontend/src/app/layouts/auth-layout/auth-layout.component.ts, update:apps/frontend/src/app/layouts/auth-layout/auth-slideshow/auth-slideshow.component.html, update:apps/frontend/src/app/layouts/auth-layout/auth-slideshow/auth-slideshow.component.ts, update:apps/frontend/src/app/layouts/main-layout/sidebar/sidebar.component.css, update:apps/frontend/src/app/features/ventas/pages/pos/pos.page.html, update:apps/frontend/src/app/layouts/main-layout/sidebar/sidebar.component.ts
[NX v23.2.1 Daemon Server] - 2026-09-26T05:39:00.416Z - [WATCHER]: File changes detected:
Created:
(none)
Updated:
  - apps/frontend/src/app/features/ventas/ventas.routes.ts
  - apps/frontend/src/app/layouts/auth-layout/auth-slideshow/auth-slideshow.component.css
  - apps/frontend/src/app/layouts/main-layout/sidebar/sidebar.component.html
  - apps/frontend/src/app/layouts/main-layout/topbar/topbar.component.css
  - apps/frontend/src/app/layouts/main-layout/main-layout.component.ts
  - apps/frontend/src/app/features/ventas/pages/pos/pos.page.ts
  - apps/frontend/src/app/layouts/auth-layout/auth-layout.component.ts
  - apps/frontend/src/app/layouts/auth-layout/auth-slideshow/auth-slideshow.component.html
  - apps/frontend/src/app/layouts/auth-layout/auth-slideshow/auth-slideshow.component.ts
  - apps/frontend/src/app/layouts/main-layout/sidebar/sidebar.component.css
  ... and 2 more
Deleted:
(none)
[NX v23.2.1 Daemon Server] - 2026-09-26T05:39:00.419Z - [SYNC]: clearing sync generators cache due to file changes
[NX v23.2.1 Daemon Server] - 2026-09-26T05:39:00.421Z - [REQUEST]: Updated workspace context based on watched changes, recomputing project graph...
[NX v23.2.1 Daemon Server] - 2026-09-26T05:39:00.421Z - [REQUEST]: apps/frontend/src/app/layouts/auth-layout/auth-slideshow/auth-slideshow.component.css,apps/frontend/src/app/features/ventas/ventas.routes.ts,apps/frontend/src/app/layouts/auth-layout/auth-slideshow/auth-slideshow.component.html,apps/frontend/src/app/layouts/main-layout/sidebar/sidebar.component.css,apps/frontend/src/app/layouts/main-layout/main-layout.component.ts,apps/frontend/src/app/layouts/main-layout/topbar/topbar.component.css,apps/frontend/src/app/layouts/main-layout/sidebar/sidebar.component.ts,apps/frontend/src/app/layouts/auth-layout/auth-layout.component.ts,apps/frontend/src/app/features/ventas/pages/pos/pos.page.ts,apps/frontend/src/app/layouts/auth-layout/auth-slideshow/auth-slideshow.component.ts,apps/frontend/src/app/features/ventas/pages/pos/pos.page.html,apps/frontend/src/app/layouts/main-layout/sidebar/sidebar.component.html
[NX v23.2.1 Daemon Server] - 2026-09-26T05:39:00.421Z - [REQUEST]: 
[plugin-client] restarting worker for "nx/core/package-json"
[isolated-plugin] spawned worker for "nx/core/package-json" (pid: 4284, socket: \\.\pipe\nx\C:\Users\Gerar\AppData\Local\Temp\cc131f79\p33628-i-8ba77f32.sock)
[plugin-client] restarting worker for "nx/core/project-json"
[isolated-plugin] spawned worker for "nx/core/project-json" (pid: 12004, socket: \\.\pipe\nx\C:\Users\Gerar\AppData\Local\Temp\cc131f79\p33628-j-4127d880.sock)
[NX v23.2.1 Daemon Server] - 2026-09-26T05:39:00.531Z - Time taken for 'hash changed files from watcher' 3.030400000001464ms
[1m[33mTime taken for 'build typescript dependencies' 3.81269999999995ms[39m[22m
[1m[33mTime taken for 'nx/js/dependencies-and-lockfile:createNodes' 21.979100000000017ms[39m[22m
[NX v23.2.1 Daemon Server] - 2026-09-26T05:39:00.596Z - Time taken for 'total execution time for createProjectGraph()' 193.88949999999932ms
[NX v23.2.1 Daemon Server] - 2026-09-26T05:39:00.596Z - Time taken for 'createDependencies' 181.85369999999966ms
[NX v23.2.1 Daemon Server] - 2026-09-26T05:39:00.596Z - Time taken for 'nx/js/dependencies-and-lockfile:createDependencies' 181.63410000000113ms
[NX v23.2.1 Daemon Server] - 2026-09-26T05:39:00.596Z - Time taken for 'createMetadata' 0.03049999999893771ms
[NX v23.2.1 Daemon Server] - 2026-09-26T05:39:00.596Z - Time taken for 'serialize graph' 5.100500000000466ms
DEBUG nx::native::watch::watcher: idle-window emitting events count=20
DEBUG nx::native::watch::watcher: idle-window emitting events count=20
DEBUG nx::native::watch::watcher:   [update] apps/frontend/src/app/shared/icons/ventas-icon.component.ts
DEBUG nx::native::watch::watcher:   [update] apps/frontend/src/app/shared/styles/cuenta-shared.css
DEBUG nx::native::watch::watcher:   [update] apps/frontend/src/app/shared/styles/cuenta-shared.css
DEBUG nx::native::watch::watcher:   [update] apps/frontend/src/app/shared/icons/categorias-icon.component.ts
DEBUG nx::native::watch::watcher:   [update] apps/frontend/src/app/shared/icons/carrito-icon.component.ts
DEBUG nx::native::watch::watcher:   [update] apps/frontend/src/app/shared/icons/lista-deseos-icon.component.ts
DEBUG nx::native::watch::watcher:   [update] apps/frontend/src/app/shared/icons/inicio-icon.component.ts
DEBUG nx::native::watch::watcher:   [update] apps/frontend/src/app/shared/icons/proveedores-icon.component.ts
DEBUG nx::native::watch::watcher:   [update] apps/frontend/src/app/shared/icons/logout-icon.component.ts
DEBUG nx::native::watch::watcher:   [update] apps/frontend/src/app/shared/icons/reportes-icon.component.ts
DEBUG nx::native::watch::watcher:   [update] apps/frontend/src/app/shared/styles/auth-shared.css
DEBUG nx::native::watch::watcher:   [update] apps/frontend/src/app/shared/icons/menu-icon.component.ts
DEBUG nx::native::watch::watcher:   [update] apps/frontend/src/app/shared/styles/auth-shared.css
DEBUG nx::native::watch::watcher:   [update] apps/frontend/src/app/layouts/main-layout/topbar/topbar.component.ts
DEBUG nx::native::watch::watcher:   [update] apps/frontend/src/app/shared/ui/chart/chart.component.ts
DEBUG nx::native::watch::watcher:   [update] apps/frontend/src/app/shared/icons/dashboard-icon.component.ts
DEBUG nx::native::watch::watcher:   [update] apps/frontend/src/app/shared/icons/usuario-icon.component.ts
DEBUG nx::native::watch::watcher:   [update] apps/frontend/src/app/shared/icons/ventas-icon.component.ts
DEBUG nx::native::watch::watcher:   [update] apps/frontend/src/app/shared/icons/inventario-icon.component.ts
DEBUG nx::native::watch::watcher:   [update] apps/frontend/src/app/shared/icons/clientes-icon.component.ts
DEBUG nx::native::watch::watcher:   [update] apps/frontend/src/app/shared/icons/volver-icon.component.ts
DEBUG nx::native::watch::watcher:   [update] apps/frontend/src/app/shared/icons/configuracion-icon.component.ts
DEBUG nx::native::watch::watcher:   [update] apps/frontend/src/app/shared/icons/mis-pedidos-icon.component.ts
DEBUG nx::native::watch::watcher:   [update] apps/frontend/src/app/shared/icons/inventario-icon.component.ts
DEBUG nx::native::watch::watcher:   [update] apps/frontend/src/app/shared/icons/volver-icon.component.ts
DEBUG nx::native::watch::watcher:   [update] apps/frontend/src/app/layouts/main-layout/topbar/topbar.component.ts
DEBUG nx::native::watch::watcher:   [update] apps/frontend/src/app/shared/icons/proveedores-icon.component.ts
DEBUG nx::native::watch::watcher:   [update] apps/frontend/src/app/shared/ui/chart/chart.component.ts
DEBUG nx::native::watch::watcher:   [update] apps/frontend/src/app/shared/icons/reportes-icon.component.ts
DEBUG nx::native::watch::watcher:   [update] apps/frontend/src/app/shared/icons/lista-deseos-icon.component.ts
DEBUG nx::native::watch::watcher:   [update] apps/frontend/src/app/shared/icons/menu-icon.component.ts
DEBUG nx::native::watch::watcher:   [update] apps/frontend/src/app/shared/icons/inicio-icon.component.ts
DEBUG nx::native::watch::watcher:   [update] apps/frontend/src/app/shared/icons/configuracion-icon.component.ts
DEBUG nx::native::watch::watcher:   [update] apps/frontend/src/app/shared/icons/logout-icon.component.ts
DEBUG nx::native::watch::watcher:   [update] apps/frontend/src/app/shared/icons/mis-pedidos-icon.component.ts
DEBUG nx::native::watch::watcher:   [update] apps/frontend/src/app/shared/icons/usuario-icon.component.ts
DEBUG nx::native::watch::watcher:   [update] apps/frontend/src/app/shared/icons/dashboard-icon.component.ts
DEBUG nx::native::watch::watcher:   [update] apps/frontend/src/app/shared/icons/categorias-icon.component.ts
DEBUG nx::native::watch::watcher:   [update] apps/frontend/src/app/shared/icons/clientes-icon.component.ts
DEBUG nx::native::watch::watcher:   [update] apps/frontend/src/app/shared/icons/carrito-icon.component.ts
[NX v23.2.1 Daemon Server] - 2026-09-26T05:39:00.946Z - [WATCHER]: Processing file changes in outputs
[NX v23.2.1 Daemon Server] - 2026-09-26T05:39:00.947Z - [WATCHER]: 0 file(s) created or restored, 20 file(s) modified, 0 file(s) deleted
[NX v23.2.1 Daemon Server] - 2026-09-26T05:39:00.947Z - [WATCHER]: [watcher] routeWorkspaceChanges batch: 20 events: update:apps/frontend/src/app/shared/icons/ventas-icon.component.ts, update:apps/frontend/src/app/shared/styles/cuenta-shared.css, update:apps/frontend/src/app/shared/styles/auth-shared.css, update:apps/frontend/src/app/shared/icons/inventario-icon.component.ts, update:apps/frontend/src/app/shared/icons/volver-icon.component.ts, update:apps/frontend/src/app/layouts/main-layout/topbar/topbar.component.ts, update:apps/frontend/src/app/shared/icons/proveedores-icon.component.ts, update:apps/frontend/src/app/shared/ui/chart/chart.component.ts, update:apps/frontend/src/app/shared/icons/reportes-icon.component.ts, update:apps/frontend/src/app/shared/icons/lista-deseos-icon.component.ts, update:apps/frontend/src/app/shared/icons/menu-icon.component.ts, update:apps/frontend/src/app/shared/icons/inicio-icon.component.ts, update:apps/frontend/src/app/shared/icons/configuracion-icon.component.ts, update:apps/frontend/src/app/shared/icons/logout-icon.component.ts, update:apps/frontend/src/app/shared/icons/mis-pedidos-icon.component.ts, update:apps/frontend/src/app/shared/icons/usuario-icon.component.ts, update:apps/frontend/src/app/shared/icons/dashboard-icon.component.ts, update:apps/frontend/src/app/shared/icons/categorias-icon.component.ts, update:apps/frontend/src/app/shared/icons/clientes-icon.component.ts, update:apps/frontend/src/app/shared/icons/carrito-icon.component.ts
[NX v23.2.1 Daemon Server] - 2026-09-26T05:39:00.957Z - [WATCHER]: File changes detected:
Created:
(none)
Updated:
  - apps/frontend/src/app/shared/icons/ventas-icon.component.ts
  - apps/frontend/src/app/shared/styles/cuenta-shared.css
  - apps/frontend/src/app/shared/styles/auth-shared.css
  - apps/frontend/src/app/shared/icons/inventario-icon.component.ts
  - apps/frontend/src/app/shared/icons/volver-icon.component.ts
  - apps/frontend/src/app/layouts/main-layout/topbar/topbar.component.ts
  - apps/frontend/src/app/shared/icons/proveedores-icon.component.ts
  - apps/frontend/src/app/shared/ui/chart/chart.component.ts
  - apps/frontend/src/app/shared/icons/reportes-icon.component.ts
  - apps/frontend/src/app/shared/icons/lista-deseos-icon.component.ts
  ... and 10 more
Deleted:
(none)
[NX v23.2.1 Daemon Server] - 2026-09-26T05:39:00.966Z - [SYNC]: clearing sync generators cache due to file changes
[NX v23.2.1 Daemon Server] - 2026-09-26T05:39:00.968Z - [REQUEST]: Updated workspace context based on watched changes, recomputing project graph...
[NX v23.2.1 Daemon Server] - 2026-09-26T05:39:00.968Z - [REQUEST]: apps/frontend/src/app/layouts/auth-layout/auth-slideshow/auth-slideshow.component.css,apps/frontend/src/app/features/ventas/ventas.routes.ts,apps/frontend/src/app/layouts/auth-layout/auth-slideshow/auth-slideshow.component.html,apps/frontend/src/app/layouts/main-layout/sidebar/sidebar.component.css,apps/frontend/src/app/layouts/main-layout/main-layout.component.ts,apps/frontend/src/app/layouts/main-layout/topbar/topbar.component.css,apps/frontend/src/app/layouts/main-layout/sidebar/sidebar.component.ts,apps/frontend/src/app/layouts/auth-layout/auth-layout.component.ts,apps/frontend/src/app/features/ventas/pages/pos/pos.page.ts,apps/frontend/src/app/layouts/auth-layout/auth-slideshow/auth-slideshow.component.ts,apps/frontend/src/app/features/ventas/pages/pos/pos.page.html,apps/frontend/src/app/layouts/main-layout/sidebar/sidebar.component.html,apps/frontend/src/app/shared/icons/proveedores-icon.component.ts,apps/frontend/src/app/shared/ui/chart/chart.component.ts,apps/frontend/src/app/shared/icons/categorias-icon.component.ts,apps/frontend/src/app/shared/icons/ventas-icon.component.ts,apps/frontend/src/app/shared/icons/inicio-icon.component.ts,apps/frontend/src/app/shared/icons/clientes-icon.component.ts,apps/frontend/src/app/shared/icons/lista-deseos-icon.component.ts,apps/frontend/src/app/shared/icons/mis-pedidos-icon.component.ts,apps/frontend/src/app/shared/icons/volver-icon.component.ts,apps/frontend/src/app/shared/icons/carrito-icon.component.ts,apps/frontend/src/app/shared/icons/logout-icon.component.ts,apps/frontend/src/app/shared/icons/menu-icon.component.ts,apps/frontend/src/app/layouts/main-layout/topbar/topbar.component.ts,apps/frontend/src/app/shared/icons/reportes-icon.component.ts,apps/frontend/src/app/shared/icons/configuracion-icon.component.ts,apps/frontend/src/app/shared/styles/cuenta-shared.css,apps/frontend/src/app/shared/icons/inventario-icon.component.ts,apps/frontend/src/app/shared/styles/auth-shared.css,apps/frontend/src/app/shared/icons/dashboard-icon.component.ts,apps/frontend/src/app/shared/icons/usuario-icon.component.ts
[NX v23.2.1 Daemon Server] - 2026-09-26T05:39:00.968Z - [REQUEST]: 
[NX v23.2.1 Daemon Server] - 2026-09-26T05:39:00.975Z - Time taken for 'hash changed files from watcher' 9.194499999999607ms
[1m[33mTime taken for 'nx/js/dependencies-and-lockfile:createNodes' 17.51760000000013ms[39m[22m
DEBUG nx::native::watch::watcher: idle-window emitting events count=10
DEBUG nx::native::watch::watcher: idle-window emitting events count=10
DEBUG nx::native::watch::watcher:   [update] apps/frontend/src/app/shared/ui/kodama-avatar/kodama-avatar.component.ts
DEBUG nx::native::watch::watcher:   [update] apps/frontend/src/app/shared/ui/data-table/data-table.component.html
DEBUG nx::native::watch::watcher:   [update] apps/frontend/src/app/shared/ui/data-table/data-table.component.ts
DEBUG nx::native::watch::watcher:   [update] apps/frontend/src/app/shared/ui/empty-state/empty-state.component.ts
DEBUG nx::native::watch::watcher:   [update] apps/frontend/src/app/shared/ui/confirm-modal/confirm-modal.component.ts
DEBUG nx::native::watch::watcher:   [update] apps/frontend/src/app/shared/ui/chart/tremor-theme.ts
DEBUG nx::native::watch::watcher:   [update] apps/frontend/src/app/shared/ui/search-input/search-input.component.ts
DEBUG nx::native::watch::watcher:   [update] apps/frontend/src/app/shared/ui/search-input/search-input.component.ts
DEBUG nx::native::watch::watcher:   [update] apps/frontend/src/app/shared/ui/confirm-modal/confirm-modal.component.ts
DEBUG nx::native::watch::watcher:   [update] apps/frontend/src/app/shared/ui/kodama-avatar/kodama-avatar.component.ts
DEBUG nx::native::watch::watcher:   [update] apps/frontend/src/app/shared/ui/chart/tremor-theme.ts
DEBUG nx::native::watch::watcher:   [update] apps/frontend/src/app/shared/ui/pagination/pagination.component.html
DEBUG nx::native::watch::watcher:   [update] apps/frontend/src/app/shared/ui/empty-state/empty-state.component.ts
DEBUG nx::native::watch::watcher:   [update] apps/frontend/src/app/shared/ui/logo/logo.component.ts
DEBUG nx::native::watch::watcher:   [update] apps/frontend/src/app/shared/ui/logo/logo.component.ts
DEBUG nx::native::watch::watcher:   [update] apps/frontend/src/app/shared/ui/data-table/data-table.component.html
DEBUG nx::native::watch::watcher:   [update] apps/frontend/src/app/shared/ui/pagination/pagination.component.html
DEBUG nx::native::watch::watcher:   [update] apps/frontend/src/app/shared/ui/pagination/pagination.component.ts
DEBUG nx::native::watch::watcher:   [update] apps/frontend/src/app/shared/ui/pagination/pagination.component.ts
DEBUG nx::native::watch::watcher:   [update] apps/frontend/src/app/shared/ui/data-table/data-table.component.ts
[NX v23.2.1 Daemon Server] - 2026-09-26T05:39:01.454Z - [WATCHER]: 0 file(s) created or restored, 10 file(s) modified, 0 file(s) deleted
[NX v23.2.1 Daemon Server] - 2026-09-26T05:39:01.454Z - [WATCHER]: [watcher] routeWorkspaceChanges batch: 10 events: update:apps/frontend/src/app/shared/ui/kodama-avatar/kodama-avatar.component.ts, update:apps/frontend/src/app/shared/ui/data-table/data-table.component.ts, update:apps/frontend/src/app/shared/ui/search-input/search-input.component.ts, update:apps/frontend/src/app/shared/ui/confirm-modal/confirm-modal.component.ts, update:apps/frontend/src/app/shared/ui/chart/tremor-theme.ts, update:apps/frontend/src/app/shared/ui/empty-state/empty-state.component.ts, update:apps/frontend/src/app/shared/ui/logo/logo.component.ts, update:apps/frontend/src/app/shared/ui/data-table/data-table.component.html, update:apps/frontend/src/app/shared/ui/pagination/pagination.component.html, update:apps/frontend/src/app/shared/ui/pagination/pagination.component.ts
[NX v23.2.1 Daemon Server] - 2026-09-26T05:39:01.457Z - [WATCHER]: File changes detected:
Created:
(none)
Updated:
  - apps/frontend/src/app/shared/ui/kodama-avatar/kodama-avatar.component.ts
  - apps/frontend/src/app/shared/ui/data-table/data-table.component.ts
  - apps/frontend/src/app/shared/ui/search-input/search-input.component.ts
  - apps/frontend/src/app/shared/ui/confirm-modal/confirm-modal.component.ts
  - apps/frontend/src/app/shared/ui/chart/tremor-theme.ts
  - apps/frontend/src/app/shared/ui/empty-state/empty-state.component.ts
  - apps/frontend/src/app/shared/ui/logo/logo.component.ts
  - apps/frontend/src/app/shared/ui/data-table/data-table.component.html
  - apps/frontend/src/app/shared/ui/pagination/pagination.component.html
  - apps/frontend/src/app/shared/ui/pagination/pagination.component.ts
Deleted:
(none)
[NX v23.2.1 Daemon Server] - 2026-09-26T05:39:01.461Z - [SYNC]: clearing sync generators cache due to file changes
[NX v23.2.1 Daemon Server] - 2026-09-26T05:39:01.463Z - [REQUEST]: Updated workspace context based on watched changes, recomputing project graph...
[NX v23.2.1 Daemon Server] - 2026-09-26T05:39:01.464Z - [REQUEST]: apps/frontend/src/app/layouts/auth-layout/auth-slideshow/auth-slideshow.component.css,apps/frontend/src/app/features/ventas/ventas.routes.ts,apps/frontend/src/app/layouts/auth-layout/auth-slideshow/auth-slideshow.component.html,apps/frontend/src/app/layouts/main-layout/sidebar/sidebar.component.css,apps/frontend/src/app/layouts/main-layout/main-layout.component.ts,apps/frontend/src/app/layouts/main-layout/topbar/topbar.component.css,apps/frontend/src/app/layouts/main-layout/sidebar/sidebar.component.ts,apps/frontend/src/app/layouts/auth-layout/auth-layout.component.ts,apps/frontend/src/app/features/ventas/pages/pos/pos.page.ts,apps/frontend/src/app/layouts/auth-layout/auth-slideshow/auth-slideshow.component.ts,apps/frontend/src/app/features/ventas/pages/pos/pos.page.html,apps/frontend/src/app/layouts/main-layout/sidebar/sidebar.component.html,apps/frontend/src/app/shared/icons/proveedores-icon.component.ts,apps/frontend/src/app/shared/ui/chart/chart.component.ts,apps/frontend/src/app/shared/icons/categorias-icon.component.ts,apps/frontend/src/app/shared/icons/ventas-icon.component.ts,apps/frontend/src/app/shared/icons/inicio-icon.component.ts,apps/frontend/src/app/shared/icons/clientes-icon.component.ts,apps/frontend/src/app/shared/icons/lista-deseos-icon.component.ts,apps/frontend/src/app/shared/icons/mis-pedidos-icon.component.ts,apps/frontend/src/app/shared/icons/volver-icon.component.ts,apps/frontend/src/app/shared/icons/carrito-icon.component.ts,apps/frontend/src/app/shared/icons/logout-icon.component.ts,apps/frontend/src/app/shared/icons/menu-icon.component.ts,apps/frontend/src/app/layouts/main-layout/topbar/topbar.component.ts,apps/frontend/src/app/shared/icons/reportes-icon.component.ts,apps/frontend/src/app/shared/icons/configuracion-icon.component.ts,apps/frontend/src/app/shared/styles/cuenta-shared.css,apps/frontend/src/app/shared/icons/inventario-icon.component.ts,apps/frontend/src/app/shared/styles/auth-shared.css,apps/frontend/src/app/shared/icons/dashboard-icon.component.ts,apps/frontend/src/app/shared/icons/usuario-icon.component.ts,apps/frontend/src/app/shared/ui/empty-state/empty-state.component.ts,apps/frontend/src/app/shared/ui/pagination/pagination.component.html,apps/frontend/src/app/shared/ui/data-table/data-table.component.html,apps/frontend/src/app/shared/ui/chart/tremor-theme.ts,apps/frontend/src/app/shared/ui/search-input/search-input.component.ts,apps/frontend/src/app/shared/ui/pagination/pagination.component.ts,apps/frontend/src/app/shared/ui/logo/logo.component.ts,apps/frontend/src/app/shared/ui/confirm-modal/confirm-modal.component.ts,apps/frontend/src/app/shared/ui/kodama-avatar/kodama-avatar.component.ts,apps/frontend/src/app/shared/ui/data-table/data-table.component.ts
[NX v23.2.1 Daemon Server] - 2026-09-26T05:39:01.464Z - [REQUEST]: 
[NX v23.2.1 Daemon Server] - 2026-09-26T05:39:01.470Z - [WATCHER]: Processing file changes in outputs
[NX v23.2.1 Daemon Server] - 2026-09-26T05:39:01.471Z - Time taken for 'hash changed files from watcher' 3.8333999999995285ms
[1m[33mTime taken for 'nx/js/dependencies-and-lockfile:createNodes' 17.462100000000646ms[39m[22m
[plugin-worker] "nx/core/package-json" (pid: 4284) listening on \\.\pipe\nx\C:\Users\Gerar\AppData\Local\Temp\cc131f79\p33628-i-8ba77f32.sock
[1m[33mTime taken for 'plugin worker 4284 code loading' 1124.2299999999998ms[39m[22m
[plugin-worker] "nx/core/project-json" (pid: 12004) listening on \\.\pipe\nx\C:\Users\Gerar\AppData\Local\Temp\cc131f79\p33628-j-4127d880.sock
[isolated-plugin] connected to worker for "nx/core/project-json" (pid: 12004)
[isolated-plugin] connected to worker for "nx/core/package-json" (pid: 4284)
[plugin-worker] "nx/core/package-json" (pid: 4284) connected
[plugin-worker] "nx/core/project-json" (pid: 12004) connected
[1m[33mTime taken for 'plugin worker 12004 code loading' 1092.3968ms[39m[22m
[NX v23.2.1 Daemon Server] - 2026-09-26T05:39:01.800Z - Time taken for 'start-plugin-worker:nx/core/package-json' 1374.0242999999991ms
[NX v23.2.1 Daemon Server] - 2026-09-26T05:39:01.800Z - Time taken for 'start-plugin-worker:nx/core/project-json' 1321.2993999999999ms
[plugin-worker] "nx/core/project-json" (pid: 12004) loaded successfully
[1m[33mTime taken for 'nx/core/project-json:createNodes' 0.18219999999996617ms[39m[22m
[1m[33mTime taken for 'nx/core/project-json:createNodes' 0.50649999999996ms[39m[22m
[1m[33mTime taken for 'nx/core/project-json:createNodes' 0.63149999999996ms[39m[22m
[isolated-plugin] shutting down worker for "nx/core/project-json" after createNodes
[plugin-worker] "nx/core/package-json" (pid: 4284) loaded successfully
[1m[33mTime taken for 'nx/core/package-json:createNodes' 20.53020000000015ms[39m[22m
[1m[33mTime taken for 'nx/core/package-json:createNodes' 20.807199999999966ms[39m[22m
[1m[33mTime taken for 'nx/core/package-json:createNodes' 20.908100000000104ms[39m[22m
[isolated-plugin] shutting down worker for "nx/core/package-json" after createNodes
[NX v23.2.1 Daemon Server] - 2026-09-26T05:39:01.962Z - Time taken for 'build-project-configs' 464.1977999999999ms
[NX v23.2.1 Daemon Server] - 2026-09-26T05:39:01.962Z - Time taken for 'build-project-configs' 468.95780000000013ms
[NX v23.2.1 Daemon Server] - 2026-09-26T05:39:01.962Z - Time taken for 'build-project-configs' 474.16150000000016ms
[NX v23.2.1 Daemon Server] - 2026-09-26T05:39:01.962Z - Time taken for 'createNodes:merge' 4.580100000001039ms
[NX v23.2.1 Daemon Server] - 2026-09-26T05:39:01.962Z - Time taken for 'createNodes:merge' 4.642799999999625ms
[NX v23.2.1 Daemon Server] - 2026-09-26T05:39:01.962Z - Time taken for 'createNodes:merge' 5.099999999998545ms
DEBUG nx::native::watch::watcher: idle-window emitting events count=13
DEBUG nx::native::watch::watcher: idle-window emitting events count=13
DEBUG nx::native::watch::watcher:   [update] apps/frontend/src/kodama-id.d.ts
DEBUG nx::native::watch::watcher:   [update] apps/frontend/src/app/shared/ui/stat-card/stat-card.component.ts
DEBUG nx::native::watch::watcher:   [update] apps/frontend/src/styles/typography.css
DEBUG nx::native::watch::watcher:   [update] apps/mcp/src/db.ts
DEBUG nx::native::watch::watcher:   [update] apps/frontend/src/styles/buttons.css
DEBUG nx::native::watch::watcher:   [update] apps/frontend/src/app/shared/ui/stat-card/stat-card.component.html
DEBUG nx::native::watch::watcher:   [update] apps/frontend/src/kodama-id.d.ts
DEBUG nx::native::watch::watcher:   [update] apps/frontend/src/styles/reset.css
DEBUG nx::native::watch::watcher:   [update] apps/frontend/src/app/shared/ui/status-badge/status-badge.component.ts
DEBUG nx::native::watch::watcher:   [update] apps/frontend/src/index.html
DEBUG nx::native::watch::watcher:   [update] apps/frontend/src/app/shared/ui/status-badge/status-badge.component.ts
DEBUG nx::native::watch::watcher:   [update] apps/frontend/src/styles/variables.css
DEBUG nx::native::watch::watcher:   [update] apps/frontend/src/styles/typography.css
DEBUG nx::native::watch::watcher:   [update] apps/frontend/src/main.ts
DEBUG nx::native::watch::watcher:   [update] apps/frontend/src/app/shared/utils/excel/excel-export.ts
DEBUG nx::native::watch::watcher:   [update] apps/frontend/src/main.ts
DEBUG nx::native::watch::watcher:   [update] apps/frontend/src/app/shared/ui/stat-card/stat-card.component.html
DEBUG nx::native::watch::watcher:   [update] apps/mcp/src/db.ts
DEBUG nx::native::watch::watcher:   [update] apps/frontend/src/styles/buttons.css
DEBUG nx::native::watch::watcher:   [update] apps/frontend/src/styles/variables.css
DEBUG nx::native::watch::watcher:   [update] apps/frontend/src/index.html
DEBUG nx::native::watch::watcher:   [update] apps/mcp/src/index.ts
DEBUG nx::native::watch::watcher:   [update] apps/frontend/src/app/shared/ui/stat-card/stat-card.component.ts
DEBUG nx::native::watch::watcher:   [update] apps/frontend/src/styles/reset.css
DEBUG nx::native::watch::watcher:   [update] apps/mcp/src/index.ts
DEBUG nx::native::watch::watcher:   [update] apps/frontend/src/app/shared/utils/excel/excel-export.ts
[NX v23.2.1 Daemon Server] - 2026-09-26T05:39:01.967Z - [WATCHER]: 0 file(s) created or restored, 13 file(s) modified, 0 file(s) deleted
[NX v23.2.1 Daemon Server] - 2026-09-26T05:39:01.967Z - [WATCHER]: [watcher] routeWorkspaceChanges batch: 13 events: update:apps/frontend/src/kodama-id.d.ts, update:apps/frontend/src/styles/typography.css, update:apps/frontend/src/styles/buttons.css, update:apps/frontend/src/styles/reset.css, update:apps/frontend/src/index.html, update:apps/frontend/src/app/shared/ui/status-badge/status-badge.component.ts, update:apps/frontend/src/main.ts, update:apps/frontend/src/app/shared/utils/excel/excel-export.ts, update:apps/frontend/src/app/shared/ui/stat-card/stat-card.component.html, update:apps/mcp/src/db.ts, update:apps/frontend/src/styles/variables.css, update:apps/mcp/src/index.ts, update:apps/frontend/src/app/shared/ui/stat-card/stat-card.component.ts
[NX v23.2.1 Daemon Server] - 2026-09-26T05:39:01.971Z - [WATCHER]: File changes detected:
Created:
(none)
Updated:
  - apps/frontend/src/kodama-id.d.ts
  - apps/frontend/src/styles/typography.css
  - apps/frontend/src/styles/buttons.css
  - apps/frontend/src/styles/reset.css
  - apps/frontend/src/index.html
  - apps/frontend/src/app/shared/ui/status-badge/status-badge.component.ts
  - apps/frontend/src/main.ts
  - apps/frontend/src/app/shared/utils/excel/excel-export.ts
  - apps/frontend/src/app/shared/ui/stat-card/stat-card.component.html
  - apps/mcp/src/db.ts
  ... and 3 more
Deleted:
(none)
[NX v23.2.1 Daemon Server] - 2026-09-26T05:39:01.974Z - [SYNC]: clearing sync generators cache due to file changes
[NX v23.2.1 Daemon Server] - 2026-09-26T05:39:01.976Z - [REQUEST]: Updated workspace context based on watched changes, recomputing project graph...
[NX v23.2.1 Daemon Server] - 2026-09-26T05:39:01.976Z - [REQUEST]: apps/mcp/src/db.ts,apps/frontend/src/styles/typography.css,apps/frontend/src/styles/buttons.css,apps/frontend/src/styles/reset.css,apps/frontend/src/app/shared/ui/stat-card/stat-card.component.ts,apps/mcp/src/index.ts,apps/frontend/src/main.ts,apps/frontend/src/index.html,apps/frontend/src/app/shared/ui/stat-card/stat-card.component.html,apps/frontend/src/styles/variables.css,apps/frontend/src/kodama-id.d.ts,apps/frontend/src/app/shared/ui/status-badge/status-badge.component.ts,apps/frontend/src/app/shared/utils/excel/excel-export.ts
[NX v23.2.1 Daemon Server] - 2026-09-26T05:39:01.976Z - [REQUEST]: 
[plugin-client] restarting worker for "nx/core/package-json"
[isolated-plugin] spawned worker for "nx/core/package-json" (pid: 33956, socket: \\.\pipe\nx\C:\Users\Gerar\AppData\Local\Temp\cc131f79\p33628-k-db35dd1e.sock)
[plugin-client] restarting worker for "nx/core/project-json"
[isolated-plugin] spawned worker for "nx/core/project-json" (pid: 27464, socket: \\.\pipe\nx\C:\Users\Gerar\AppData\Local\Temp\cc131f79\p33628-l-1a55bc72.sock)
[NX v23.2.1 Daemon Server] - 2026-09-26T05:39:02.091Z - Time taken for 'hash changed files from watcher' 3.0054999999993015ms
[NX v23.2.1 Daemon Server] - 2026-09-26T05:39:02.096Z - [WATCHER]: Processing file changes in outputs
[1m[33mTime taken for 'build typescript dependencies' 5.126100000000406ms[39m[22m
[NX v23.2.1 Daemon Server] - 2026-09-26T05:39:02.112Z - Time taken for 'total execution time for createProjectGraph()' 158.88370000000032ms
[NX v23.2.1 Daemon Server] - 2026-09-26T05:39:02.112Z - Time taken for 'createDependencies' 147.60460000000057ms
[NX v23.2.1 Daemon Server] - 2026-09-26T05:39:02.112Z - Time taken for 'nx/js/dependencies-and-lockfile:createDependencies' 147.35260000000017ms
[NX v23.2.1 Daemon Server] - 2026-09-26T05:39:02.112Z - Time taken for 'createMetadata' 0.03980000000046857ms
[NX v23.2.1 Daemon Server] - 2026-09-26T05:39:02.112Z - Time taken for 'serialize graph' 5.670499999998356ms
[1m[33mTime taken for 'nx/js/dependencies-and-lockfile:createNodes' 29.41450000000077ms[39m[22m
[plugin-worker] "nx/core/package-json" (pid: 33956) listening on \\.\pipe\nx\C:\Users\Gerar\AppData\Local\Temp\cc131f79\p33628-k-db35dd1e.sock
[1m[33mTime taken for 'plugin worker 33956 code loading' 966.1165000000001ms[39m[22m
[isolated-plugin] connected to worker for "nx/core/package-json" (pid: 33956)
[NX v23.2.1 Daemon Server] - 2026-09-26T05:39:03.312Z - Time taken for 'start-plugin-worker:nx/core/package-json' 1331.9956000000002ms
[plugin-worker] "nx/core/package-json" (pid: 33956) connected
[plugin-worker] "nx/core/project-json" (pid: 27464) listening on \\.\pipe\nx\C:\Users\Gerar\AppData\Local\Temp\cc131f79\p33628-l-1a55bc72.sock
[1m[33mTime taken for 'plugin worker 27464 code loading' 939.1953000000001ms[39m[22m
[isolated-plugin] connected to worker for "nx/core/project-json" (pid: 27464)
[plugin-worker] "nx/core/project-json" (pid: 27464) connected
[NX v23.2.1 Daemon Server] - 2026-09-26T05:39:03.343Z - Time taken for 'start-plugin-worker:nx/core/project-json' 1308.3482999999997ms
[plugin-worker] "nx/core/package-json" (pid: 33956) loaded successfully
[plugin-worker] "nx/core/project-json" (pid: 27464) loaded successfully
[1m[33mTime taken for 'nx/core/project-json:createNodes' 0.5523999999998068ms[39m[22m
[isolated-plugin] shutting down worker for "nx/core/project-json" after createNodes
[1m[33mTime taken for 'nx/core/package-json:createNodes' 36.061800000000176ms[39m[22m
[isolated-plugin] shutting down worker for "nx/core/package-json" after createNodes
[NX v23.2.1 Daemon Server] - 2026-09-26T05:39:03.417Z - Time taken for 'build-project-configs' 1422.7903999999999ms
[NX v23.2.1 Daemon Server] - 2026-09-26T05:39:03.417Z - Time taken for 'createNodes:merge' 5.026600000001054ms
[1m[33mTime taken for 'build typescript dependencies' 3.149800000000141ms[39m[22m
[isolated-plugin] shutting down worker for "nx/js/dependencies-and-lockfile" after createDependencies
[NX v23.2.1 Daemon Server] - 2026-09-26T05:39:03.461Z - [SYNC]: collect registered sync generators
[NX v23.2.1 Daemon Server] - 2026-09-26T05:39:03.462Z - [SYNC]: project graph hash is the same, not collecting task sync generators
[NX v23.2.1 Daemon Server] - 2026-09-26T05:39:03.462Z - [SYNC]: nx.json hash is the same, not collecting global sync generators
[NX v23.2.1 Daemon Server] - 2026-09-26T05:39:03.480Z - Wrote project graph cache to C:\Users\Gerar\Downloads\Proyectos\bibliohub\.nx\workspace-data\project-graph.json
[NX v23.2.1 Daemon Server] - 2026-09-26T05:39:03.492Z - Time taken for 'total execution time for createProjectGraph()' 51.82310000000143ms
[NX v23.2.1 Daemon Server] - 2026-09-26T05:39:03.492Z - Time taken for 'createDependencies' 41.44520000000011ms
[NX v23.2.1 Daemon Server] - 2026-09-26T05:39:03.492Z - Time taken for 'nx/js/dependencies-and-lockfile:createDependencies' 41.12359999999899ms
[NX v23.2.1 Daemon Server] - 2026-09-26T05:39:03.492Z - Time taken for 'createMetadata' 0.038499999998748535ms
[NX v23.2.1 Daemon Server] - 2026-09-26T05:39:03.492Z - Time taken for 'serialize graph' 4.7775000000001455ms
[NX v23.2.1 Daemon Server] - 2026-09-26T05:39:03.492Z - Time taken for 'write cache' 18.131799999999203ms
[NX v23.2.1 Daemon Server] - 2026-09-26T05:39:05.505Z - [LATEST-NX]: Successfully pulled latest Nx to C:\Users\Gerar\AppData\Local\Temp\tmp-33628-iBLBteSCmq4y
[NX v23.2.1 Daemon Server] - 2026-09-26T05:39:05.507Z - [NX-CONSOLE]: Using local implementation (NX_USE_LOCAL=true or inner call)
[NX v23.2.1 Daemon Server] - 2026-09-26T05:39:05.508Z - [AI-AGENTS]: Failed to compute agent configuration status from latest Nx. Error: Only URLs with a scheme in: file, data, and node are supported by the default ESM loader. On Windows, absolute paths must be valid file:// URLs. Received protocol 'c:'
[NX v23.2.1 Daemon Server] - 2026-09-26T05:39:05.508Z - [AI-AGENTS]: Agent configuration status computation completed: 0 fully configured, 0 outdated, 0 partially configured, 0 non-configured
DEBUG nx::native::ide::install: Detected editor: Unknown
[NX v23.2.1 Daemon Server] - 2026-09-26T05:39:05.509Z - [NX-CONSOLE]: Console status check completed, shouldPrompt: false
DEBUG nx::native::watch::watcher: idle-window emitting events count=1
DEBUG nx::native::watch::watcher:   [update] apps/frontend/.angular/cache/21.2.17/frontend/.tsbuildinfo
[NX v23.2.1 Daemon Server] - 2026-09-26T05:39:08.818Z - [WATCHER]: Processing file changes in outputs
DEBUG nx::native::watch::watcher: idle-window emitting events count=7
DEBUG nx::native::watch::watcher: idle-window emitting events count=7
DEBUG nx::native::watch::watcher:   [delete] apps/backend/src/modules/inventory
DEBUG nx::native::watch::watcher:   [delete] .github/workflows/ci.yml
DEBUG nx::native::watch::watcher:   [delete] apps/frontend/src/app/features/tienda/carrito
DEBUG nx::native::watch::watcher:   [delete] apps/backend/src/database
DEBUG nx::native::watch::watcher:   [delete] nx.json
DEBUG nx::native::watch::watcher:   [delete] .github
DEBUG nx::native::watch::watcher:   [delete] nx.json
DEBUG nx::native::watch::watcher:   [delete] .github
DEBUG nx::native::watch::watcher:   [delete] .github/workflows
DEBUG nx::native::watch::watcher:   [delete] .github/workflows/ci.yml
DEBUG nx::native::watch::watcher:   [delete] apps/frontend/src/app/features/tienda/carrito
DEBUG nx::native::watch::watcher:   [delete] apps/backend/src/modules/inventory
DEBUG nx::native::watch::watcher:   [delete] .github/workflows
DEBUG nx::native::watch::watcher:   [delete] apps/backend/src/database
[NX v23.2.1 Daemon Server] - 2026-09-26T05:39:25.403Z - [WATCHER]: Processing file changes in outputs
[NX v23.2.1 Daemon Server] - 2026-09-26T05:39:25.403Z - [WATCHER]: 0 file(s) created or restored, 0 file(s) modified, 7 file(s) deleted
[NX v23.2.1 Daemon Server] - 2026-09-26T05:39:25.403Z - [WATCHER]: [watcher] routeWorkspaceChanges batch: 7 events: delete:.github/workflows/ci.yml, delete:apps/frontend/src/app/features/tienda/carrito, delete:.github, delete:nx.json, delete:.github/workflows, delete:apps/backend/src/modules/inventory, delete:apps/backend/src/database
[NX v23.2.1 Daemon Server] - 2026-09-26T05:39:25.403Z - [WATCHER]: File changes detected:
Created:
(none)
Updated:
(none)
Deleted:
  - .github/workflows/ci.yml
  - apps/frontend/src/app/features/tienda/carrito
  - .github
  - nx.json
  - .github/workflows
  - apps/backend/src/modules/inventory
  - apps/backend/src/database
[NX v23.2.1 Daemon Server] - 2026-09-26T05:39:25.405Z - [SYNC]: clearing sync generators cache due to file changes
[NX v23.2.1 Daemon Server] - 2026-09-26T05:39:25.407Z - [REQUEST]: Updated workspace context based on watched changes, recomputing project graph...
[NX v23.2.1 Daemon Server] - 2026-09-26T05:39:25.407Z - [REQUEST]: 
[NX v23.2.1 Daemon Server] - 2026-09-26T05:39:25.407Z - [REQUEST]: .github/workflows/ci.yml,apps/frontend/src/app/features/tienda/carrito,.github,nx.json,.github/workflows,apps/backend/src/modules/inventory,apps/backend/src/database
[plugin-client] restarting worker for "nx/js/dependencies-and-lockfile"
[isolated-plugin] spawned worker for "nx/js/dependencies-and-lockfile" (pid: 21284, socket: \\.\pipe\nx\C:\Users\Gerar\AppData\Local\Temp\cc131f79\p33628-m-a590651d.sock)
[plugin-client] restarting worker for "nx/core/package-json"
[isolated-plugin] spawned worker for "nx/core/package-json" (pid: 24920, socket: \\.\pipe\nx\C:\Users\Gerar\AppData\Local\Temp\cc131f79\p33628-n-bf5a5014.sock)
[plugin-client] restarting worker for "nx/core/project-json"
[isolated-plugin] spawned worker for "nx/core/project-json" (pid: 19340, socket: \\.\pipe\nx\C:\Users\Gerar\AppData\Local\Temp\cc131f79\p33628-o-4fd1887e.sock)
[NX v23.2.1 Daemon Server] - 2026-09-26T05:39:25.570Z - Time taken for 'hash changed files from watcher' 1.934399999998277ms
DEBUG nx::native::watch::watcher: idle-window emitting events count=150
DEBUG nx::native::watch::watcher:   [create] apps/backend/src/modules/auth/strategies/jwt.strategy.ts
DEBUG nx::native::watch::watcher:   [create] apps/frontend/src/app/features/reportes/reportes.routes.ts
DEBUG nx::native::watch::watcher:   [create] apps/frontend/src/app/features/auth/pages/recuperar-password/recuperar-password.page.html
DEBUG nx::native::watch::watcher:   [create] apps/backend/src/common/auth/roles.guard.ts
DEBUG nx::native::watch::watcher:   [create] apps/backend/src/infra/stripe/stripe.service.ts
DEBUG nx::native::watch::watcher:   [create] apps/frontend/src/app/features/cuenta/pages/seguridad.page.ts
DEBUG nx::native::watch::watcher:   [create] apps/frontend/src/app/features/tienda/components/book-card/book-card.component.ts
DEBUG nx::native::watch::watcher:   [create] apps/frontend/src/app/features/tienda/pages/home/home.page.ts
DEBUG nx::native::watch::watcher:   [create] apps/frontend/src/app/core/auth/role.guard.ts
DEBUG nx::native::watch::watcher:   [create] apps/frontend/src/app/features/inventario/pages/movimiento-form/movimiento-form.page.html
DEBUG nx::native::watch::watcher:   [create] apps/frontend/src/app/domain/reportes/reportes.service.ts
DEBUG nx::native::watch::watcher:   [create] apps/backend/src/modules/auth/services/auth.service.ts
DEBUG nx::native::watch::watcher:   [create] apps/backend/src/modules/lista-deseos/controllers/lista-deseos.controller.ts
DEBUG nx::native::watch::watcher:   [create] apps/frontend/src/app/core/auth/auth.model.ts
DEBUG nx::native::watch::watcher:   [create] apps/frontend/src/app/features/auth/pages/registro/registro.page.html
DEBUG nx::native::watch::watcher:   [create] apps/frontend/src/app/features/cuenta/pages/direcciones.page.ts
DEBUG nx::native::watch::watcher:   [create] apps/frontend/src/app/features/proveedores/pages/pedidos-compra-listado/pedidos-compra-listado.page.ts
DEBUG nx::native::watch::watcher:   [create] apps/backend/src/modules/cuenta/controllers/cuenta.controller.ts
DEBUG nx::native::watch::watcher:   [create] apps/frontend/src/app/features/ventas/ventas.routes.ts
DEBUG nx::native::watch::watcher:   [create] apps/frontend/src/app/domain/empleados/empleados.service.ts
DEBUG nx::native::watch::watcher:   [create] apps/backend/src/modules/ventas/entities/detalle-venta.entity.ts
DEBUG nx::native::watch::watcher:   [create] apps/frontend/package.json
DEBUG nx::native::watch::watcher:   [create] apps/backend/src/modules/cuenta/services/cuenta.service.ts
DEBUG nx::native::watch::watcher:   [create] apps/backend/src/modules/ventas/services/ventas.service.ts
DEBUG nx::native::watch::watcher:   [create] apps/frontend/src/app/domain/lista-deseos/lista-deseos.service.ts
DEBUG nx::native::watch::watcher:   [create] apps/frontend/src/app/features/auth/pages/login/login.page.ts
DEBUG nx::native::watch::watcher:   [create] apps/frontend/src/app/features/inventario/pages/libros-listado/libros-listado.page.ts
DEBUG nx::native::watch::watcher:   [create] apps/frontend/src/app/features/ventas/pages/pos/pos.page.ts
DEBUG nx::native::watch::watcher:   [create] apps/backend/src/modules/configuracion/services/configuracion.service.ts
DEBUG nx::native::watch::watcher:   [create] apps/backend/src/modules/inventario/dto/query-movimiento.dto.ts
DEBUG nx::native::watch::watcher:   [create] apps/frontend/src/app/core/auth/auth.interceptor.ts
DEBUG nx::native::watch::watcher:   [create] apps/frontend/src/app/features/proveedores/pages/pedido-compra-detalle/pedido-compra-detalle.page.ts
DEBUG nx::native::watch::watcher:   [create] apps/backend/src/modules/carrito/entities/carrito.entity.ts
DEBUG nx::native::watch::watcher: idle-window emitting events count=150
DEBUG nx::native::watch::watcher:   [create] apps/frontend/src/app/layouts/main-layout/sidebar/sidebar.component.html
DEBUG nx::native::watch::watcher:   [create] apps/backend/src/modules/inventario/dto/create-movimiento-inventario.dto.ts
DEBUG nx::native::watch::watcher:   [create] apps/frontend/src/app/features/auth/pages/recuperar-password/recuperar-password.page.ts
DEBUG nx::native::watch::watcher:   [create] apps/frontend/src/app/features/cuenta/pages/compra-detalle.page.ts
DEBUG nx::native::watch::watcher:   [create] apps/frontend/src/app/features/landing/pages/landing/landing.page.ts
DEBUG nx::native::watch::watcher:   [create] apps/frontend/src/app/features/pedidos-linea/pedidos-linea.routes.ts
DEBUG nx::native::watch::watcher:   [create] apps/frontend/src/app/features/proveedores/pages/proveedores-listado/proveedores-listado.page.html
DEBUG nx::native::watch::watcher:   [create] apps/backend/src/modules/cuenta/controllers/cuenta.controller.ts
DEBUG nx::native::watch::watcher:   [create] apps/frontend/src/app/features/tienda/pages/home/home.page.ts
DEBUG nx::native::watch::watcher:   [create] apps/backend/src/modules/empleados/controllers/empleados.controller.ts
DEBUG nx::native::watch::watcher:   [create] apps/backend/src/modules/cuenta/services/cuenta.service.ts
DEBUG nx::native::watch::watcher:   [create] apps/backend/src/modules/proveedores/proveedores.module.ts
DEBUG nx::native::watch::watcher:   [create] apps/frontend/src/app/features/proveedores/pages/pedidos-compra-listado/pedidos-compra-listado.page.ts
DEBUG nx::native::watch::watcher:   [create] apps/frontend/src/app/layouts/main-layout/sidebar/sidebar.component.css
DEBUG nx::native::watch::watcher:   [create] apps/backend/src/modules/auth/controllers/auth.controller.ts
DEBUG nx::native::watch::watcher:   [create] apps/frontend/src/app/features/tienda/pages/carrito-checkout/carrito-checkout.page.ts
DEBUG nx::native::watch::watcher:   [create] apps/backend/src/modules/clientes/services/clientes.service.ts
DEBUG nx::native::watch::watcher:   [create] apps/frontend/src/app/features/tienda/tienda.routes.ts
DEBUG nx::native::watch::watcher:   [create] apps/frontend/src/app/features/landing/pages/landing/landing.page.ts
DEBUG nx::native::watch::watcher:   [create] apps/frontend/src/app/features/cuenta/pages/direcciones.page.ts
DEBUG nx::native::watch::watcher:   [create] apps/frontend/src/app/features/reportes/components/reportes-tabs/reportes-tabs.component.ts
DEBUG nx::native::watch::watcher:   [create] apps/frontend/src/app/features/pedidos-linea/pages/pedidos-linea/pedidos-linea.page.ts
DEBUG nx::native::watch::watcher:   [create] apps/frontend/src/app/features/proveedores/pages/pedido-compra-form/pedido-compra-form.page.ts
DEBUG nx::native::watch::watcher:   [create] apps/frontend/src/app/features/tienda/components/book-card/book-card.component.ts
DEBUG nx::native::watch::watcher:   [create] apps/frontend/src/app/features/auth/pages/registro/registro.page.ts
DEBUG nx::native::watch::watcher:   [create] apps/frontend/src/app/app.html
DEBUG nx::native::watch::watcher:   [create] apps/backend/src/modules/lista-deseos/services/lista-deseos.service.ts
DEBUG nx::native::watch::watcher:   [create] apps/frontend/src/app/app.config.ts
DEBUG nx::native::watch::watcher:   [create] apps/frontend/src/app/features/configuracion/pages/configuracion/configuracion.page.html
DEBUG nx::native::watch::watcher:   [create] apps/backend/src/modules/configuracion/dto/update-configuracion.dto.ts
DEBUG nx::native::watch::watcher:   [create] apps/frontend/src/app/features/reportes/pages/historial/historial.page.html
DEBUG nx::native::watch::watcher:   [delete] apps/frontend/src/app/shared/icons/carrito-icon.component.ts
DEBUG nx::native::watch::watcher:   [create] apps/frontend/src/app/features/auth/pages/login/login.page.ts
DEBUG nx::native::watch::watcher:   [create] apps/frontend/src/app/features/tienda/pages/carrito-checkout/carrito-checkout.page.ts
DEBUG nx::native::watch::watcher:   [create] apps/backend/src/modules/lista-deseos/entities/lista-deseos.entity.ts
DEBUG nx::native::watch::watcher:   [create] apps/frontend/src/app/features/pedidos-linea/pages/pedidos-linea/pedidos-linea.page.ts
DEBUG nx::native::watch::watcher:   [create] apps/frontend/src/app/features/clientes/pages/clientes-listado/clientes-listado.page.html
DEBUG nx::native::watch::watcher:   [create] apps/backend/src/modules/empleados/controllers/empleados.controller.ts
DEBUG nx::native::watch::watcher:   [create] apps/backend/src/modules/configuracion/services/configuracion.service.spec.ts
DEBUG nx::native::watch::watcher:   [create] apps/frontend/src/app/features/tienda/pages/carrito-checkout/carrito-checkout.page.html
DEBUG nx::native::watch::watcher:   [create] apps/frontend/src/app/shared/icons/carrito-icon.component.ts
DEBUG nx::native::watch::watcher:   [create] apps/frontend/src/app/features/cuenta/pages/compras.page.ts
DEBUG nx::native::watch::watcher:   [create] apps/frontend/src/app/features/clientes/pages/cliente-detalle/cliente-detalle.page.ts
DEBUG nx::native::watch::watcher:   [create] apps/frontend/src/app/features/cuenta/pages/puntos.page.ts
DEBUG nx::native::watch::watcher:   [create] apps/frontend/src/app/layouts/main-layout/topbar/topbar.component.ts
DEBUG nx::native::watch::watcher:   [create] apps/frontend/src/app/features/tienda/pages/home/home.page.html
DEBUG nx::native::watch::watcher:   [create] apps/frontend/src/app/features/empleados/empleados.routes.ts
DEBUG nx::native::watch::watcher:   [create] apps/frontend/src/app/features/inventario/pages/libros-listado/libros-listado.page.html
DEBUG nx::native::watch::watcher:   [create] apps/frontend/src/app/features/auth/pages/login/login.page.html
DEBUG nx::native::watch::watcher:   [create] apps/backend/src/modules/ventas/services/ventas.service.ts
DEBUG nx::native::watch::watcher:   [create] apps/frontend/src/app/domain/clientes/clientes.service.ts
DEBUG nx::native::watch::watcher:   [create] apps/frontend/src/app/features/tienda/pages/lista-deseos/lista-deseos.page.ts
DEBUG nx::native::watch::watcher:   [create] apps/frontend/src/app/domain/empleados/empleados.service.ts
DEBUG nx::native::watch::watcher:   [create] apps/frontend/src/app/features/cuenta/components/pedido-tracker/pedido-tracker.component.ts
DEBUG nx::native::watch::watcher:   [create] apps/frontend/src/app/features/tienda/components/book-card/book-card.component.html
DEBUG nx::native::watch::watcher:   [create] apps/frontend/src/app/features/tienda/pages/pedido-confirmado/pedido-confirmado.page.ts
DEBUG nx::native::watch::watcher:   [create] apps/backend/src/infra/stripe/stripe.service.spec.ts
DEBUG nx::native::watch::watcher:   [create] apps/frontend/src/app/features/ventas/pages/pos/pos.page.html
DEBUG nx::native::watch::watcher:   [create] apps/frontend/src/app/layouts/main-layout/main-layout.component.ts
DEBUG nx::native::watch::watcher:   [create] apps/frontend/src/app/features/configuracion/configuracion.routes.ts
DEBUG nx::native::watch::watcher:   [create] apps/frontend/src/app/features/cuenta/pages/seguridad.page.ts
DEBUG nx::native::watch::watcher:   [create] apps/frontend/src/app/layouts/main-layout/sidebar/sidebar.component.html
DEBUG nx::native::watch::watcher:   [create] apps/frontend/src/app/features/reportes/pages/historial/historial.page.ts
DEBUG nx::native::watch::watcher:   [create] apps/frontend/src/app/features/tienda/tienda.routes.ts
DEBUG nx::native::watch::watcher:   [create] apps/frontend/src/app/domain/pedidos/pedido-estado.spec.ts
DEBUG nx::native::watch::watcher:   [create] apps/frontend/src/app/features/ventas/ventas.routes.ts
DEBUG nx::native::watch::watcher:   [create] apps/backend/package.json
DEBUG nx::native::watch::watcher:   [create] apps/frontend/src/app/features/inventario/inventario.routes.ts
DEBUG nx::native::watch::watcher:   [create] apps/frontend/src/app/core/auth/auth.service.ts
DEBUG nx::native::watch::watcher:   [create] apps/frontend/src/app/domain/pedidos/pedidos.service.ts
DEBUG nx::native::watch::watcher:   [create] apps/backend/src/common/auth/roles.guard.ts
DEBUG nx::native::watch::watcher:   [create] apps/frontend/src/app/features/empleados/pages/empleados/empleados.page.ts
DEBUG nx::native::watch::watcher:   [create] apps/backend/src/modules/auth/dto/registro-cliente.dto.ts
DEBUG nx::native::watch::watcher:   [create] apps/frontend/src/app/layouts/auth-layout/auth-layout.component.ts
DEBUG nx::native::watch::watcher:   [create] apps/frontend/src/app/features/pedidos-linea/pedidos-linea.routes.ts
DEBUG nx::native::watch::watcher:   [create] apps/backend/src/modules/reportes/dto/query-historial-ventas.dto.ts
DEBUG nx::native::watch::watcher:   [create] apps/backend/src/modules/carrito/dto/agregar-item-carrito.dto.ts
DEBUG nx::native::watch::watcher:   [create] apps/backend/src/modules/configuracion/services/configuracion.service.spec.ts
DEBUG nx::native::watch::watcher:   [create] apps/frontend/src/app/features/cuenta/pages/compra-detalle.page.ts
DEBUG nx::native::watch::watcher:   [create] apps/backend/src/main.ts
DEBUG nx::native::watch::watcher:   [create] apps/frontend/src/app/features/ventas/pages/pos/pos.page.html
DEBUG nx::native::watch::watcher:   [create] apps/backend/src/modules/clientes/entities/cliente.entity.ts
DEBUG nx::native::watch::watcher:   [create] apps/frontend/src/app/layouts/auth-layout/auth-slideshow/auth-slideshow.component.ts
DEBUG nx::native::watch::watcher:   [create] apps/frontend/src/app/features/cuenta/components/pedido-tracker/pedido-tracker.component.ts
DEBUG nx::native::watch::watcher:   [create] apps/backend/src/modules/inventario/services/inventario.service.ts
DEBUG nx::native::watch::watcher:   [create] apps/frontend/src/app/features/ventas/pages/pos/pos.page.css
DEBUG nx::native::watch::watcher:   [create] apps/frontend/src/app/features/tienda/pages/libro-detalle/libro-detalle.page.html
DEBUG nx::native::watch::watcher:   [create] apps/frontend/src/app/domain/pedidos/pedido-estado.spec.ts
DEBUG nx::native::watch::watcher:   [create] apps/frontend/src/app/layouts/main-layout/sidebar/sidebar.component.css
DEBUG nx::native::watch::watcher:   [create] apps/backend/src/modules/proveedores/dto/query-pedido-compra.dto.ts
DEBUG nx::native::watch::watcher:   [create] apps/frontend/src/app/features/cuenta/pages/perfil.page.ts
DEBUG nx::native::watch::watcher:   [create] apps/frontend/src/app/features/configuracion/pages/configuracion/configuracion.page.ts
DEBUG nx::native::watch::watcher:   [create] apps/frontend/src/app/features/tienda/pages/libro-detalle/libro-detalle.page.ts
DEBUG nx::native::watch::watcher:   [create] apps/frontend/src/app/features/ventas/pages/pos/pos.page.ts
DEBUG nx::native::watch::watcher:   [create] apps/frontend/src/app/domain/carrito/carrito.service.spec.ts
DEBUG nx::native::watch::watcher:   [create] apps/backend/src/modules/auth/strategies/jwt.strategy.ts
DEBUG nx::native::watch::watcher:   [create] apps/frontend/src/app/features/clientes/clientes.routes.ts
DEBUG nx::native::watch::watcher:   [create] apps/frontend/src/app/layouts/auth-layout/auth-slideshow/auth-slideshow.component.css
DEBUG nx::native::watch::watcher:   [create] apps/frontend/src/app/features/inventario/pages/libro-form/libro-form.page.ts
DEBUG nx::native::watch::watcher:   [create] apps/frontend/src/app/features/cuenta/pages/perfil.page.ts
DEBUG nx::native::watch::watcher:   [create] apps/frontend/src/app/features/proveedores/pages/pedido-compra-form/pedido-compra-form.page.html
DEBUG nx::native::watch::watcher:   [create] apps/frontend/src/app/features/cuenta/pages/tarjetas.page.ts
DEBUG nx::native::watch::watcher:   [create] apps/frontend/src/app/features/dashboard/pages/dashboard/dashboard.page.ts
DEBUG nx::native::watch::watcher:   [create] apps/frontend/src/app/features/tienda/components/filtros-catalogo/filtros-catalogo.component.ts
DEBUG nx::native::watch::watcher:   [create] .gitignore
DEBUG nx::native::watch::watcher:   [create] apps/backend/package.json
DEBUG nx::native::watch::watcher:   [create] apps/frontend/src/app/features/proveedores/proveedores.routes.ts
DEBUG nx::native::watch::watcher:   [create] apps/frontend/src/app/features/clientes/clientes.routes.ts
DEBUG nx::native::watch::watcher:   [create] apps/frontend/src/app/layouts/main-layout/topbar/topbar.component.ts
DEBUG nx::native::watch::watcher:   [create] apps/frontend/src/app/layouts/auth-layout/auth-slideshow/auth-slideshow.component.html
DEBUG nx::native::watch::watcher:   [create] apps/frontend/src/app/app.routes.ts
DEBUG nx::native::watch::watcher:   [create] apps/frontend/src/app/features/auth/pages/recuperar-password/recuperar-password.page.ts
DEBUG nx::native::watch::watcher:   [create] apps/backend/src/infra/stripe/stripe.service.spec.ts
DEBUG nx::native::watch::watcher:   [create] apps/frontend/src/app/features/cuenta/pages/compras.page.ts
DEBUG nx::native::watch::watcher:   [create] apps/frontend/src/app/features/tienda/pages/home/home.page.html
DEBUG nx::native::watch::watcher:   [create] apps/backend/src/modules/proveedores/services/proveedores.service.ts
DEBUG nx::native::watch::watcher:   [create] apps/frontend/src/app/features/dashboard/dashboard.routes.ts
DEBUG nx::native::watch::watcher:   [create] apps/frontend/src/app/features/auth/pages/recuperar-password/recuperar-password.page.html
DEBUG nx::native::watch::watcher:   [create] apps/frontend/src/app/layouts/auth-layout/auth-layout.component.ts
DEBUG nx::native::watch::watcher:   [create] apps/frontend/src/app/features/proveedores/services/proveedores.service.ts
DEBUG nx::native::watch::watcher:   [create] apps/backend/src/modules/auth/entities/log-acceso.entity.ts
DEBUG nx::native::watch::watcher:   [create] apps/frontend/src/app/features/reportes/reportes.routes.ts
DEBUG nx::native::watch::watcher:   [create] apps/frontend/src/app/layouts/main-layout/topbar/topbar.component.css
DEBUG nx::native::watch::watcher:   [create] apps/frontend/src/app/features/inventario/inventario.routes.ts
DEBUG nx::native::watch::watcher:   [create] apps/frontend/src/app/features/inventario/services/inventario.service.ts
DEBUG nx::native::watch::watcher:   [create] apps/backend/src/modules/configuracion/services/configuracion.service.ts
DEBUG nx::native::watch::watcher:   [create] apps/frontend/src/app/features/cuenta/cuenta.routes.ts
DEBUG nx::native::watch::watcher:   [create] apps/frontend/src/app/features/inventario/pages/catalogo-admin/catalogo-admin.page.ts
DEBUG nx::native::watch::watcher:   [create] apps/backend/src/modules/auth/entities/log-acceso.entity.ts
DEBUG nx::native::watch::watcher:   [create] apps/frontend/src/app/features/configuracion/pages/configuracion/configuracion.page.html
DEBUG nx::native::watch::watcher:   [create] apps/backend/src/modules/reportes/services/reportes.service.ts
DEBUG nx::native::watch::watcher:   [create] apps/frontend/src/app/features/proveedores/pages/proveedores-listado/proveedores-listado.page.ts
DEBUG nx::native::watch::watcher:   [create] apps/backend/src/modules/proveedores/entities/detalle-pedido-compra.entity.ts
DEBUG nx::native::watch::watcher:   [create] apps/frontend/src/app/layouts/main-layout/sidebar/sidebar.component.ts
DEBUG nx::native::watch::watcher:   [create] apps/frontend/src/app/features/reportes/components/reportes-tabs/reportes-tabs.component.ts
DEBUG nx::native::watch::watcher:   [create] apps/frontend/src/app/domain/lista-deseos/lista-deseos.service.ts
DEBUG nx::native::watch::watcher:   [create] apps/backend/src/modules/carrito/entities/carrito.entity.ts
DEBUG nx::native::watch::watcher:   [create] apps/frontend/src/app/layouts/auth-layout/auth-slideshow/auth-slideshow.component.ts
DEBUG nx::native::watch::watcher:   [create] apps/backend/src/modules/ventas/entities/detalle-venta.entity.ts
DEBUG nx::native::watch::watcher:   [create] apps/frontend/src/app/features/empleados/pages/empleados/empleados.page.html
DEBUG nx::native::watch::watcher:   [create] apps/frontend/src/app/domain/pedidos/pedidos.service.ts
DEBUG nx::native::watch::watcher:   [create] apps/frontend/src/app/features/inventario/pages/movimiento-form/movimiento-form.page.html
DEBUG nx::native::watch::watcher:   [create] apps/frontend/src/app/domain/catalogo/catalogo.service.ts
DEBUG nx::native::watch::watcher:   [create] apps/frontend/src/app/app.ts
DEBUG nx::native::watch::watcher:   [create] apps/frontend/src/app/features/tienda/components/filtros-catalogo/filtros-catalogo.component.ts
DEBUG nx::native::watch::watcher:   [create] apps/frontend/src/app/features/tienda/pages/carrito-checkout/carrito-checkout.page.html
DEBUG nx::native::watch::watcher:   [create] apps/frontend/src/app/features/inventario/pages/movimiento-form/movimiento-form.page.ts
DEBUG nx::native::watch::watcher:   [create] apps/frontend/src/app/features/inventario/pages/movimiento-form/movimiento-form.page.css
DEBUG nx::native::watch::watcher:   [create] apps/frontend/src/app/core/auth/auth.service.ts
DEBUG nx::native::watch::watcher:   [create] apps/backend/src/modules/proveedores/dto/recibir-pedido-compra.dto.ts
DEBUG nx::native::watch::watcher:   [create] apps/backend/src/modules/carrito/dto/agregar-item-carrito.dto.ts
DEBUG nx::native::watch::watcher:   [create] apps/frontend/src/app/features/dashboard/dashboard.routes.ts
DEBUG nx::native::watch::watcher:   [create] apps/backend/src/modules/proveedores/entities/detalle-pedido-compra.entity.ts
DEBUG nx::native::watch::watcher:   [create] apps/frontend/src/app/app.html
DEBUG nx::native::watch::watcher:   [create] apps/frontend/src/app/features/auth/pages/registro/registro.page.ts
DEBUG nx::native::watch::watcher:   [create] apps/frontend/src/app/features/inventario/pages/catalogo-admin/catalogo-admin.page.html
DEBUG nx::native::watch::watcher:   [create] apps/frontend/src/app/features/clientes/pages/clientes-listado/clientes-listado.page.ts
DEBUG nx::native::watch::watcher:   [create] apps/frontend/src/app/features/inventario/pages/catalogo-admin/catalogo-admin.page.ts
DEBUG nx::native::watch::watcher:   [create] apps/backend/src/modules/pedidos/services/checkout.service.spec.ts
DEBUG nx::native::watch::watcher:   [create] apps/frontend/src/app/features/reportes/pages/reportes/reportes.page.html
DEBUG nx::native::watch::watcher:   [create] apps/frontend/src/app/features/configuracion/pages/configuracion/configuracion.page.ts
DEBUG nx::native::watch::watcher:   [create] apps/frontend/src/app/features/landing/components/crowd-canvas/crowd-canvas.component.ts
DEBUG nx::native::watch::watcher:   [create] apps/backend/src/modules/inventario/services/inventario.service.ts
DEBUG nx::native::watch::watcher:   [create] apps/backend/src/modules/inventario/dto/create-movimiento-inventario.dto.ts
DEBUG nx::native::watch::watcher:   [create] apps/frontend/src/app/features/empleados/empleados.routes.ts
DEBUG nx::native::watch::watcher:   [create] apps/frontend/src/app/features/inventario/pages/movimiento-form/movimiento-form.page.ts
DEBUG nx::native::watch::watcher:   [create] apps/frontend/src/app/layouts/main-layout/topbar/topbar.component.css
DEBUG nx::native::watch::watcher:   [create] apps/frontend/src/app/features/auth/auth.routes.ts
DEBUG nx::native::watch::watcher:   [create] apps/backend/src/modules/pedidos/services/checkout.service.spec.ts
DEBUG nx::native::watch::watcher:   [create] apps/frontend/src/app/features/tienda/pages/lista-deseos/lista-deseos.page.ts
DEBUG nx::native::watch::watcher:   [create] apps/backend/src/modules/reportes/dto/query-historial-ventas.dto.ts
DEBUG nx::native::watch::watcher:   [create] apps/frontend/src/app/features/reportes/pages/reportes/reportes.page.html
DEBUG nx::native::watch::watcher:   [create] apps/frontend/src/app/domain/catalogo/catalogo.service.ts
DEBUG nx::native::watch::watcher:   [create] apps/frontend/src/app/features/empleados/pages/empleados/empleados.page.ts
DEBUG nx::native::watch::watcher:   [create] apps/backend/src/modules/carrito/services/carrito.service.ts
DEBUG nx::native::watch::watcher:   [create] apps/backend/src/modules/carrito/entities/item-carrito.entity.ts
DEBUG nx::native::watch::watcher:   [create] apps/frontend/src/app/domain/reportes/reportes.service.ts
DEBUG nx::native::watch::watcher:   [create] apps/frontend/src/app/features/auth/pages/login/login.page.html
DEBUG nx::native::watch::watcher:   [create] apps/frontend/src/app/features/tienda/components/book-card/book-card.component.html
DEBUG nx::native::watch::watcher:   [create] apps/frontend/src/app/features/proveedores/pages/proveedores-listado/proveedores-listado.page.html
DEBUG nx::native::watch::watcher:   [create] apps/frontend/src/app/features/proveedores/pages/pedido-compra-detalle/pedido-compra-detalle.page.html
DEBUG nx::native::watch::watcher:   [create] apps/frontend/src/app/domain/cuenta/cuenta.service.ts
DEBUG nx::native::watch::watcher:   [create] apps/frontend/package.json
DEBUG nx::native::watch::watcher:   [create] apps/frontend/src/app/features/landing/components/crowd-canvas/crowd-canvas.component.ts
DEBUG nx::native::watch::watcher:   [create] apps/frontend/src/app/core/auth/role.guard.ts
DEBUG nx::native::watch::watcher:   [create] apps/frontend/src/app/domain/clientes/clientes.service.ts
DEBUG nx::native::watch::watcher:   [create] apps/frontend/src/app/layouts/main-layout/main-layout.component.ts
DEBUG nx::native::watch::watcher:   [create] apps/frontend/src/app/features/inventario/pages/libros-listado/libros-listado.page.html
DEBUG nx::native::watch::watcher:   [create] .gitignore
DEBUG nx::native::watch::watcher:   [create] apps/frontend/src/app/features/reportes/pages/historial/historial.page.css
DEBUG nx::native::watch::watcher:   [create] apps/frontend/src/app/features/tienda/pages/libros/libros.page.ts
DEBUG nx::native::watch::watcher:   [create] apps/frontend/src/app/features/inventario/pages/movimiento-form/movimiento-form.page.css
DEBUG nx::native::watch::watcher:   [create] apps/frontend/src/app/features/inventario/services/inventario.service.ts
DEBUG nx::native::watch::watcher:   [create] apps/frontend/src/app/features/auth/pages/reset-password/reset-password.page.ts
DEBUG nx::native::watch::watcher:   [create] apps/frontend/src/app/features/inventario/pages/catalogo-admin/catalogo-admin.page.html
DEBUG nx::native::watch::watcher:   [create] apps/frontend/src/app/features/proveedores/pages/pedido-compra-detalle/pedido-compra-detalle.page.html
DEBUG nx::native::watch::watcher:   [create] apps/frontend/src/app/app.routes.ts
DEBUG nx::native::watch::watcher:   [create] apps/frontend/src/app/features/configuracion/configuracion.routes.ts
DEBUG nx::native::watch::watcher:   [create] apps/frontend/src/app/features/proveedores/pages/pedido-compra-detalle/pedido-compra-detalle.page.ts
DEBUG nx::native::watch::watcher:   [create] apps/frontend/src/app/features/cuenta/cuenta.routes.ts
DEBUG nx::native::watch::watcher:   [create] apps/frontend/src/app/features/cuenta/pages/puntos.page.ts
DEBUG nx::native::watch::watcher:   [create] apps/frontend/src/app/features/reportes/pages/reportes/reportes.page.ts
DEBUG nx::native::watch::watcher:   [create] apps/frontend/src/app/features/proveedores/proveedores.routes.ts
DEBUG nx::native::watch::watcher:   [create] apps/frontend/src/app/features/tienda/pages/libros/libros.page.html
DEBUG nx::native::watch::watcher:   [create] apps/frontend/src/app/domain/carrito/carrito.service.spec.ts
DEBUG nx::native::watch::watcher:   [create] apps/backend/src/modules/reportes/services/reportes.service.ts
DEBUG nx::native::watch::watcher:   [create] apps/backend/test/paridad-sql.e2e-spec.ts
DEBUG nx::native::watch::watcher:   [create] apps/backend/src/modules/lista-deseos/entities/lista-deseos.entity.ts
DEBUG nx::native::watch::watcher:   [create] apps/backend/src/modules/carrito/services/carrito.service.ts
DEBUG nx::native::watch::watcher:   [create] apps/frontend/src/app/features/tienda/pages/libros/libros.page.ts
DEBUG nx::native::watch::watcher:   [create] apps/frontend/src/app/features/proveedores/pages/pedido-compra-form/pedido-compra-form.page.html
DEBUG nx::native::watch::watcher:   [create] apps/frontend/src/app/app.ts
DEBUG nx::native::watch::watcher:   [create] apps/frontend/src/app/features/reportes/pages/historial/historial.page.css
DEBUG nx::native::watch::watcher:   [create] apps/frontend/src/app/features/auth/pages/reset-password/reset-password.page.html
DEBUG nx::native::watch::watcher:   [create] apps/backend/src/modules/auth/services/auth.service.ts
DEBUG nx::native::watch::watcher:   [create] apps/frontend/src/app/features/ventas/pages/pos/pos.page.css
DEBUG nx::native::watch::watcher:   [create] apps/frontend/src/app/core/auth/auth.interceptor.ts
DEBUG nx::native::watch::watcher:   [create] apps/frontend/src/app/features/cuenta/pages/tarjetas.page.ts
DEBUG nx::native::watch::watcher:   [create] apps/backend/src/modules/proveedores/services/proveedores.service.ts
DEBUG nx::native::watch::watcher:   [create] apps/backend/src/modules/proveedores/proveedores.module.ts
DEBUG nx::native::watch::watcher:   [create] apps/frontend/src/app/domain/pedidos/pedido-estado.ts
DEBUG nx::native::watch::watcher:   [create] apps/frontend/src/app/features/clientes/pages/clientes-listado/clientes-listado.page.ts
DEBUG nx::native::watch::watcher:   [create] apps/frontend/src/app/app.config.ts
DEBUG nx::native::watch::watcher:   [create] apps/frontend/src/app/features/proveedores/pages/pedido-compra-form/pedido-compra-form.page.ts
DEBUG nx::native::watch::watcher:   [create] apps/frontend/src/app/features/tienda/pages/libro-detalle/libro-detalle.page.ts
DEBUG nx::native::watch::watcher:   [create] apps/backend/src/modules/configuracion/dto/update-configuracion.dto.ts
DEBUG nx::native::watch::watcher:   [create] apps/frontend/src/app/features/reportes/pages/historial/historial.page.ts
DEBUG nx::native::watch::watcher:   [create] apps/frontend/src/app/features/dashboard/pages/dashboard/dashboard.page.ts
DEBUG nx::native::watch::watcher:   [create] apps/frontend/src/app/features/tienda/pages/carrito-checkout/carrito-checkout.page.css
DEBUG nx::native::watch::watcher:   [create] apps/backend/src/modules/carrito/entities/item-carrito.entity.ts
DEBUG nx::native::watch::watcher:   [create] apps/backend/src/modules/inventario/dto/query-movimiento.dto.ts
DEBUG nx::native::watch::watcher:   [create] apps/frontend/src/app/layouts/main-layout/sidebar/sidebar.component.ts
DEBUG nx::native::watch::watcher:   [create] apps/frontend/src/app/features/tienda/pages/pedido-confirmado/pedido-confirmado.page.ts
DEBUG nx::native::watch::watcher:   [create] apps/frontend/src/app/features/reportes/pages/reportes/reportes.page.ts
DEBUG nx::native::watch::watcher:   [create] apps/backend/src/modules/proveedores/dto/query-pedido-compra.dto.ts
DEBUG nx::native::watch::watcher:   [create] apps/backend/src/modules/auth/controllers/auth.controller.ts
DEBUG nx::native::watch::watcher:   [create] apps/frontend/src/app/features/clientes/pages/clientes-listado/clientes-listado.page.html
DEBUG nx::native::watch::watcher:   [create] apps/backend/src/modules/clientes/services/clientes.service.ts
DEBUG nx::native::watch::watcher:   [create] apps/backend/src/modules/auth/dto/registro-cliente.dto.ts
DEBUG nx::native::watch::watcher:   [create] apps/backend/src/modules/lista-deseos/services/lista-deseos.service.ts
DEBUG nx::native::watch::watcher:   [create] apps/frontend/src/app/domain/cuenta/cuenta.service.ts
DEBUG nx::native::watch::watcher:   [create] apps/frontend/src/app/layouts/auth-layout/auth-slideshow/auth-slideshow.component.css
DEBUG nx::native::watch::watcher:   [create] apps/frontend/src/app/domain/pedidos/pedido-estado.ts
DEBUG nx::native::watch::watcher:   [create] apps/frontend/src/app/features/auth/pages/reset-password/reset-password.page.ts
DEBUG nx::native::watch::watcher:   [create] apps/frontend/src/app/domain/carrito/carrito.service.ts
DEBUG nx::native::watch::watcher:   [create] apps/frontend/src/app/features/clientes/pages/cliente-detalle/cliente-detalle.page.ts
DEBUG nx::native::watch::watcher:   [create] apps/backend/test/paridad-sql.e2e-spec.ts
DEBUG nx::native::watch::watcher:   [create] apps/frontend/src/app/features/proveedores/pages/proveedores-listado/proveedores-listado.page.ts
DEBUG nx::native::watch::watcher:   [create] apps/frontend/src/app/features/auth/auth.routes.ts
DEBUG nx::native::watch::watcher:   [create] apps/frontend/src/app/features/proveedores/services/proveedores.service.ts
DEBUG nx::native::watch::watcher:   [create] apps/frontend/src/app/domain/carrito/carrito.service.ts
DEBUG nx::native::watch::watcher:   [create] apps/frontend/src/app/features/reportes/pages/historial/historial.page.html
DEBUG nx::native::watch::watcher:   [create] apps/backend/src/main.ts
DEBUG nx::native::watch::watcher:   [create] apps/frontend/src/app/layouts/auth-layout/auth-slideshow/auth-slideshow.component.html
DEBUG nx::native::watch::watcher:   [create] apps/frontend/src/app/features/empleados/pages/empleados/empleados.page.html
DEBUG nx::native::watch::watcher:   [create] apps/frontend/src/app/features/tienda/pages/libro-detalle/libro-detalle.page.html
DEBUG nx::native::watch::watcher:   [create] apps/frontend/src/app/features/inventario/pages/libros-listado/libros-listado.page.ts
DEBUG nx::native::watch::watcher:   [create] apps/backend/src/modules/lista-deseos/controllers/lista-deseos.controller.ts
DEBUG nx::native::watch::watcher:   [create] apps/frontend/src/app/features/auth/pages/registro/registro.page.html
DEBUG nx::native::watch::watcher:   [create] apps/backend/src/modules/proveedores/dto/recibir-pedido-compra.dto.ts
DEBUG nx::native::watch::watcher:   [create] apps/backend/src/infra/stripe/stripe.service.ts
DEBUG nx::native::watch::watcher:   [create] apps/backend/src/modules/clientes/entities/cliente.entity.ts
DEBUG nx::native::watch::watcher:   [create] apps/frontend/src/app/features/tienda/pages/carrito-checkout/carrito-checkout.page.css
DEBUG nx::native::watch::watcher:   [create] apps/frontend/src/app/core/auth/auth.model.ts
DEBUG nx::native::watch::watcher:   [create] apps/frontend/src/app/features/tienda/pages/libros/libros.page.html
DEBUG nx::native::watch::watcher:   [create] apps/frontend/src/app/features/auth/pages/reset-password/reset-password.page.html
DEBUG nx::native::watch::watcher:   [create] apps/frontend/src/app/features/inventario/pages/libro-form/libro-form.page.ts
[NX v23.2.1 Daemon Server] - 2026-09-26T05:39:25.998Z - [WATCHER]: Processing file changes in outputs
[NX v23.2.1 Daemon Server] - 2026-09-26T05:39:26.007Z - [WATCHER]: 150 file(s) created or restored, 0 file(s) modified, 0 file(s) deleted
[NX v23.2.1 Daemon Server] - 2026-09-26T05:39:26.007Z - [WATCHER]: [watcher] routeWorkspaceChanges batch: 150 events: create:apps/frontend/src/app/layouts/main-layout/sidebar/sidebar.component.html, create:apps/frontend/src/app/features/pedidos-linea/pedidos-linea.routes.ts, create:apps/frontend/src/app/features/proveedores/pages/proveedores-listado/proveedores-listado.page.html, create:apps/backend/src/modules/cuenta/controllers/cuenta.controller.ts, create:apps/frontend/src/app/features/tienda/pages/home/home.page.ts, create:apps/backend/src/modules/empleados/controllers/empleados.controller.ts, create:apps/backend/src/modules/cuenta/services/cuenta.service.ts, create:apps/frontend/src/app/features/proveedores/pages/pedidos-compra-listado/pedidos-compra-listado.page.ts, create:apps/frontend/src/app/layouts/main-layout/sidebar/sidebar.component.css, create:apps/frontend/src/app/features/tienda/pages/carrito-checkout/carrito-checkout.page.ts, create:apps/backend/src/modules/clientes/services/clientes.service.ts, create:apps/frontend/src/app/features/landing/pages/landing/landing.page.ts, create:apps/frontend/src/app/features/cuenta/pages/direcciones.page.ts, create:apps/frontend/src/app/features/reportes/components/reportes-tabs/reportes-tabs.component.ts, create:apps/frontend/src/app/features/pedidos-linea/pages/pedidos-linea/pedidos-linea.page.ts, create:apps/frontend/src/app/features/proveedores/pages/pedido-compra-form/pedido-compra-form.page.ts, create:apps/frontend/src/app/features/tienda/components/book-card/book-card.component.ts, create:apps/frontend/src/app/features/auth/pages/registro/registro.page.ts, create:apps/backend/src/modules/lista-deseos/services/lista-deseos.service.ts, create:apps/frontend/src/app/features/reportes/pages/historial/historial.page.html, create:apps/frontend/src/app/features/auth/pages/login/login.page.ts, create:apps/frontend/src/app/features/clientes/pages/clientes-listado/clientes-listado.page.html, create:apps/backend/src/modules/configuracion/services/configuracion.service.spec.ts, create:apps/frontend/src/app/shared/icons/carrito-icon.component.ts, create:apps/frontend/src/app/features/clientes/pages/cliente-detalle/cliente-detalle.page.ts, create:apps/frontend/src/app/layouts/main-layout/topbar/topbar.component.ts, create:apps/frontend/src/app/features/tienda/pages/home/home.page.html, create:apps/frontend/src/app/features/inventario/pages/libros-listado/libros-listado.page.html, create:apps/frontend/src/app/features/auth/pages/login/login.page.html, create:apps/backend/src/modules/ventas/services/ventas.service.ts, create:apps/frontend/src/app/domain/clientes/clientes.service.ts, create:apps/frontend/src/app/features/tienda/pages/lista-deseos/lista-deseos.page.ts, create:apps/frontend/src/app/domain/empleados/empleados.service.ts, create:apps/backend/src/infra/stripe/stripe.service.spec.ts, create:apps/frontend/src/app/features/configuracion/configuracion.routes.ts, create:apps/frontend/src/app/features/cuenta/pages/seguridad.page.ts, create:apps/frontend/src/app/features/reportes/pages/historial/historial.page.ts, create:apps/frontend/src/app/features/tienda/tienda.routes.ts, create:apps/frontend/src/app/features/ventas/ventas.routes.ts, create:apps/backend/src/common/auth/roles.guard.ts, create:apps/frontend/src/app/features/empleados/pages/empleados/empleados.page.ts, create:apps/frontend/src/app/layouts/auth-layout/auth-layout.component.ts, create:apps/frontend/src/app/features/cuenta/pages/compra-detalle.page.ts, create:apps/frontend/src/app/features/ventas/pages/pos/pos.page.html, create:apps/frontend/src/app/layouts/auth-layout/auth-slideshow/auth-slideshow.component.ts, create:apps/frontend/src/app/features/cuenta/components/pedido-tracker/pedido-tracker.component.ts, create:apps/frontend/src/app/features/ventas/pages/pos/pos.page.css, create:apps/frontend/src/app/domain/pedidos/pedido-estado.spec.ts, create:apps/backend/src/modules/proveedores/dto/query-pedido-compra.dto.ts, create:apps/frontend/src/app/features/configuracion/pages/configuracion/configuracion.page.ts, create:apps/frontend/src/app/features/ventas/pages/pos/pos.page.ts, create:apps/backend/src/modules/auth/strategies/jwt.strategy.ts, create:apps/frontend/src/app/layouts/auth-layout/auth-slideshow/auth-slideshow.component.css, create:apps/frontend/src/app/features/cuenta/pages/perfil.page.ts, create:apps/frontend/src/app/features/cuenta/pages/tarjetas.page.ts, create:apps/frontend/src/app/features/tienda/components/filtros-catalogo/filtros-catalogo.component.ts, create:apps/backend/package.json, create:apps/frontend/src/app/features/clientes/clientes.routes.ts, create:apps/frontend/src/app/layouts/auth-layout/auth-slideshow/auth-slideshow.component.html, create:apps/frontend/src/app/features/auth/pages/recuperar-password/recuperar-password.page.ts, create:apps/frontend/src/app/features/cuenta/pages/compras.page.ts, create:apps/backend/src/modules/proveedores/services/proveedores.service.ts, create:apps/frontend/src/app/features/auth/pages/recuperar-password/recuperar-password.page.html, create:apps/backend/src/modules/auth/entities/log-acceso.entity.ts, create:apps/frontend/src/app/features/reportes/reportes.routes.ts, create:apps/frontend/src/app/layouts/main-layout/topbar/topbar.component.css, create:apps/frontend/src/app/features/inventario/inventario.routes.ts, create:apps/backend/src/modules/configuracion/services/configuracion.service.ts, create:apps/frontend/src/app/features/cuenta/cuenta.routes.ts, create:apps/frontend/src/app/features/inventario/pages/catalogo-admin/catalogo-admin.page.ts, create:apps/frontend/src/app/features/configuracion/pages/configuracion/configuracion.page.html, create:apps/frontend/src/app/features/proveedores/pages/proveedores-listado/proveedores-listado.page.ts, create:apps/backend/src/modules/proveedores/entities/detalle-pedido-compra.entity.ts, create:apps/frontend/src/app/layouts/main-layout/sidebar/sidebar.component.ts, create:apps/frontend/src/app/domain/lista-deseos/lista-deseos.service.ts, create:apps/backend/src/modules/carrito/entities/carrito.entity.ts, create:apps/backend/src/modules/ventas/entities/detalle-venta.entity.ts, create:apps/frontend/src/app/domain/pedidos/pedidos.service.ts, create:apps/frontend/src/app/features/inventario/pages/movimiento-form/movimiento-form.page.html, create:apps/frontend/src/app/app.ts, create:apps/frontend/src/app/features/tienda/pages/carrito-checkout/carrito-checkout.page.html, create:apps/frontend/src/app/features/inventario/pages/movimiento-form/movimiento-form.page.css, create:apps/frontend/src/app/core/auth/auth.service.ts, create:apps/backend/src/modules/carrito/dto/agregar-item-carrito.dto.ts, create:apps/frontend/src/app/features/dashboard/dashboard.routes.ts, create:apps/frontend/src/app/app.html, create:apps/frontend/src/app/features/clientes/pages/clientes-listado/clientes-listado.page.ts, create:apps/frontend/src/app/features/reportes/pages/reportes/reportes.page.html, create:apps/frontend/src/app/features/landing/components/crowd-canvas/crowd-canvas.component.ts, create:apps/backend/src/modules/inventario/services/inventario.service.ts, create:apps/backend/src/modules/inventario/dto/create-movimiento-inventario.dto.ts, create:apps/frontend/src/app/features/empleados/empleados.routes.ts, create:apps/frontend/src/app/features/inventario/pages/movimiento-form/movimiento-form.page.ts, create:apps/backend/src/modules/pedidos/services/checkout.service.spec.ts, create:apps/backend/src/modules/reportes/dto/query-historial-ventas.dto.ts, create:apps/frontend/src/app/domain/catalogo/catalogo.service.ts, create:apps/backend/src/modules/carrito/services/carrito.service.ts, create:apps/frontend/src/app/domain/reportes/reportes.service.ts, create:apps/frontend/src/app/features/tienda/components/book-card/book-card.component.html, create:apps/frontend/src/app/features/proveedores/pages/pedido-compra-detalle/pedido-compra-detalle.page.html, create:apps/frontend/package.json, create:apps/frontend/src/app/core/auth/role.guard.ts, create:apps/frontend/src/app/layouts/main-layout/main-layout.component.ts, create:.gitignore, create:apps/frontend/src/app/features/inventario/services/inventario.service.ts, create:apps/frontend/src/app/features/inventario/pages/catalogo-admin/catalogo-admin.page.html, create:apps/frontend/src/app/app.routes.ts, create:apps/frontend/src/app/features/proveedores/pages/pedido-compra-detalle/pedido-compra-detalle.page.ts, create:apps/frontend/src/app/features/cuenta/pages/puntos.page.ts, create:apps/frontend/src/app/features/proveedores/proveedores.routes.ts, create:apps/frontend/src/app/domain/carrito/carrito.service.spec.ts, create:apps/backend/src/modules/reportes/services/reportes.service.ts, create:apps/backend/src/modules/lista-deseos/entities/lista-deseos.entity.ts, create:apps/frontend/src/app/features/tienda/pages/libros/libros.page.ts, create:apps/frontend/src/app/features/proveedores/pages/pedido-compra-form/pedido-compra-form.page.html, create:apps/frontend/src/app/features/reportes/pages/historial/historial.page.css, create:apps/backend/src/modules/auth/services/auth.service.ts, create:apps/frontend/src/app/core/auth/auth.interceptor.ts, create:apps/backend/src/modules/proveedores/proveedores.module.ts, create:apps/frontend/src/app/app.config.ts, create:apps/frontend/src/app/features/tienda/pages/libro-detalle/libro-detalle.page.ts, create:apps/backend/src/modules/configuracion/dto/update-configuracion.dto.ts, create:apps/frontend/src/app/features/dashboard/pages/dashboard/dashboard.page.ts, create:apps/backend/src/modules/carrito/entities/item-carrito.entity.ts, create:apps/backend/src/modules/inventario/dto/query-movimiento.dto.ts, create:apps/frontend/src/app/features/tienda/pages/pedido-confirmado/pedido-confirmado.page.ts, create:apps/frontend/src/app/features/reportes/pages/reportes/reportes.page.ts, create:apps/backend/src/modules/auth/controllers/auth.controller.ts, create:apps/backend/src/modules/auth/dto/registro-cliente.dto.ts, create:apps/frontend/src/app/domain/cuenta/cuenta.service.ts, create:apps/frontend/src/app/domain/pedidos/pedido-estado.ts, create:apps/frontend/src/app/features/auth/pages/reset-password/reset-password.page.ts, create:apps/backend/test/paridad-sql.e2e-spec.ts, create:apps/frontend/src/app/features/auth/auth.routes.ts, create:apps/frontend/src/app/features/proveedores/services/proveedores.service.ts, create:apps/frontend/src/app/domain/carrito/carrito.service.ts, create:apps/backend/src/main.ts, create:apps/frontend/src/app/features/empleados/pages/empleados/empleados.page.html, create:apps/frontend/src/app/features/tienda/pages/libro-detalle/libro-detalle.page.html, create:apps/frontend/src/app/features/inventario/pages/libros-listado/libros-listado.page.ts, create:apps/backend/src/modules/lista-deseos/controllers/lista-deseos.controller.ts, create:apps/frontend/src/app/features/auth/pages/registro/registro.page.html, create:apps/backend/src/modules/proveedores/dto/recibir-pedido-compra.dto.ts, create:apps/backend/src/infra/stripe/stripe.service.ts, create:apps/backend/src/modules/clientes/entities/cliente.entity.ts, create:apps/frontend/src/app/features/tienda/pages/carrito-checkout/carrito-checkout.page.css, create:apps/frontend/src/app/core/auth/auth.model.ts, create:apps/frontend/src/app/features/tienda/pages/libros/libros.page.html, create:apps/frontend/src/app/features/auth/pages/reset-password/reset-password.page.html, create:apps/frontend/src/app/features/inventario/pages/libro-form/libro-form.page.ts
[NX v23.2.1 Daemon Server] - 2026-09-26T05:39:26.039Z - [WATCHER]: File changes detected:
Created:
  - apps/frontend/src/app/layouts/main-layout/sidebar/sidebar.component.html
  - apps/frontend/src/app/features/pedidos-linea/pedidos-linea.routes.ts
  - apps/frontend/src/app/features/proveedores/pages/proveedores-listado/proveedores-listado.page.html
  - apps/backend/src/modules/cuenta/controllers/cuenta.controller.ts
  - apps/frontend/src/app/features/tienda/pages/home/home.page.ts
  - apps/backend/src/modules/empleados/controllers/empleados.controller.ts
  - apps/backend/src/modules/cuenta/services/cuenta.service.ts
  - apps/frontend/src/app/features/proveedores/pages/pedidos-compra-listado/pedidos-compra-listado.page.ts
  - apps/frontend/src/app/layouts/main-layout/sidebar/sidebar.component.css
  - apps/frontend/src/app/features/tienda/pages/carrito-checkout/carrito-checkout.page.ts
  ... and 140 more
Updated:
(none)
Deleted:
(none)
[NX v23.2.1 Daemon Server] - 2026-09-26T05:39:26.057Z - [SYNC]: clearing sync generators cache due to file changes
[NX v23.2.1 Daemon Server] - 2026-09-26T05:39:26.061Z - [REQUEST]: Updated workspace context based on watched changes, recomputing project graph...
[NX v23.2.1 Daemon Server] - 2026-09-26T05:39:26.061Z - [REQUEST]: apps/frontend/src/app/features/tienda/pages/home/home.page.ts,apps/frontend/src/app/features/configuracion/configuracion.routes.ts,apps/frontend/src/app/features/tienda/pages/libros/libros.page.html,apps/frontend/src/app/domain/clientes/clientes.service.ts,apps/frontend/src/app/features/reportes/pages/historial/historial.page.ts,apps/backend/src/modules/carrito/entities/item-carrito.entity.ts,apps/frontend/src/app/features/ventas/pages/pos/pos.page.html,apps/frontend/src/app/core/auth/auth.service.ts,apps/frontend/src/app/features/cuenta/components/pedido-tracker/pedido-tracker.component.ts,apps/backend/src/modules/proveedores/entities/detalle-pedido-compra.entity.ts,apps/backend/src/modules/proveedores/dto/recibir-pedido-compra.dto.ts,apps/backend/src/modules/reportes/services/reportes.service.ts,apps/backend/src/modules/auth/controllers/auth.controller.ts,apps/backend/src/modules/clientes/services/clientes.service.ts,apps/frontend/src/app/features/inventario/pages/catalogo-admin/catalogo-admin.page.html,apps/frontend/src/app/features/tienda/pages/libros/libros.page.ts,apps/backend/src/modules/configuracion/dto/update-configuracion.dto.ts,apps/frontend/src/app/features/inventario/pages/libros-listado/libros-listado.page.html,apps/frontend/src/app/features/auth/pages/registro/registro.page.ts,apps/frontend/src/app/features/cuenta/pages/seguridad.page.ts,apps/backend/src/modules/carrito/services/carrito.service.ts,apps/backend/src/infra/stripe/stripe.service.spec.ts,apps/frontend/src/app/features/inventario/pages/movimiento-form/movimiento-form.page.ts,apps/backend/package.json,apps/backend/src/modules/cuenta/controllers/cuenta.controller.ts,apps/frontend/src/app/features/configuracion/pages/configuracion/configuracion.page.html,apps/frontend/src/app/features/proveedores/pages/proveedores-listado/proveedores-listado.page.ts,apps/frontend/src/app/app.html,apps/frontend/src/app/features/reportes/components/reportes-tabs/reportes-tabs.component.ts,apps/frontend/src/app/features/clientes/pages/cliente-detalle/cliente-detalle.page.ts,apps/backend/src/main.ts,apps/frontend/src/app/features/cuenta/pages/puntos.page.ts,apps/frontend/src/app/features/cuenta/pages/perfil.page.ts,apps/frontend/src/app/features/clientes/pages/clientes-listado/clientes-listado.page.html,apps/frontend/src/app/features/clientes/clientes.routes.ts,apps/frontend/src/app/features/tienda/pages/home/home.page.html,apps/frontend/src/app/features/pedidos-linea/pages/pedidos-linea/pedidos-linea.page.ts,apps/backend/src/modules/pedidos/services/checkout.service.spec.ts,apps/frontend/src/app/features/pedidos-linea/pedidos-linea.routes.ts,apps/frontend/src/app/features/tienda/tienda.routes.ts,.gitignore,apps/frontend/src/app/features/inventario/pages/movimiento-form/movimiento-form.page.html,apps/frontend/src/app/domain/pedidos/pedido-estado.ts,apps/frontend/src/app/layouts/auth-layout/auth-slideshow/auth-slideshow.component.css,apps/backend/src/modules/inventario/services/inventario.service.ts,apps/frontend/src/app/layouts/main-layout/topbar/topbar.component.css,apps/backend/src/modules/configuracion/services/configuracion.service.ts,apps/frontend/src/app/features/reportes/pages/historial/historial.page.html,apps/frontend/src/app/features/cuenta/pages/compras.page.ts,apps/backend/test/paridad-sql.e2e-spec.ts,apps/backend/src/modules/lista-deseos/services/lista-deseos.service.ts,apps/frontend/src/app/features/auth/pages/recuperar-password/recuperar-password.page.html,apps/frontend/src/app/features/dashboard/pages/dashboard/dashboard.page.ts,apps/frontend/src/app/features/dashboard/dashboard.routes.ts,apps/frontend/src/app/features/proveedores/services/proveedores.service.ts,apps/frontend/src/app/app.routes.ts,apps/frontend/src/app/features/tienda/components/book-card/book-card.component.ts,apps/frontend/src/app/features/landing/pages/landing/landing.page.ts,apps/frontend/src/app/features/auth/auth.routes.ts,apps/frontend/src/app/features/tienda/components/book-card/book-card.component.html,apps/frontend/src/app/features/landing/components/crowd-canvas/crowd-canvas.component.ts,apps/backend/src/modules/auth/entities/log-acceso.entity.ts,apps/frontend/src/app/domain/carrito/carrito.service.spec.ts,apps/frontend/src/app/features/auth/pages/reset-password/reset-password.page.html,apps/frontend/src/app/features/proveedores/pages/pedido-compra-form/pedido-compra-form.page.ts,apps/frontend/src/app/features/tienda/pages/pedido-confirmado/pedido-confirmado.page.ts,apps/backend/src/modules/lista-deseos/controllers/lista-deseos.controller.ts,apps/backend/src/modules/clientes/entities/cliente.entity.ts,apps/frontend/src/app/layouts/main-layout/main-layout.component.ts,apps/frontend/src/app/core/auth/role.guard.ts,apps/frontend/src/app/features/proveedores/pages/pedido-compra-form/pedido-compra-form.page.html,apps/frontend/src/app/features/reportes/reportes.routes.ts,apps/frontend/src/app/features/reportes/pages/historial/historial.page.css,apps/backend/src/infra/stripe/stripe.service.ts,apps/frontend/src/app/domain/cuenta/cuenta.service.ts,apps/frontend/src/app/domain/reportes/reportes.service.ts,apps/frontend/src/app/features/proveedores/proveedores.routes.ts,apps/backend/src/common/auth/roles.guard.ts,apps/frontend/src/app/app.config.ts,apps/frontend/src/app/features/reportes/pages/reportes/reportes.page.html,apps/frontend/src/app/features/tienda/components/filtros-catalogo/filtros-catalogo.component.ts,apps/frontend/src/app/features/inventario/pages/libro-form/libro-form.page.ts,apps/frontend/src/app/shared/icons/carrito-icon.component.ts,apps/frontend/src/app/features/auth/pages/recuperar-password/recuperar-password.page.ts,apps/frontend/src/app/features/cuenta/cuenta.routes.ts,apps/backend/src/modules/ventas/services/ventas.service.ts,apps/frontend/src/app/layouts/main-layout/topbar/topbar.component.ts,apps/frontend/src/app/features/auth/pages/login/login.page.ts,apps/backend/src/modules/configuracion/services/configuracion.service.spec.ts,apps/frontend/src/app/features/proveedores/pages/pedidos-compra-listado/pedidos-compra-listado.page.ts,apps/frontend/src/app/features/proveedores/pages/pedido-compra-detalle/pedido-compra-detalle.page.ts,apps/frontend/src/app/layouts/auth-layout/auth-slideshow/auth-slideshow.component.html,apps/frontend/src/app/features/auth/pages/reset-password/reset-password.page.ts,apps/backend/src/modules/inventario/dto/create-movimiento-inventario.dto.ts,apps/backend/src/modules/cuenta/services/cuenta.service.ts,apps/frontend/src/app/features/reportes/pages/reportes/reportes.page.ts,apps/backend/src/modules/carrito/dto/agregar-item-carrito.dto.ts,apps/frontend/src/app/features/ventas/ventas.routes.ts,apps/frontend/src/app/features/tienda/pages/lista-deseos/lista-deseos.page.ts,apps/frontend/src/app/domain/pedidos/pedido-estado.spec.ts,apps/backend/src/modules/proveedores/dto/query-pedido-compra.dto.ts,apps/backend/src/modules/inventario/dto/query-movimiento.dto.ts,apps/frontend/src/app/domain/empleados/empleados.service.ts,apps/backend/src/modules/auth/services/auth.service.ts,apps/backend/src/modules/lista-deseos/entities/lista-deseos.entity.ts,apps/frontend/src/app/features/empleados/pages/empleados/empleados.page.ts,apps/frontend/src/app/features/empleados/empleados.routes.ts,apps/frontend/src/app/core/auth/auth.model.ts,apps/frontend/src/app/features/inventario/services/inventario.service.ts,apps/frontend/src/app/features/cuenta/pages/compra-detalle.page.ts,apps/backend/src/modules/empleados/controllers/empleados.controller.ts,apps/frontend/src/app/features/clientes/pages/clientes-listado/clientes-listado.page.ts,apps/frontend/src/app/features/configuracion/pages/configuracion/configuracion.page.ts,apps/backend/src/modules/proveedores/proveedores.module.ts,apps/frontend/src/app/core/auth/auth.interceptor.ts,apps/frontend/src/app/layouts/main-layout/sidebar/sidebar.component.html,apps/frontend/src/app/domain/lista-deseos/lista-deseos.service.ts,apps/frontend/src/app/features/tienda/pages/libro-detalle/libro-detalle.page.ts,apps/backend/src/modules/ventas/entities/detalle-venta.entity.ts,apps/frontend/src/app/features/auth/pages/registro/registro.page.html,apps/frontend/src/app/layouts/auth-layout/auth-layout.component.ts,apps/frontend/src/app/features/empleados/pages/empleados/empleados.page.html,apps/frontend/src/app/features/cuenta/pages/tarjetas.page.ts,apps/frontend/src/app/domain/carrito/carrito.service.ts,apps/backend/src/modules/carrito/entities/carrito.entity.ts,apps/frontend/src/app/domain/catalogo/catalogo.service.ts,apps/frontend/src/app/features/auth/pages/login/login.page.html,apps/backend/src/modules/reportes/dto/query-historial-ventas.dto.ts,apps/frontend/src/app/features/tienda/pages/libro-detalle/libro-detalle.page.html,apps/frontend/src/app/app.ts,apps/frontend/src/app/features/tienda/pages/carrito-checkout/carrito-checkout.page.css,apps/frontend/src/app/layouts/auth-layout/auth-slideshow/auth-slideshow.component.ts,apps/frontend/src/app/features/inventario/pages/catalogo-admin/catalogo-admin.page.ts,apps/frontend/src/app/features/tienda/pages/carrito-checkout/carrito-checkout.page.ts,apps/backend/src/modules/auth/dto/registro-cliente.dto.ts,apps/frontend/src/app/features/proveedores/pages/proveedores-listado/proveedores-listado.page.html,apps/backend/src/modules/auth/strategies/jwt.strategy.ts,apps/frontend/src/app/domain/pedidos/pedidos.service.ts,apps/frontend/src/app/features/ventas/pages/pos/pos.page.css,apps/frontend/src/app/features/inventario/pages/movimiento-form/movimiento-form.page.css,apps/frontend/src/app/features/inventario/pages/libros-listado/libros-listado.page.ts,apps/frontend/src/app/features/cuenta/pages/direcciones.page.ts,apps/frontend/src/app/features/tienda/pages/carrito-checkout/carrito-checkout.page.html,apps/frontend/src/app/layouts/main-layout/sidebar/sidebar.component.ts,apps/backend/src/modules/proveedores/services/proveedores.service.ts,apps/frontend/package.json,apps/frontend/src/app/features/proveedores/pages/pedido-compra-detalle/pedido-compra-detalle.page.html,apps/frontend/src/app/layouts/main-layout/sidebar/sidebar.component.css,apps/frontend/src/app/features/ventas/pages/pos/pos.page.ts,apps/frontend/src/app/features/inventario/inventario.routes.ts
[NX v23.2.1 Daemon Server] - 2026-09-26T05:39:26.061Z - [REQUEST]: .github/workflows/ci.yml,apps/frontend/src/app/features/tienda/carrito,.github,nx.json,.github/workflows,apps/backend/src/modules/inventory,apps/backend/src/database
DEBUG nx::native::watch::watcher: watching stopped origin=C:\Users\Gerar\Downloads\Proyectos\bibliohub
[NX v23.2.1 Daemon Server] - 2026-09-26T05:39:26.067Z - Time taken for 'hash changed files from watcher' 17.599099999999453ms
[NX v23.2.1 Daemon Server] - 2026-09-26T05:39:26.072Z - [WATCHER]: Stopping the watcher for C:\Users\Gerar\Downloads\Proyectos\bibliohub (sources)
DEBUG nx::native::watch::watcher: watching stopped origin=C:\Users\Gerar\Downloads\Proyectos\bibliohub
[NX v23.2.1 Daemon Server] - 2026-09-26T05:39:26.082Z - [WATCHER]: Stopping the watcher for C:\Users\Gerar\Downloads\Proyectos\bibliohub (outputs)
[NX v23.2.1 Daemon Server] - 2026-09-26T05:39:26.085Z - [LATEST-NX]: Cleaning up latest Nx installation from C:\Users\Gerar\AppData\Local\Temp\tmp-33628-iBLBteSCmq4y
[NX v23.2.1 Daemon Server] - 2026-09-26T05:39:26.091Z - Server stopped because: "Stopping the daemon the set of ignored files changed (native)"
[NX v23.2.1 Daemon Client] - 2026-09-26T05:40:26.413Z - [Client] Starting new daemon server in background
[NX v23.2.1 Daemon Client] - 2026-09-26T05:40:26.439Z - [Client] Waiting for server (max: 6000 attempts, 10ms interval)
DEBUG nx::native::watch::watcher: watching started origin=C:\Users\Gerar\Downloads\Proyectos\bibliohub
[NX v23.2.1 Daemon Server] - 2026-09-26T05:40:27.854Z - [WATCHER]: Subscribed to changes within: C:\Users\Gerar\Downloads\Proyectos\bibliohub (native)
[NX v23.2.1 Daemon Server] - 2026-09-26T05:40:27.877Z - New daemon starting from: C:\Users\Gerar\Downloads\Proyectos\bibliohub\node_modules\.pnpm\nx@23.2.1\node_modules\nx\dist\src\daemon\server\server.js
[NX v23.2.1 Daemon Server] - 2026-09-26T05:40:27.878Z - New daemon __dirname: C:\Users\Gerar\Downloads\Proyectos\bibliohub\node_modules\.pnpm\nx@23.2.1\node_modules\nx\dist\src\daemon\server
[NX v23.2.1 Daemon Server] - 2026-09-26T05:40:27.878Z - New daemon nxVersion: 23.2.1
[NX v23.2.1 Daemon Server] - 2026-09-26T05:40:27.882Z - New daemon getInstalledNxVersion(): 23.2.1
[NX v23.2.1 Daemon Server] - 2026-09-26T05:40:27.889Z - Time taken for 'workspace context init' 0.776700000000119ms
[NX v23.2.1 Daemon Server] - 2026-09-26T05:40:27.899Z - [Server] Starting outdated check interval (20ms)
[NX v23.2.1 Daemon Server] - 2026-09-26T05:40:27.905Z - Started listening on: \\.\pipe\nx\C:\Users\Gerar\AppData\Local\Temp\5a60dbe3a9172be2578a\d.sock
[NX v23.2.1 Daemon Client] - 2026-09-26T05:40:27.929Z - [Client] Server available
[NX v23.2.1 Daemon Client] - 2026-09-26T05:40:27.930Z - [Client] Daemon server started, pid=15072
[NX v23.2.1 Daemon Client] - 2026-09-26T05:40:27.932Z - [Messenger] Setting up socket listeners
[NX v23.2.1 Daemon Client] - 2026-09-26T05:40:27.933Z - [Messenger] listen() complete
DEBUG nx::native::watch::watcher: watching started origin=C:\Users\Gerar\Downloads\Proyectos\bibliohub
[NX v23.2.1 Daemon Server] - 2026-09-26T05:40:28.192Z - [LATEST-NX]: Pulling latest Nx...
[NX v23.2.1 Daemon Server] - 2026-09-26T05:40:28.268Z - [AI-AGENTS]: Starting agent configuration status computation
[isolated-plugin] spawned worker for "C:\Users\Gerar\Downloads\Proyectos\bibliohub\node_modules\.pnpm\nx@23.2.1\node_modules\nx\dist\src\plugins\js" (pid: 18360, socket: \\.\pipe\nx\C:\Users\Gerar\AppData\Local\Temp\cc131f79\p15072-0-89fe0973.sock)
[isolated-plugin] spawned worker for "C:\Users\Gerar\Downloads\Proyectos\bibliohub\node_modules\.pnpm\nx@23.2.1\node_modules\nx\dist\src\plugins\package-json" (pid: 17716, socket: \\.\pipe\nx\C:\Users\Gerar\AppData\Local\Temp\cc131f79\p15072-1-edf8b34b.sock)
[isolated-plugin] spawned worker for "C:\Users\Gerar\Downloads\Proyectos\bibliohub\node_modules\.pnpm\nx@23.2.1\node_modules\nx\dist\src\plugins\project-json\build-nodes\project-json" (pid: 26140, socket: \\.\pipe\nx\C:\Users\Gerar\AppData\Local\Temp\cc131f79\p15072-2-75feb9f0.sock)
[NX v23.2.1 Daemon Server] - 2026-09-26T05:40:28.406Z - Time taken for 'hash changed files from watcher' 0.040899999999965075ms
[NX v23.2.1 Daemon Server] - 2026-09-26T05:40:28.407Z - Time taken for 'loadSpecifiedNxPlugins' 214.02210000000014ms
[NX v23.2.1 Daemon Server] - 2026-09-26T05:40:28.416Z - Established a connection. Number of open connections: 1
[NX v23.2.1 Daemon Server] - 2026-09-26T05:40:28.417Z - Established a connection. Number of open connections: 2
[NX v23.2.1 Daemon Server] - 2026-09-26T05:40:28.420Z - Closed a connection. Number of open connections: 1
[plugin-worker] "C:\Users\Gerar\Downloads\Proyectos\bibliohub\node_modules\.pnpm\nx@23.2.1\node_modules\nx\dist\src\plugins\js" (pid: 18360) listening on \\.\pipe\nx\C:\Users\Gerar\AppData\Local\Temp\cc131f79\p15072-0-89fe0973.sock
[isolated-plugin] connected to worker for "C:\Users\Gerar\Downloads\Proyectos\bibliohub\node_modules\.pnpm\nx@23.2.1\node_modules\nx\dist\src\plugins\js" (pid: 18360)
[1m[33mTime taken for 'plugin worker 18360 code loading' 815.71ms[39m[22m
[plugin-worker] "C:\Users\Gerar\Downloads\Proyectos\bibliohub\node_modules\.pnpm\nx@23.2.1\node_modules\nx\dist\src\plugins\js" (pid: 18360) connected
[NX v23.2.1 Daemon Server] - 2026-09-26T05:40:29.278Z - Time taken for 'start-plugin-worker:C:\Users\Gerar\Downloads\Proyectos\bibliohub\node_modules\.pnpm\nx@23.2.1\node_modules\nx\dist\src\plugins\js' 1004.6279999999997ms
[plugin-worker] "C:\Users\Gerar\Downloads\Proyectos\bibliohub\node_modules\.pnpm\nx@23.2.1\node_modules\nx\dist\src\plugins\package-json" (pid: 17716) listening on \\.\pipe\nx\C:\Users\Gerar\AppData\Local\Temp\cc131f79\p15072-1-edf8b34b.sock
[1m[33mTime taken for 'plugin worker 17716 code loading' 815.5646ms[39m[22m
[isolated-plugin] connected to worker for "C:\Users\Gerar\Downloads\Proyectos\bibliohub\node_modules\.pnpm\nx@23.2.1\node_modules\nx\dist\src\plugins\package-json" (pid: 17716)
[NX v23.2.1 Daemon Server] - 2026-09-26T05:40:29.317Z - Time taken for 'start-plugin-worker:C:\Users\Gerar\Downloads\Proyectos\bibliohub\node_modules\.pnpm\nx@23.2.1\node_modules\nx\dist\src\plugins\package-json' 997.2537999999997ms
[plugin-worker] "C:\Users\Gerar\Downloads\Proyectos\bibliohub\node_modules\.pnpm\nx@23.2.1\node_modules\nx\dist\src\plugins\package-json" (pid: 17716) connected
[plugin-worker] "C:\Users\Gerar\Downloads\Proyectos\bibliohub\node_modules\.pnpm\nx@23.2.1\node_modules\nx\dist\src\plugins\js" (pid: 18360) loaded successfully
[NX v23.2.1 Daemon Server] - 2026-09-26T05:40:29.350Z - Time taken for 'Load Nx Plugin: C:\Users\Gerar\Downloads\Proyectos\bibliohub\node_modules\.pnpm\nx@23.2.1\node_modules\nx\dist\src\plugins\js' 1163.1242999999997ms
[plugin-worker] "C:\Users\Gerar\Downloads\Proyectos\bibliohub\node_modules\.pnpm\nx@23.2.1\node_modules\nx\dist\src\plugins\package-json" (pid: 17716) loaded successfully
[NX v23.2.1 Daemon Server] - 2026-09-26T05:40:29.356Z - Time taken for 'Load Nx Plugin: C:\Users\Gerar\Downloads\Proyectos\bibliohub\node_modules\.pnpm\nx@23.2.1\node_modules\nx\dist\src\plugins\package-json' 1167.0946000000001ms
[plugin-worker] "C:\Users\Gerar\Downloads\Proyectos\bibliohub\node_modules\.pnpm\nx@23.2.1\node_modules\nx\dist\src\plugins\project-json\build-nodes\project-json" (pid: 26140) listening on \\.\pipe\nx\C:\Users\Gerar\AppData\Local\Temp\cc131f79\p15072-2-75feb9f0.sock
[isolated-plugin] connected to worker for "C:\Users\Gerar\Downloads\Proyectos\bibliohub\node_modules\.pnpm\nx@23.2.1\node_modules\nx\dist\src\plugins\project-json\build-nodes\project-json" (pid: 26140)
[NX v23.2.1 Daemon Server] - 2026-09-26T05:40:29.362Z - Time taken for 'start-plugin-worker:C:\Users\Gerar\Downloads\Proyectos\bibliohub\node_modules\.pnpm\nx@23.2.1\node_modules\nx\dist\src\plugins\project-json\build-nodes\project-json' 1000.9690999999998ms
[plugin-worker] "C:\Users\Gerar\Downloads\Proyectos\bibliohub\node_modules\.pnpm\nx@23.2.1\node_modules\nx\dist\src\plugins\project-json\build-nodes\project-json" (pid: 26140) connected
[1m[33mTime taken for 'plugin worker 26140 code loading' 825.4334ms[39m[22m
[plugin-worker] "C:\Users\Gerar\Downloads\Proyectos\bibliohub\node_modules\.pnpm\nx@23.2.1\node_modules\nx\dist\src\plugins\project-json\build-nodes\project-json" (pid: 26140) loaded successfully
[NX v23.2.1 Daemon Server] - 2026-09-26T05:40:29.384Z - [REQUEST]: Updated workspace context based on watched changes, recomputing project graph...
[NX v23.2.1 Daemon Server] - 2026-09-26T05:40:29.384Z - [REQUEST]: 
[NX v23.2.1 Daemon Server] - 2026-09-26T05:40:29.384Z - [REQUEST]: 
[NX v23.2.1 Daemon Server] - 2026-09-26T05:40:29.389Z - Time taken for 'loadDefaultNxPlugins' 1196.1544999999999ms
[NX v23.2.1 Daemon Server] - 2026-09-26T05:40:29.389Z - Time taken for 'Load Nx Plugin: C:\Users\Gerar\Downloads\Proyectos\bibliohub\node_modules\.pnpm\nx@23.2.1\node_modules\nx\dist\src\plugins\project-json\build-nodes\project-json' 1192.0690999999997ms
[1m[33mTime taken for 'nx/core/project-json:createNodes' 0.4995000000000118ms[39m[22m
[isolated-plugin] shutting down worker for "nx/core/project-json" after createNodes
[1m[33mTime taken for 'nx/js/dependencies-and-lockfile:createNodes' 14.995900000000006ms[39m[22m
[1m[33mTime taken for 'nx/core/package-json:createNodes' 36.563800000000015ms[39m[22m
[isolated-plugin] shutting down worker for "nx/core/package-json" after createNodes
[NX v23.2.1 Daemon Server] - 2026-09-26T05:40:29.503Z - Time taken for 'build-project-configs' 63.0005000000001ms
[NX v23.2.1 Daemon Server] - 2026-09-26T05:40:29.503Z - Time taken for 'createNodes:merge' 19.293399999999565ms
[NX v23.2.1 Daemon Server] - 2026-09-26T05:40:29.503Z - Time taken for 'native-file-deps' 0.024499999999989086ms
[NX v23.2.1 Daemon Server] - 2026-09-26T05:40:29.503Z - Time taken for 'get-workspace-files' 2.7856000000001586ms
[NX v23.2.1 Daemon Server] - 2026-09-26T05:40:29.503Z - Time taken for 'read cache' 1.5086999999998625ms
[1m[33mTime taken for 'build typescript dependencies' 0.24250000000006366ms[39m[22m
[isolated-plugin] shutting down worker for "nx/js/dependencies-and-lockfile" after createDependencies
[NX v23.2.1 Daemon Server] - 2026-09-26T05:40:29.546Z - [SYNC]: collect registered sync generators
[NX v23.2.1 Daemon Server] - 2026-09-26T05:40:29.564Z - Wrote project graph cache to C:\Users\Gerar\Downloads\Proyectos\bibliohub\.nx\workspace-data\project-graph.json
[NX v23.2.1 Daemon Server] - 2026-09-26T05:40:29.565Z - Time taken for 'total execution time for createProjectGraph()' 57.05590000000029ms
[NX v23.2.1 Daemon Server] - 2026-09-26T05:40:29.565Z - Time taken for 'createDependencies' 37.1244999999999ms
[NX v23.2.1 Daemon Server] - 2026-09-26T05:40:29.566Z - Time taken for 'nx/js/dependencies-and-lockfile:createDependencies' 36.31219999999985ms
[NX v23.2.1 Daemon Server] - 2026-09-26T05:40:29.566Z - Time taken for 'createMetadata' 0.1311000000000604ms
[NX v23.2.1 Daemon Server] - 2026-09-26T05:40:29.566Z - Time taken for 'serialize graph' 5.711999999999989ms
[NX v23.2.1 Daemon Server] - 2026-09-26T05:40:29.566Z - Time taken for 'write cache' 17.004300000000057ms
[NX v23.2.1 Daemon Client] - 2026-09-26T05:40:29.774Z - [Messenger] Sending message type: REQUEST_PROJECT_GRAPH
[NX v23.2.1 Daemon Client] - 2026-09-26T05:40:29.776Z - [Messenger] Message sent
[NX v23.2.1 Daemon Server] - 2026-09-26T05:40:29.782Z - Received raw message of length 6989
[NX v23.2.1 Daemon Server] - 2026-09-26T05:40:29.782Z - Received json message of type REQUEST_PROJECT_GRAPH
[NX v23.2.1 Daemon Server] - 2026-09-26T05:40:29.784Z - [REQUEST]: Client Request for Project Graph Received
DEBUG nx::native::watch::watcher: force-flush END count=0 replies=1 elapsed=17.1868ms
[NX v23.2.1 Daemon Server] - 2026-09-26T05:40:29.803Z - Reusing in-memory cached project graph because no files changed.
[NX v23.2.1 Daemon Server] - 2026-09-26T05:40:29.804Z - Serializing response for REQUEST_PROJECT_GRAPH message in json mode
[NX v23.2.1 Daemon Server] - 2026-09-26T05:40:29.804Z - Responding to REQUEST_PROJECT_GRAPH message
[NX v23.2.1 Daemon Server] - 2026-09-26T05:40:29.804Z - [REQUEST]: Responding to the client. project-graph
[NX v23.2.1 Daemon Server] - 2026-09-26T05:40:29.808Z - Time taken for 'total for creating and serializing project graph' 19.132500000000164ms
[NX v23.2.1 Daemon Server] - 2026-09-26T05:40:29.809Z - Done responding to the client project-graph
[NX v23.2.1 Daemon Server] - 2026-09-26T05:40:29.810Z - Handled json message REQUEST_PROJECT_GRAPH. Handling time: 20. Response time: 6.
[NX v23.2.1 Daemon Client] - 2026-09-26T05:40:29.810Z - [Messenger] Received message, length: 549526
[NX v23.2.1 Daemon Client] - 2026-09-26T05:40:29.819Z - [Messenger] Sending message type: PRE_TASKS_EXECUTION
[NX v23.2.1 Daemon Client] - 2026-09-26T05:40:29.820Z - [Messenger] Message sent
[NX v23.2.1 Daemon Server] - 2026-09-26T05:40:29.822Z - Received raw message of length 1001
[NX v23.2.1 Daemon Server] - 2026-09-26T05:40:29.822Z - Received json message of type PRE_TASKS_EXECUTION
[NX v23.2.1 Daemon Server] - 2026-09-26T05:40:29.827Z - Serializing response for PRE_TASKS_EXECUTION message in json mode
[NX v23.2.1 Daemon Server] - 2026-09-26T05:40:29.827Z - Responding to PRE_TASKS_EXECUTION message
[NX v23.2.1 Daemon Server] - 2026-09-26T05:40:29.827Z - [REQUEST]: Responding to the client. handleRunPreTasksExecution
[NX v23.2.1 Daemon Server] - 2026-09-26T05:40:29.828Z - Time taken for 'preTasksExecution' 3.613499999999931ms
[NX v23.2.1 Daemon Server] - 2026-09-26T05:40:29.831Z - Done responding to the client handleRunPreTasksExecution
[NX v23.2.1 Daemon Server] - 2026-09-26T05:40:29.831Z - Handled json message PRE_TASKS_EXECUTION. Handling time: 4. Response time: 4.
[NX v23.2.1 Daemon Client] - 2026-09-26T05:40:29.831Z - [Messenger] Received message, length: 2
[NX v23.2.1 Daemon Client] - 2026-09-26T05:40:30.311Z - [Messenger] Sending message type: HASH_TASKS
[NX v23.2.1 Daemon Client] - 2026-09-26T05:40:30.313Z - [Messenger] Message sent
[NX v23.2.1 Daemon Server] - 2026-09-26T05:40:30.318Z - Received raw message of length 20827
[NX v23.2.1 Daemon Server] - 2026-09-26T05:40:30.319Z - Received json message of type HASH_TASKS
DEBUG nx::native::watch::watcher: force-flush END count=0 replies=1 elapsed=14.5981ms
[NX v23.2.1 Daemon Server] - 2026-09-26T05:40:30.334Z - Reusing in-memory cached project graph because no files changed.
DEBUG nx::native::tasks::hash_planner: get_plans_internal COMPLETED in 7.1007ms - processed 2 tasks (setup: 6.453ms, parallel_planning: 631.1µs, pool: 10 unique instructions)
DEBUG nx::native::tasks::hashers::hash_workspace_files: Hashing workspace fileset: Adding "11447477098452327754" (".prettierrc.json") to hash
DEBUG nx::native::tasks::hashers::hash_workspace_files: Hashing workspace fileset: Adding "11239123541410728248" ("pnpm-lock.yaml") to hash
DEBUG nx::native::tasks::hashers::hash_workspace_files: Hashing workspace fileset: Adding "12921313130432878041" (".gitignore") to hash
DEBUG nx::native::tasks::hashers::hash_workspace_files: Hashing workspace fileset: Hash Value: "9951374351054095010"
DEBUG nx::native::tasks::hashers::hash_workspace_files: Hashing workspace fileset: Adding "3667920321166862548" ("nx.json") to hash
DEBUG nx::native::tasks::hashers::hash_workspace_files: Hashing workspace fileset: Hash Value: "15794673039158225025"
DEBUG nx::native::tasks::task_hasher: hash_plans COMPLETED in 3.8336ms - processed 2 plans (setup: 338.6µs, hashing: 3.4903ms, assembly: 178.6µs)
[NX v23.2.1 Daemon Server] - 2026-09-26T05:40:30.358Z - Serializing response for HASH_TASKS message in json mode
[NX v23.2.1 Daemon Server] - 2026-09-26T05:40:30.358Z - Responding to HASH_TASKS message
[NX v23.2.1 Daemon Server] - 2026-09-26T05:40:30.358Z - [REQUEST]: Responding to the client. handleHashTasks
[NX v23.2.1 Daemon Server] - 2026-09-26T05:40:30.362Z - Done responding to the client handleHashTasks
[NX v23.2.1 Daemon Server] - 2026-09-26T05:40:30.362Z - Handled json message HASH_TASKS. Handling time: 39. Response time: 4.
[NX v23.2.1 Daemon Client] - 2026-09-26T05:40:30.362Z - [Messenger] Received message, length: 1326
[NX v23.2.1 Daemon Client] - 2026-09-26T05:40:30.403Z - [Messenger] Sending message type: GET_ESTIMATED_TASK_TIMINGS
[NX v23.2.1 Daemon Client] - 2026-09-26T05:40:30.404Z - [Messenger] Message sent
[NX v23.2.1 Daemon Server] - 2026-09-26T05:40:30.432Z - Received raw message of length 206
[NX v23.2.1 Daemon Server] - 2026-09-26T05:40:30.432Z - Received json message of type GET_ESTIMATED_TASK_TIMINGS
[NX v23.2.1 Daemon Server] - 2026-09-26T05:40:30.439Z - Serializing response for GET_ESTIMATED_TASK_TIMINGS message in json mode
[NX v23.2.1 Daemon Server] - 2026-09-26T05:40:30.439Z - Responding to GET_ESTIMATED_TASK_TIMINGS message
[NX v23.2.1 Daemon Server] - 2026-09-26T05:40:30.439Z - [REQUEST]: Responding to the client. handleGetEstimatedTaskTimings
[NX v23.2.1 Daemon Server] - 2026-09-26T05:40:30.440Z - Done responding to the client handleGetEstimatedTaskTimings
[NX v23.2.1 Daemon Server] - 2026-09-26T05:40:30.440Z - Handled json message GET_ESTIMATED_TASK_TIMINGS. Handling time: 7. Response time: 1.
[NX v23.2.1 Daemon Client] - 2026-09-26T05:40:30.440Z - [Messenger] Received message, length: 54
Fetching nx...
[NX v23.2.1 Daemon Client] - 2026-09-26T05:40:38.957Z - [Messenger] Sending message type: RECORD_TASK_RUNS
[NX v23.2.1 Daemon Client] - 2026-09-26T05:40:38.958Z - [Messenger] Message sent
[NX v23.2.1 Daemon Server] - 2026-09-26T05:40:38.963Z - Received raw message of length 452
[NX v23.2.1 Daemon Server] - 2026-09-26T05:40:38.963Z - Received json message of type RECORD_TASK_RUNS
[NX v23.2.1 Daemon Server] - 2026-09-26T05:40:38.966Z - Serializing response for RECORD_TASK_RUNS message in json mode
[NX v23.2.1 Daemon Server] - 2026-09-26T05:40:38.966Z - Responding to RECORD_TASK_RUNS message
[NX v23.2.1 Daemon Server] - 2026-09-26T05:40:38.966Z - [REQUEST]: Responding to the client. handleRecordTaskRuns
[NX v23.2.1 Daemon Server] - 2026-09-26T05:40:38.967Z - Done responding to the client handleRecordTaskRuns
[NX v23.2.1 Daemon Server] - 2026-09-26T05:40:38.967Z - Handled json message RECORD_TASK_RUNS. Handling time: 3. Response time: 1.
[NX v23.2.1 Daemon Client] - 2026-09-26T05:40:38.967Z - [Messenger] Received message, length: 4
[NX v23.2.1 Daemon Client] - 2026-09-26T05:40:38.969Z - [Messenger] Sending message type: GET_FLAKY_TASKS
[NX v23.2.1 Daemon Client] - 2026-09-26T05:40:38.970Z - [Messenger] Message sent
[NX v23.2.1 Daemon Server] - 2026-09-26T05:40:38.971Z - Received raw message of length 150
[NX v23.2.1 Daemon Server] - 2026-09-26T05:40:38.971Z - Received json message of type GET_FLAKY_TASKS
[NX v23.2.1 Daemon Server] - 2026-09-26T05:40:38.972Z - Serializing response for GET_FLAKY_TASKS message in json mode
[NX v23.2.1 Daemon Server] - 2026-09-26T05:40:38.972Z - Responding to GET_FLAKY_TASKS message
[NX v23.2.1 Daemon Server] - 2026-09-26T05:40:38.972Z - [REQUEST]: Responding to the client. handleGetFlakyTasks
[NX v23.2.1 Daemon Server] - 2026-09-26T05:40:38.972Z - Done responding to the client handleGetFlakyTasks
[NX v23.2.1 Daemon Server] - 2026-09-26T05:40:38.972Z - Handled json message GET_FLAKY_TASKS. Handling time: 1. Response time: 0.
[NX v23.2.1 Daemon Client] - 2026-09-26T05:40:38.972Z - [Messenger] Received message, length: 2
[NX v23.2.1 Daemon Server] - 2026-09-26T05:40:38.975Z - Established a connection. Number of open connections: 2
[NX v23.2.1 Daemon Client] - 2026-09-26T05:40:38.975Z - [Messenger] Sending message type: GET_CONFIGURE_AI_AGENTS_STATUS
[NX v23.2.1 Daemon Server] - 2026-09-26T05:40:38.976Z - Closed a connection. Number of open connections: 1
[NX v23.2.1 Daemon Client] - 2026-09-26T05:40:38.977Z - [Messenger] Message sent
[NX v23.2.1 Daemon Server] - 2026-09-26T05:40:38.978Z - Received raw message of length 109
[NX v23.2.1 Daemon Server] - 2026-09-26T05:40:38.978Z - Received json message of type GET_CONFIGURE_AI_AGENTS_STATUS
[NX v23.2.1 Daemon Server] - 2026-09-26T05:40:38.978Z - Serializing response for GET_CONFIGURE_AI_AGENTS_STATUS message in json mode
[NX v23.2.1 Daemon Server] - 2026-09-26T05:40:38.978Z - Responding to GET_CONFIGURE_AI_AGENTS_STATUS message
[NX v23.2.1 Daemon Server] - 2026-09-26T05:40:38.979Z - [REQUEST]: Responding to the client. handleGetConfigureAiAgentsStatus
[NX v23.2.1 Daemon Server] - 2026-09-26T05:40:38.982Z - Done responding to the client handleGetConfigureAiAgentsStatus
[NX v23.2.1 Daemon Server] - 2026-09-26T05:40:38.983Z - Handled json message GET_CONFIGURE_AI_AGENTS_STATUS. Handling time: 0. Response time: 4.
[NX v23.2.1 Daemon Client] - 2026-09-26T05:40:38.983Z - [Messenger] Received message, length: 104
[NX v23.2.1 Daemon Client] - 2026-09-26T05:40:38.991Z - [Messenger] Sending message type: POST_TASKS_EXECUTION
[NX v23.2.1 Daemon Client] - 2026-09-26T05:40:38.992Z - [Messenger] Message sent
[NX v23.2.1 Daemon Server] - 2026-09-26T05:40:38.994Z - Received raw message of length 3176
[NX v23.2.1 Daemon Server] - 2026-09-26T05:40:38.994Z - Received json message of type POST_TASKS_EXECUTION
[NX v23.2.1 Daemon Server] - 2026-09-26T05:40:38.995Z - Serializing response for POST_TASKS_EXECUTION message in json mode
[NX v23.2.1 Daemon Server] - 2026-09-26T05:40:38.996Z - Responding to POST_TASKS_EXECUTION message
[NX v23.2.1 Daemon Server] - 2026-09-26T05:40:38.996Z - [REQUEST]: Responding to the client. handleRunPostTasksExecution
[NX v23.2.1 Daemon Server] - 2026-09-26T05:40:38.996Z - Time taken for 'postTasksExecution' 0.9668000000001484ms
[NX v23.2.1 Daemon Server] - 2026-09-26T05:40:38.996Z - Done responding to the client handleRunPostTasksExecution
[NX v23.2.1 Daemon Server] - 2026-09-26T05:40:38.996Z - Handled json message POST_TASKS_EXECUTION. Handling time: 1. Response time: 1.
[NX v23.2.1 Daemon Client] - 2026-09-26T05:40:38.996Z - [Messenger] Received message, length: 4
[NX v23.2.1 Daemon Server] - 2026-09-26T05:40:39.016Z - Closed a connection. Number of open connections: 0
[NX v23.2.1 Daemon Server] - 2026-09-26T05:40:41.765Z - Established a connection. Number of open connections: 1
[NX v23.2.1 Daemon Server] - 2026-09-26T05:40:41.769Z - Closed a connection. Number of open connections: 0
[NX v23.2.1 Daemon Server] - 2026-09-26T05:40:41.770Z - Established a connection. Number of open connections: 1
[NX v23.2.1 Daemon Server] - 2026-09-26T05:40:41.770Z - Closed a connection. Number of open connections: 0
[NX v23.2.1 Daemon Server] - 2026-09-26T05:40:41.771Z - Established a connection. Number of open connections: 1
[NX v23.2.1 Daemon Client] - 2026-09-26T05:40:41.770Z - [Messenger] Setting up socket listeners
[NX v23.2.1 Daemon Client] - 2026-09-26T05:40:41.774Z - [Messenger] listen() complete
[NX v23.2.1 Daemon Server] - 2026-09-26T05:40:41.942Z - [LATEST-NX]: Successfully pulled latest Nx to C:\Users\Gerar\AppData\Local\Temp\tmp-15072-a8emUSS0d9FN
[NX v23.2.1 Daemon Server] - 2026-09-26T05:40:41.944Z - [NX-CONSOLE]: Using local implementation (NX_USE_LOCAL=true or inner call)
[NX v23.2.1 Daemon Server] - 2026-09-26T05:40:41.945Z - [AI-AGENTS]: Failed to compute agent configuration status from latest Nx. Error: Only URLs with a scheme in: file, data, and node are supported by the default ESM loader. On Windows, absolute paths must be valid file:// URLs. Received protocol 'c:'
DEBUG nx::native::ide::install: Detected editor: Unknown
[NX v23.2.1 Daemon Server] - 2026-09-26T05:40:41.945Z - [AI-AGENTS]: Agent configuration status computation completed: 0 fully configured, 0 outdated, 0 partially configured, 0 non-configured
[NX v23.2.1 Daemon Server] - 2026-09-26T05:40:41.946Z - [NX-CONSOLE]: Console status check completed, shouldPrompt: false
[NX v23.2.1 Daemon Client] - 2026-09-26T05:40:43.347Z - [Messenger] Sending message type: GET_NX_CONSOLE_STATUS
[NX v23.2.1 Daemon Client] - 2026-09-26T05:40:43.349Z - [Messenger] Message sent
[NX v23.2.1 Daemon Server] - 2026-09-26T05:40:43.355Z - Received raw message of length 6989
[NX v23.2.1 Daemon Server] - 2026-09-26T05:40:43.355Z - Received json message of type GET_NX_CONSOLE_STATUS
[NX v23.2.1 Daemon Server] - 2026-09-26T05:40:43.357Z - Serializing response for GET_NX_CONSOLE_STATUS message in json mode
[NX v23.2.1 Daemon Server] - 2026-09-26T05:40:43.357Z - Responding to GET_NX_CONSOLE_STATUS message
[NX v23.2.1 Daemon Server] - 2026-09-26T05:40:43.357Z - [REQUEST]: Responding to the client. handleGetNxConsoleStatus
[NX v23.2.1 Daemon Server] - 2026-09-26T05:40:43.358Z - Done responding to the client handleGetNxConsoleStatus
[NX v23.2.1 Daemon Server] - 2026-09-26T05:40:43.358Z - Handled json message GET_NX_CONSOLE_STATUS. Handling time: 0. Response time: 1.
[NX v23.2.1 Daemon Client] - 2026-09-26T05:40:43.361Z - [Messenger] Received message, length: 22
[NX v23.2.1 Daemon Client] - 2026-09-26T05:40:43.746Z - [Messenger] Sending message type: REQUEST_PROJECT_GRAPH
[NX v23.2.1 Daemon Client] - 2026-09-26T05:40:43.747Z - [Messenger] Message sent
[NX v23.2.1 Daemon Server] - 2026-09-26T05:40:43.749Z - Received raw message of length 100
[NX v23.2.1 Daemon Server] - 2026-09-26T05:40:43.749Z - Received json message of type REQUEST_PROJECT_GRAPH
[NX v23.2.1 Daemon Server] - 2026-09-26T05:40:43.750Z - [REQUEST]: Client Request for Project Graph Received
DEBUG nx::native::watch::watcher: force-flush END count=0 replies=1 elapsed=19.8705ms
[NX v23.2.1 Daemon Server] - 2026-09-26T05:40:43.770Z - Reusing in-memory cached project graph because no files changed.
[NX v23.2.1 Daemon Server] - 2026-09-26T05:40:43.771Z - Serializing response for REQUEST_PROJECT_GRAPH message in json mode
[NX v23.2.1 Daemon Server] - 2026-09-26T05:40:43.771Z - Responding to REQUEST_PROJECT_GRAPH message
[NX v23.2.1 Daemon Server] - 2026-09-26T05:40:43.771Z - [REQUEST]: Responding to the client. project-graph
[NX v23.2.1 Daemon Server] - 2026-09-26T05:40:43.775Z - Time taken for 'total for creating and serializing project graph' 21.10489999999845ms
[NX v23.2.1 Daemon Server] - 2026-09-26T05:40:43.776Z - Done responding to the client project-graph
[NX v23.2.1 Daemon Server] - 2026-09-26T05:40:43.776Z - Handled json message REQUEST_PROJECT_GRAPH. Handling time: 21. Response time: 5.
[NX v23.2.1 Daemon Client] - 2026-09-26T05:40:43.775Z - [Messenger] Received message, length: 549526
[NX v23.2.1 Daemon Client] - 2026-09-26T05:40:43.786Z - [Messenger] Sending message type: PRE_TASKS_EXECUTION
[NX v23.2.1 Daemon Client] - 2026-09-26T05:40:43.788Z - [Messenger] Message sent
[NX v23.2.1 Daemon Server] - 2026-09-26T05:40:43.791Z - Received raw message of length 997
[NX v23.2.1 Daemon Server] - 2026-09-26T05:40:43.791Z - Received json message of type PRE_TASKS_EXECUTION
[NX v23.2.1 Daemon Server] - 2026-09-26T05:40:43.792Z - Serializing response for PRE_TASKS_EXECUTION message in json mode
[NX v23.2.1 Daemon Server] - 2026-09-26T05:40:43.792Z - Responding to PRE_TASKS_EXECUTION message
[NX v23.2.1 Daemon Server] - 2026-09-26T05:40:43.792Z - [REQUEST]: Responding to the client. handleRunPreTasksExecution
[NX v23.2.1 Daemon Server] - 2026-09-26T05:40:43.792Z - Time taken for 'preTasksExecution' 0.8317000000024564ms
[NX v23.2.1 Daemon Server] - 2026-09-26T05:40:43.796Z - Done responding to the client handleRunPreTasksExecution
[NX v23.2.1 Daemon Server] - 2026-09-26T05:40:43.796Z - Handled json message PRE_TASKS_EXECUTION. Handling time: 1. Response time: 4.
[NX v23.2.1 Daemon Client] - 2026-09-26T05:40:43.795Z - [Messenger] Received message, length: 2
[NX v23.2.1 Daemon Client] - 2026-09-26T05:40:44.280Z - [Messenger] Sending message type: HASH_TASKS
[NX v23.2.1 Daemon Client] - 2026-09-26T05:40:44.281Z - [Messenger] Message sent
[NX v23.2.1 Daemon Server] - 2026-09-26T05:40:44.288Z - Received raw message of length 30600
[NX v23.2.1 Daemon Server] - 2026-09-26T05:40:44.289Z - Received json message of type HASH_TASKS
DEBUG nx::native::watch::watcher: force-flush END count=0 replies=1 elapsed=23.3764ms
[NX v23.2.1 Daemon Server] - 2026-09-26T05:40:44.313Z - Reusing in-memory cached project graph because no files changed.
DEBUG nx::native::tasks::hash_planner: get_plans_internal COMPLETED in 4.092ms - processed 3 tasks (setup: 12.4µs, parallel_planning: 4.0754ms, pool: 1200 unique instructions)
DEBUG nx::native::tasks::task_hasher: hash_plans COMPLETED in 10.5357ms - processed 3 plans (setup: 397.6µs, hashing: 10.1284ms, assembly: 6.2224ms)
[NX v23.2.1 Daemon Server] - 2026-09-26T05:40:44.332Z - Serializing response for HASH_TASKS message in json mode
[NX v23.2.1 Daemon Server] - 2026-09-26T05:40:44.333Z - Responding to HASH_TASKS message
[NX v23.2.1 Daemon Server] - 2026-09-26T05:40:44.333Z - [REQUEST]: Responding to the client. handleHashTasks
[NX v23.2.1 Daemon Server] - 2026-09-26T05:40:44.337Z - Done responding to the client handleHashTasks
[NX v23.2.1 Daemon Server] - 2026-09-26T05:40:44.337Z - Handled json message HASH_TASKS. Handling time: 43. Response time: 5.
[NX v23.2.1 Daemon Client] - 2026-09-26T05:40:44.337Z - [Messenger] Received message, length: 79043
[NX v23.2.1 Daemon Client] - 2026-09-26T05:40:44.379Z - [Messenger] Sending message type: GET_ESTIMATED_TASK_TIMINGS
[NX v23.2.1 Daemon Client] - 2026-09-26T05:40:44.380Z - [Messenger] Message sent
[NX v23.2.1 Daemon Server] - 2026-09-26T05:40:44.407Z - Received raw message of length 231
[NX v23.2.1 Daemon Server] - 2026-09-26T05:40:44.407Z - Received json message of type GET_ESTIMATED_TASK_TIMINGS
[NX v23.2.1 Daemon Server] - 2026-09-26T05:40:44.407Z - Serializing response for GET_ESTIMATED_TASK_TIMINGS message in json mode
[NX v23.2.1 Daemon Server] - 2026-09-26T05:40:44.408Z - Responding to GET_ESTIMATED_TASK_TIMINGS message
[NX v23.2.1 Daemon Server] - 2026-09-26T05:40:44.408Z - [REQUEST]: Responding to the client. handleGetEstimatedTaskTimings
[NX v23.2.1 Daemon Server] - 2026-09-26T05:40:44.411Z - Done responding to the client handleGetEstimatedTaskTimings
[NX v23.2.1 Daemon Server] - 2026-09-26T05:40:44.411Z - Handled json message GET_ESTIMATED_TASK_TIMINGS. Handling time: 0. Response time: 4.
[NX v23.2.1 Daemon Client] - 2026-09-26T05:40:44.411Z - [Messenger] Received message, length: 63
DEBUG nx::native::watch::watcher: idle-window emitting events count=494
DEBUG nx::native::watch::watcher:   [delete] apps/backend/dist/modules/cuenta/services/cuenta.service.js
DEBUG nx::native::watch::watcher:   [delete] apps/backend/dist/modules/catalogo/dto
DEBUG nx::native::watch::watcher:   [delete] apps/backend/dist/modules/cuenta/services/cuenta.service.d.ts
DEBUG nx::native::watch::watcher:   [delete] apps/backend/dist/modules/pedidos/dto/cambiar-estado.dto.js
DEBUG nx::native::watch::watcher:   [delete] apps/backend/dist/modules/lista-deseos/services/lista-deseos.service.d.ts
DEBUG nx::native::watch::watcher:   [delete] apps/backend/dist/modules/catalogo/dto/create-categoria.dto.js
DEBUG nx::native::watch::watcher:   [delete] apps/backend/dist/modules/clientes/interfaces/clientes.interface.js.map
DEBUG nx::native::watch::watcher:   [delete] apps/backend/dist/modules/catalogo/dto/update-editorial.dto.js.map
DEBUG nx::native::watch::watcher:   [delete] apps/backend/dist/modules/ventas/dto/create-venta.dto.js.map
DEBUG nx::native::watch::watcher:   [delete] apps/backend/dist/modules/clientes/entities/transaccion-puntos.entity.d.ts
DEBUG nx::native::watch::watcher:   [delete] apps/backend/dist/modules/catalogo/services/categorias.service.d.ts
DEBUG nx::native::watch::watcher:   [delete] apps/backend/dist/modules/configuracion/services/configuracion.service.js
DEBUG nx::native::watch::watcher:   [delete] apps/backend/dist/modules/ventas/dto/create-venta.dto.d.ts
DEBUG nx::native::watch::watcher:   [delete] apps/backend/dist/modules/proveedores/dto/query-pedido-compra.dto.js.map
DEBUG nx::native::watch::watcher:   [delete] apps/backend/dist/modules/configuracion
DEBUG nx::native::watch::watcher:   [delete] apps/backend/dist/modules/pedidos/controllers/pedidos.controller.js.map
DEBUG nx::native::watch::watcher:   [delete] apps/backend/dist/modules/ventas/entities/detalle-venta.entity.js
DEBUG nx::native::watch::watcher:   [delete] apps/backend/dist/modules/catalogo/entities/libro-autor.entity.js
DEBUG nx::native::watch::watcher:   [delete] apps/backend/dist/common/auth/roles.decorator.d.ts
DEBUG nx::native::watch::watcher:   [delete] apps/backend/dist/modules/carrito/interfaces/carrito.interface.js.map
DEBUG nx::native::watch::watcher:   [delete] apps/backend/dist/common/auth/jwt-payload.interface.js
DEBUG nx::native::watch::watcher:   [delete] apps/backend/dist/modules/catalogo/dto/update-autor.dto.js
DEBUG nx::native::watch::watcher:   [delete] apps/backend/dist/modules/clientes/services/clientes.service.js
DEBUG nx::native::watch::watcher:   [delete] apps/backend/dist/infra/stripe/stripe.module.js
DEBUG nx::native::watch::watcher:   [delete] apps/backend/dist/modules/inventario/services/inventario.service.js
DEBUG nx::native::watch::watcher:   [delete] apps/backend/dist/modules/configuracion/entities/configuracion.entity.d.ts
DEBUG nx::native::watch::watcher:   [delete] apps/backend/dist/modules/catalogo/interfaces/catalogo.interface.js
DEBUG nx::native::watch::watcher:   [delete] apps/backend/dist/modules/auth/dto/recuperar-password.dto.js
DEBUG nx::native::watch::watcher:   [delete] apps/backend/dist/modules/carrito/entities/item-carrito.entity.js.map
DEBUG nx::native::watch::watcher:   [delete] apps/backend/dist/modules/catalogo/services/libros.service.js.map
DEBUG nx::native::watch::watcher:   [delete] apps/backend/dist/modules/pedidos/controllers/pedidos.controller.d.ts
DEBUG nx::native::watch::watcher:   [delete] apps/backend/dist/modules
DEBUG nx::native::watch::watcher:   [delete] apps/backend/dist/modules/pedidos/services/checkout.service.js.map
DEBUG nx::native::watch::watcher:   [delete] apps/backend/dist/modules/cuenta/dto
DEBUG nx::native::watch::watcher:   [delete] apps/backend/dist/modules/catalogo/dto/update-editorial.dto.js
DEBUG nx::native::watch::watcher:   [delete] apps/backend/dist/modules/auth/dto/recuperar-password.dto.js.map
DEBUG nx::native::watch::watcher:   [delete] apps/backend/dist/main.js
DEBUG nx::native::watch::watcher:   [delete] apps/backend/dist/modules/catalogo/services/libros.service.d.ts
DEBUG nx::native::watch::watcher:   [delete] apps/backend/dist/modules/clientes/dto/query-cliente.dto.js
DEBUG nx::native::watch::watcher:   [delete] apps/backend/dist/modules/pedidos/dto/checkout.dto.js.map
DEBUG nx::native::watch::watcher:   [delete] apps/backend/dist/modules/carrito/controllers
DEBUG nx::native::watch::watcher:   [delete] apps/backend/dist/modules/empleados/interfaces/empleados.interface.js
DEBUG nx::native::watch::watcher:   [delete] apps/backend/dist/infra/stripe/stripe.module.js.map
DEBUG nx::native::watch::watcher:   [delete] apps/backend/dist/modules/auth/entities/log-acceso.entity.js.map
DEBUG nx::native::watch::watcher:   [delete] apps/backend/dist/modules/catalogo/entities/libro-autor.entity.d.ts
DEBUG nx::native::watch::watcher:   [delete] apps/backend/dist/modules/configuracion/services/configuracion.service.d.ts
DEBUG nx::native::watch::watcher:   [delete] apps/backend/dist/modules/proveedores/controllers/proveedores.controller.d.ts
DEBUG nx::native::watch::watcher:   [delete] apps/backend/dist/modules/auth/auth.module.d.ts
DEBUG nx::native::watch::watcher:   [delete] apps/backend/dist/modules/catalogo/services/categorias.service.js.map
DEBUG nx::native::watch::watcher:   [delete] apps/backend/dist/modules/empleados/entities/empleado.entity.js
DEBUG nx::native::watch::watcher:   [delete] apps/backend/dist/modules/auth/dto/registro-cliente.dto.js.map
DEBUG nx::native::watch::watcher:   [delete] apps/backend/dist/modules/pedidos/services/direcciones.service.d.ts
DEBUG nx::native::watch::watcher:   [delete] apps/backend/dist/common/auth/roles.decorator.js.map
DEBUG nx::native::watch::watcher:   [delete] apps/backend/dist/modules/auth/auth.module.js
DEBUG nx::native::watch::watcher:   [delete] apps/backend/dist/modules/empleados/dto/update-perfil-empleado.dto.d.ts
DEBUG nx::native::watch::watcher:   [delete] apps/backend/dist/config/typeorm.config.js
DEBUG nx::native::watch::watcher:   [delete] apps/backend/dist/modules/catalogo/dto/update-libro.dto.js
DEBUG nx::native::watch::watcher:   [delete] apps/backend/dist/modules/pedidos/dto/update-direccion.dto.d.ts
DEBUG nx::native::watch::watcher:   [delete] apps/backend/dist/modules/cuenta/services
DEBUG nx::native::watch::watcher:   [delete] apps/backend/dist/modules/reportes/interfaces
DEBUG nx::native::watch::watcher:   [delete] apps/backend/dist/modules/pedidos/dto
DEBUG nx::native::watch::watcher:   [delete] apps/backend/dist/modules/empleados/dto/update-empleado.dto.js.map
DEBUG nx::native::watch::watcher:   [delete] apps/backend/dist/modules/empleados/empleados.module.js.map
DEBUG nx::native::watch::watcher:   [delete] apps/backend/dist/modules/catalogo/services/libros.service.js
DEBUG nx::native::watch::watcher:   [delete] apps/backend/dist/modules/empleados/services/empleados.service.d.ts
DEBUG nx::native::watch::watcher:   [delete] apps/backend/dist/modules/catalogo/entities/editorial.entity.d.ts
DEBUG nx::native::watch::watcher:   [delete] apps/backend/dist/modules/proveedores/dto/query-pedido-compra.dto.d.ts
DEBUG nx::native::watch::watcher:   [delete] apps/backend/dist/modules/auth/services/sesiones-limpieza.service.d.ts
DEBUG nx::native::watch::watcher:   [delete] apps/backend/dist/modules/inventario/dto/create-movimiento-inventario.dto.d.ts
DEBUG nx::native::watch::watcher:   [delete] apps/backend/dist/modules/ventas/entities
DEBUG nx::native::watch::watcher:   [delete] apps/backend/dist/common/auth/current-user.decorator.d.ts
DEBUG nx::native::watch::watcher:   [delete] apps/backend/dist/modules/ventas/ventas.module.js.map
DEBUG nx::native::watch::watcher:   [delete] apps/backend/dist/modules/carrito/carrito.module.js
DEBUG nx::native::watch::watcher:   [delete] apps/backend/dist/modules/catalogo/dto/create-editorial.dto.d.ts
DEBUG nx::native::watch::watcher:   [delete] apps/backend/dist/infra/email/email.interface.js.map
DEBUG nx::native::watch::watcher:   [delete] apps/backend/dist/modules/auth/entities/recuperacion-password.entity.js
DEBUG nx::native::watch::watcher:   [delete] apps/backend/dist/modules/reportes/controllers/reportes.controller.js.map
DEBUG nx::native::watch::watcher:   [delete] apps/backend/dist/modules/lista-deseos/controllers/lista-deseos.controller.js.map
DEBUG nx::native::watch::watcher:   [delete] apps/backend/dist/modules/pedidos/services
DEBUG nx::native::watch::watcher:   [delete] apps/backend/dist
DEBUG nx::native::watch::watcher:   [delete] apps/backend/dist/modules/lista-deseos/controllers/lista-deseos.controller.js
DEBUG nx::native::watch::watcher:   [delete] apps/backend/dist/modules/cuenta
DEBUG nx::native::watch::watcher:   [delete] apps/backend/dist/modules/inventario/dto/query-movimiento.dto.d.ts
DEBUG nx::native::watch::watcher:   [delete] apps/backend/dist/modules/configuracion/configuracion.module.js
DEBUG nx::native::watch::watcher:   [delete] apps/backend/dist/modules/clientes/clientes.module.js
DEBUG nx::native::watch::watcher:   [delete] apps/backend/dist/modules/clientes/entities/cliente.entity.js.map
DEBUG nx::native::watch::watcher:   [delete] apps/backend/dist/modules/proveedores/dto/update-proveedor.dto.d.ts
DEBUG nx::native::watch::watcher:   [delete] apps/backend/dist/modules/reportes/interfaces/reportes.interface.d.ts
DEBUG nx::native::watch::watcher:   [delete] apps/backend/dist/modules/empleados/services
DEBUG nx::native::watch::watcher:   [delete] apps/backend/dist/common/auth/roles.guard.js.map
DEBUG nx::native::watch::watcher:   [delete] apps/backend/dist/modules/lista-deseos/entities/lista-deseos.entity.js
DEBUG nx::native::watch::watcher:   [delete] apps/backend/dist/modules/empleados/entities/empleado.entity.js.map
DEBUG nx::native::watch::watcher:   [delete] apps/backend/dist/app.module.js.map
DEBUG nx::native::watch::watcher:   [delete] apps/backend/dist/modules/carrito/dto/agregar-item-carrito.dto.d.ts
DEBUG nx::native::watch::watcher:   [delete] apps/backend/dist/modules/catalogo/entities/libro.entity.js.map
DEBUG nx::native::watch::watcher:   [delete] apps/backend/dist/modules/reportes/controllers
DEBUG nx::native::watch::watcher:   [delete] apps/backend/dist/modules/empleados/dto/change-password.dto.js.map
DEBUG nx::native::watch::watcher:   [delete] apps/backend/dist/modules/auth/services/recuperacion.service.js.map
DEBUG nx::native::watch::watcher:   [delete] apps/backend/dist/modules/pedidos/entities/direccion-entrega.entity.js
DEBUG nx::native::watch::watcher:   [delete] apps/backend/dist/common/auth/current-user.decorator.js.map
DEBUG nx::native::watch::watcher:   [delete] apps/backend/dist/modules/carrito/entities/item-carrito.entity.d.ts
DEBUG nx::native::watch::watcher:   [delete] apps/backend/dist/modules/ventas/services/ventas.service.js
DEBUG nx::native::watch::watcher:   [delete] apps/backend/dist/modules/carrito/interfaces/carrito.interface.d.ts
DEBUG nx::native::watch::watcher:   [delete] apps/backend/dist/infra/email/console-email.service.js
DEBUG nx::native::watch::watcher:   [delete] apps/backend/dist/modules/auth/services/auth.service.d.ts
DEBUG nx::native::watch::watcher:   [delete] apps/backend/dist/modules/proveedores/services/proveedores.service.js.map
DEBUG nx::native::watch::watcher:   [delete] apps/backend/dist/common/auth/public.decorator.js
DEBUG nx::native::watch::watcher:   [delete] apps/backend/dist/infra/stripe
DEBUG nx::native::watch::watcher:   [delete] apps/backend/dist/modules/clientes/services/clientes.service.js.map
DEBUG nx::native::watch::watcher:   [delete] apps/backend/dist/modules/pedidos/services/checkout.service.d.ts
DEBUG nx::native::watch::watcher:   [delete] apps/backend/dist/modules/catalogo/entities/categoria.entity.js
DEBUG nx::native::watch::watcher:   [delete] apps/backend/dist/app.service.d.ts
DEBUG nx::native::watch::watcher:   [delete] apps/backend/dist/infra/stripe/stripe.service.js.map
DEBUG nx::native::watch::watcher:   [delete] apps/backend/dist/modules/carrito/carrito.module.d.ts
DEBUG nx::native::watch::watcher:   [delete] apps/backend/dist/modules/clientes/dto/query-cliente.dto.js.map
DEBUG nx::native::watch::watcher:   [delete] apps/backend/dist/modules/auth/services/auth.service.js
DEBUG nx::native::watch::watcher:   [delete] apps/backend/dist/modules/auth/services/recuperacion.service.js
DEBUG nx::native::watch::watcher:   [delete] apps/backend/dist/modules/lista-deseos/services/lista-deseos.service.js
DEBUG nx::native::watch::watcher:   [delete] apps/backend/dist/modules/proveedores/entities/detalle-pedido-compra.entity.js.map
DEBUG nx::native::watch::watcher:   [delete] apps/backend/dist/modules/pedidos/controllers/pedidos.controller.js
DEBUG nx::native::watch::watcher:   [delete] apps/backend/dist/modules/pedidos/entities/pedido-linea.entity.d.ts
DEBUG nx::native::watch::watcher:   [delete] apps/backend/dist/modules/proveedores/interfaces/proveedores.interface.d.ts
DEBUG nx::native::watch::watcher:   [delete] apps/backend/dist/modules/pedidos/entities/pedido-linea.entity.js.map
DEBUG nx::native::watch::watcher:   [delete] apps/backend/dist/modules/proveedores/services
DEBUG nx::native::watch::watcher:   [delete] apps/backend/dist/modules/ventas/controllers
DEBUG nx::native::watch::watcher:   [delete] apps/backend/dist/modules/catalogo/dto/update-categoria.dto.js
DEBUG nx::native::watch::watcher:   [delete] apps/backend/dist/modules/inventario/services/inventario.service.d.ts
DEBUG nx::native::watch::watcher:   [delete] apps/backend/dist/modules/pedidos/dto/cambiar-estado.dto.js.map
DEBUG nx::native::watch::watcher:   [delete] apps/backend/dist/modules/reportes/controllers/reportes.controller.d.ts
DEBUG nx::native::watch::watcher:   [delete] apps/backend/dist/modules/auth/dto
DEBUG nx::native::watch::watcher:   [delete] apps/backend/dist/modules/carrito/dto/actualizar-item-carrito.dto.js
DEBUG nx::native::watch::watcher:   [delete] apps/backend/dist/infra/email/email.interface.d.ts
DEBUG nx::native::watch::watcher:   [delete] apps/backend/dist/modules/pedidos/dto/create-direccion.dto.d.ts
DEBUG nx::native::watch::watcher:   [delete] apps/backend/dist/modules/clientes/dto/query-cliente.dto.d.ts
DEBUG nx::native::watch::watcher:   [delete] apps/backend/dist/modules/catalogo/dto/update-categoria.dto.js.map
DEBUG nx::native::watch::watcher:   [delete] apps/backend/dist/modules/ventas/controllers/ventas.controller.js
DEBUG nx::native::watch::watcher:   [delete] apps/backend/dist/modules/configuracion/configuracion.module.d.ts
DEBUG nx::native::watch::watcher:   [delete] apps/backend/dist/modules/empleados/empleados.module.d.ts
DEBUG nx::native::watch::watcher:   [delete] apps/backend/dist/modules/clientes/entities/cliente.entity.js
DEBUG nx::native::watch::watcher:   [delete] apps/backend/dist/modules/catalogo/services/autores-editoriales.service.js
DEBUG nx::native::watch::watcher:   [delete] apps/backend/dist/modules/auth/entities
DEBUG nx::native::watch::watcher:   [delete] apps/backend/dist/modules/clientes/dto/update-cliente.dto.js
DEBUG nx::native::watch::watcher:   [delete] apps/backend/dist/modules/inventario/controllers/inventario.controller.js
DEBUG nx::native::watch::watcher:   [delete] apps/backend/dist/modules/catalogo/interfaces/catalogo.interface.js.map
DEBUG nx::native::watch::watcher:   [delete] apps/backend/dist/modules/auth/services/auth.service.js.map
DEBUG nx::native::watch::watcher:   [delete] apps/backend/dist/modules/catalogo/dto/create-libro.dto.js.map
DEBUG nx::native::watch::watcher:   [delete] apps/backend/dist/modules/catalogo/entities
DEBUG nx::native::watch::watcher:   [delete] apps/backend/dist/modules/clientes/interfaces/clientes.interface.js
DEBUG nx::native::watch::watcher:   [delete] apps/backend/dist/common/sesiones.js.map
DEBUG nx::native::watch::watcher:   [delete] apps/backend/dist/common/asignar-definidos.js.map
DEBUG nx::native::watch::watcher:   [delete] apps/backend/dist/modules/ventas/interfaces/ventas.interface.d.ts
DEBUG nx::native::watch::watcher:   [delete] apps/backend/dist/modules/auth/entities/recuperacion-password.entity.js.map
DEBUG nx::native::watch::watcher:   [delete] apps/backend/dist/modules/catalogo/dto/update-autor.dto.js.map
DEBUG nx::native::watch::watcher:   [delete] apps/backend/dist/common/auth/jwt-auth.guard.js.map
DEBUG nx::native::watch::watcher:   [delete] apps/backend/dist/modules/configuracion/dto/update-configuracion.dto.js.map
DEBUG nx::native::watch::watcher:   [delete] apps/backend/dist/modules/proveedores/services/proveedores.service.d.ts
DEBUG nx::native::watch::watcher:   [delete] apps/backend/dist/modules/pedidos/entities/detalle-pedido-linea.entity.js
DEBUG nx::native::watch::watcher:   [delete] apps/backend/dist/modules/pedidos/services/direcciones.service.js.map
DEBUG nx::native::watch::watcher:   [delete] apps/backend/dist/modules/cuenta/dto/cuenta.dto.js
DEBUG nx::native::watch::watcher:   [delete] apps/backend/dist/modules/proveedores/dto/recibir-pedido-compra.dto.js
DEBUG nx::native::watch::watcher:   [delete] apps/backend/dist/modules/catalogo/catalogo.module.js
DEBUG nx::native::watch::watcher:   [delete] apps/backend/dist/modules/clientes/dto/create-cliente.dto.d.ts
DEBUG nx::native::watch::watcher:   [delete] apps/backend/dist/modules/catalogo
DEBUG nx::native::watch::watcher:   [delete] apps/backend/dist/app.module.js
DEBUG nx::native::watch::watcher:   [delete] apps/backend/dist/modules/reportes/services/reportes.service.js.map
DEBUG nx::native::watch::watcher:   [delete] apps/backend/dist/modules/pedidos/dto/create-direccion.dto.js.map
DEBUG nx::native::watch::watcher:   [delete] apps/backend/dist/modules/reportes/dto
DEBUG nx::native::watch::watcher:   [delete] apps/backend/dist/modules/catalogo/controllers
DEBUG nx::native::watch::watcher:   [delete] apps/backend/dist/modules/catalogo/dto/query-libro.dto.d.ts
DEBUG nx::native::watch::watcher:   [delete] apps/backend/dist/modules/proveedores/dto/create-proveedor.dto.d.ts
DEBUG nx::native::watch::watcher:   [delete] apps/backend/dist/modules/inventario/dto/create-movimiento-inventario.dto.js
DEBUG nx::native::watch::watcher:   [delete] apps/backend/dist/modules/ventas/services/ventas.service.d.ts
DEBUG nx::native::watch::watcher:   [delete] apps/backend/dist/app.controller.js.map
DEBUG nx::native::watch::watcher:   [delete] apps/backend/dist/modules/lista-deseos/entities/lista-deseos.entity.d.ts
DEBUG nx::native::watch::watcher:   [delete] apps/backend/dist/modules/lista-deseos/entities/lista-deseos.entity.js.map
DEBUG nx::native::watch::watcher:   [delete] apps/backend/dist/modules/carrito/dto
DEBUG nx::native::watch::watcher:   [delete] apps/backend/dist/modules/ventas/dto/query-venta.dto.js.map
DEBUG nx::native::watch::watcher:   [delete] apps/backend/dist/modules/inventario/entities/movimiento-inventario.entity.js.map
DEBUG nx::native::watch::watcher:   [delete] apps/backend/dist/app.service.js
DEBUG nx::native::watch::watcher:   [delete] apps/backend/dist/modules/empleados/dto/update-empleado.dto.d.ts
DEBUG nx::native::watch::watcher:   [delete] apps/backend/dist/infra/storage/local-storage.service.d.ts
DEBUG nx::native::watch::watcher:   [delete] apps/backend/dist/modules/inventario/controllers/inventario.controller.d.ts
DEBUG nx::native::watch::watcher:   [delete] apps/backend/dist/modules/auth/entities/sesion.entity.d.ts
DEBUG nx::native::watch::watcher:   [delete] apps/backend/dist/modules/configuracion/config-claves.js.map
DEBUG nx::native::watch::watcher:   [delete] apps/backend/dist/infra/email/email.interface.js
DEBUG nx::native::watch::watcher:   [delete] apps/backend/dist/modules/proveedores/dto/query-pedido-compra.dto.js
DEBUG nx::native::watch::watcher:   [delete] apps/backend/dist/modules/proveedores/entities/proveedor.entity.js.map
DEBUG nx::native::watch::watcher:   [delete] apps/backend/dist/modules/inventario/interfaces/inventario.interface.js.map
DEBUG nx::native::watch::watcher:   [delete] apps/backend/dist/modules/catalogo/entities/libro-autor.entity.js.map
DEBUG nx::native::watch::watcher:   [delete] apps/backend/dist/modules/configuracion/services/configuracion.service.js.map
DEBUG nx::native::watch::watcher:   [delete] apps/backend/dist/modules/pedidos/entities/detalle-pedido-linea.entity.js.map
DEBUG nx::native::watch::watcher:   [delete] apps/backend/dist/modules/pedidos/interfaces/pedidos.interface.js
DEBUG nx::native::watch::watcher:   [delete] apps/backend/dist/modules/inventario/inventario.module.js
DEBUG nx::native::watch::watcher:   [delete] apps/backend/dist/modules/auth/strategies/jwt.strategy.js.map
DEBUG nx::native::watch::watcher:   [delete] apps/backend/dist/modules/proveedores/dto/create-proveedor.dto.js.map
DEBUG nx::native::watch::watcher:   [delete] apps/backend/dist/modules/catalogo/entities/editorial.entity.js.map
DEBUG nx::native::watch::watcher:   [delete] apps/backend/dist/modules/inventario/controllers/inventario.controller.js.map
DEBUG nx::native::watch::watcher:   [delete] apps/backend/dist/modules/reportes/controllers/reportes.controller.js
DEBUG nx::native::watch::watcher:   [delete] apps/backend/dist/modules/configuracion/configuracion.module.js.map
DEBUG nx::native::watch::watcher:   [delete] apps/backend/dist/modules/pedidos/dto/checkout.dto.d.ts
DEBUG nx::native::watch::watcher:   [delete] apps/backend/dist/modules/proveedores/controllers
DEBUG nx::native::watch::watcher:   [delete] apps/backend/dist/modules/catalogo/services/autores-editoriales.service.d.ts
DEBUG nx::native::watch::watcher:   [delete] apps/backend/dist/modules/inventario
DEBUG nx::native::watch::watcher:   [delete] apps/backend/dist/modules/catalogo/dto/create-autor.dto.js.map
DEBUG nx::native::watch::watcher:   [delete] apps/backend/dist/common/sesiones.js
DEBUG nx::native::watch::watcher:   [delete] apps/backend/dist/modules/cuenta/controllers/cuenta.controller.d.ts
DEBUG nx::native::watch::watcher:   [delete] apps/backend/dist/modules/cuenta/dto/cuenta.dto.js.map
DEBUG nx::native::watch::watcher:   [delete] apps/backend/dist/common/auth
DEBUG nx::native::watch::watcher:   [delete] apps/backend/dist/modules/carrito/dto/agregar-item-carrito.dto.js.map
DEBUG nx::native::watch::watcher:   [delete] apps/backend/dist/app.controller.d.ts
DEBUG nx::native::watch::watcher:   [delete] apps/backend/dist/modules/pedidos/interfaces
DEBUG nx::native::watch::watcher:   [delete] apps/backend/dist/common/auth/jwt-payload.interface.js.map
DEBUG nx::native::watch::watcher:   [delete] apps/backend/dist/modules/ventas/entities/venta.entity.js.map
DEBUG nx::native::watch::watcher:   [delete] apps/backend/dist/modules/cuenta/cuenta.module.js.map
DEBUG nx::native::watch::watcher:   [delete] apps/backend/dist/modules/clientes/interfaces
DEBUG nx::native::watch::watcher:   [delete] apps/backend/dist/modules/configuracion/entities
DEBUG nx::native::watch::watcher:   [delete] apps/backend/dist/modules/reportes/services
DEBUG nx::native::watch::watcher:   [delete] apps/backend/dist/modules/carrito/entities/carrito.entity.js.map
DEBUG nx::native::watch::watcher:   [delete] apps/backend/dist/modules/proveedores/services/proveedores.service.js
DEBUG nx::native::watch::watcher:   [delete] apps/backend/dist/modules/clientes/dto/ajuste-puntos-cliente.dto.js
DEBUG nx::native::watch::watcher:   [delete] apps/backend/dist/modules/inventario/dto/query-movimiento.dto.js.map
DEBUG nx::native::watch::watcher:   [delete] apps/backend/dist/infra/storage/storage.interface.d.ts
DEBUG nx::native::watch::watcher:   [delete] apps/backend/dist/modules/inventario/controllers
DEBUG nx::native::watch::watcher:   [delete] apps/backend/dist/modules/cuenta/dto/cuenta.dto.d.ts
DEBUG nx::native::watch::watcher:   [delete] apps/backend/dist/modules/cuenta/controllers/cuenta.controller.js.map
DEBUG nx::native::watch::watcher:   [delete] apps/backend/dist/modules/proveedores/dto/create-proveedor.dto.js
DEBUG nx::native::watch::watcher:   [delete] apps/backend/dist/modules/auth
DEBUG nx::native::watch::watcher:   [delete] apps/backend/dist/modules/proveedores/controllers/proveedores.controller.js
DEBUG nx::native::watch::watcher:   [delete] apps/backend/dist/modules/carrito/controllers/carrito.controller.js.map
DEBUG nx::native::watch::watcher:   [delete] apps/backend/dist/modules/cuenta/cuenta.module.js
DEBUG nx::native::watch::watcher:   [delete] apps/backend/dist/modules/clientes/entities/transaccion-puntos.entity.js
DEBUG nx::native::watch::watcher:   [delete] apps/backend/dist/modules/catalogo/interfaces
DEBUG nx::native::watch::watcher:   [delete] apps/backend/dist/modules/auth/strategies
DEBUG nx::native::watch::watcher:   [delete] apps/backend/dist/modules/empleados/dto/create-empleado.dto.js.map
DEBUG nx::native::watch::watcher:   [delete] apps/backend/dist/modules/inventario/entities
DEBUG nx::native::watch::watcher:   [delete] apps/backend/dist/modules/reportes/dto/query-historial-ventas.dto.js.map
DEBUG nx::native::watch::watcher:   [delete] apps/backend/dist/modules/catalogo/entities/autor.entity.js
DEBUG nx::native::watch::watcher:   [delete] apps/backend/dist/infra/storage/storage.interface.js
DEBUG nx::native::watch::watcher:   [delete] apps/backend/dist/infra/email
DEBUG nx::native::watch::watcher:   [delete] apps/backend/dist/modules/configuracion/entities/configuracion.entity.js.map
DEBUG nx::native::watch::watcher:   [delete] apps/backend/dist/modules/proveedores/entities/pedido-compra.entity.js.map
DEBUG nx::native::watch::watcher:   [delete] apps/backend/dist/modules/lista-deseos/controllers
DEBUG nx::native::watch::watcher:   [delete] apps/backend/dist/modules/catalogo/dto/update-autor.dto.d.ts
DEBUG nx::native::watch::watcher:   [delete] apps/backend/dist/modules/auth/services/recuperacion.service.d.ts
DEBUG nx::native::watch::watcher:   [delete] apps/backend/dist/modules/clientes/controllers/clientes.controller.d.ts
DEBUG nx::native::watch::watcher:   [delete] apps/backend/dist/config
DEBUG nx::native::watch::watcher:   [delete] apps/backend/dist/modules/reportes/reportes.module.d.ts
DEBUG nx::native::watch::watcher:   [delete] apps/backend/dist/modules/catalogo/dto/create-editorial.dto.js
DEBUG nx::native::watch::watcher:   [delete] apps/backend/dist/modules/inventario/dto/query-movimiento.dto.js
DEBUG nx::native::watch::watcher:   [delete] apps/backend/dist/modules/pedidos/services/pedidos.service.js.map
DEBUG nx::native::watch::watcher:   [delete] apps/backend/dist/modules/empleados/dto/change-password.dto.js
DEBUG nx::native::watch::watcher:   [delete] apps/backend/dist/modules/pedidos/entities
DEBUG nx::native::watch::watcher:   [delete] apps/backend/dist/modules/catalogo/dto/query-libro.dto.js
DEBUG nx::native::watch::watcher:   [delete] apps/backend/dist/infra/email/console-email.service.d.ts
DEBUG nx::native::watch::watcher:   [delete] apps/backend/dist/infra/storage/local-storage.service.js.map
DEBUG nx::native::watch::watcher:   [delete] apps/backend/dist/modules/catalogo/services/categorias.service.js
DEBUG nx::native::watch::watcher:   [delete] apps/backend/dist/modules/catalogo/dto/create-categoria.dto.d.ts
DEBUG nx::native::watch::watcher:   [delete] apps/backend/dist/modules/carrito/dto/agregar-item-carrito.dto.js
DEBUG nx::native::watch::watcher:   [delete] apps/backend/dist/modules/reportes/services/reportes.service.js
DEBUG nx::native::watch::watcher:   [delete] apps/backend/dist/modules/ventas/dto/query-venta.dto.d.ts
DEBUG nx::native::watch::watcher:   [delete] apps/backend/dist/modules/configuracion/controllers/configuracion.controller.js.map
DEBUG nx::native::watch::watcher:   [delete] apps/backend/dist/common/auth/roles.guard.js
DEBUG nx::native::watch::watcher:   [delete] apps/backend/dist/modules/catalogo/interfaces/catalogo.interface.d.ts
DEBUG nx::native::watch::watcher:   [delete] apps/backend/dist/modules/catalogo/controllers/catalogo.controller.js.map
DEBUG nx::native::watch::watcher:   [delete] apps/backend/dist/modules/catalogo/dto/create-libro.dto.d.ts
DEBUG nx::native::watch::watcher:   [delete] apps/backend/dist/common/auth/public.decorator.d.ts
DEBUG nx::native::watch::watcher:   [delete] apps/backend/dist/modules/clientes/clientes.module.d.ts
DEBUG nx::native::watch::watcher:   [delete] apps/backend/dist/common/auth/public.decorator.js.map
DEBUG nx::native::watch::watcher:   [delete] apps/backend/dist/modules/auth/services/sesiones-limpieza.service.js
DEBUG nx::native::watch::watcher:   [delete] apps/backend/dist/infra/email/smtp-email.service.js.map
DEBUG nx::native::watch::watcher:   [delete] apps/backend/dist/modules/catalogo/entities/autor.entity.js.map
DEBUG nx::native::watch::watcher:   [delete] apps/backend/dist/modules/empleados/dto/update-perfil-empleado.dto.js
DEBUG nx::native::watch::watcher:   [delete] apps/backend/dist/modules/proveedores/controllers/proveedores.controller.js.map
DEBUG nx::native::watch::watcher:   [delete] apps/backend/dist/modules/proveedores/entities/proveedor.entity.d.ts
DEBUG nx::native::watch::watcher:   [delete] apps/backend/dist/modules/auth/controllers
DEBUG nx::native::watch::watcher:   [delete] apps/backend/dist/modules/catalogo/dto/update-editorial.dto.d.ts
DEBUG nx::native::watch::watcher:   [delete] apps/backend/dist/modules/proveedores/dto/recibir-pedido-compra.dto.d.ts
DEBUG nx::native::watch::watcher:   [delete] apps/backend/dist/modules/empleados/controllers/empleados.controller.js
DEBUG nx::native::watch::watcher:   [delete] apps/backend/dist/modules/proveedores/dto/create-pedido-compra.dto.js.map
DEBUG nx::native::watch::watcher:   [delete] apps/backend/dist/modules/ventas/ventas.module.js
DEBUG nx::native::watch::watcher:   [delete] apps/backend/dist/modules/pedidos/services/direcciones.service.js
DEBUG nx::native::watch::watcher:   [delete] apps/backend/dist/modules/inventario/dto/create-movimiento-inventario.dto.js.map
DEBUG nx::native::watch::watcher:   [delete] apps/backend/dist/modules/carrito/services/carrito.service.js
DEBUG nx::native::watch::watcher:   [delete] apps/backend/dist/modules/clientes/dto/update-cliente.dto.js.map
DEBUG nx::native::watch::watcher:   [delete] apps/backend/dist/modules/pedidos/entities/pedido-linea.entity.js
DEBUG nx::native::watch::watcher:   [delete] apps/backend/dist/modules/empleados/dto/change-password.dto.d.ts
DEBUG nx::native::watch::watcher:   [delete] apps/backend/dist/main.js.map
DEBUG nx::native::watch::watcher:   [delete] apps/backend/dist/modules/pedidos/pedidos.module.js
DEBUG nx::native::watch::watcher:   [delete] apps/backend/dist/modules/auth/dto/login.dto.d.ts
DEBUG nx::native::watch::watcher:   [delete] apps/backend/dist/modules/empleados/controllers/empleados.controller.js.map
DEBUG nx::native::watch::watcher:   [delete] apps/backend/dist/modules/clientes
DEBUG nx::native::watch::watcher:   [delete] apps/backend/dist/modules/clientes/clientes.module.js.map
DEBUG nx::native::watch::watcher:   [delete] apps/backend/dist/infra/email/smtp-email.service.d.ts
DEBUG nx::native::watch::watcher:   [delete] apps/backend/dist/modules/empleados/dto/create-empleado.dto.d.ts
DEBUG nx::native::watch::watcher:   [delete] apps/backend/dist/modules/carrito/dto/actualizar-item-carrito.dto.d.ts
DEBUG nx::native::watch::watcher:   [delete] apps/backend/dist/modules/carrito/services/carrito.service.js.map
DEBUG nx::native::watch::watcher:   [delete] apps/backend/dist/modules/carrito/services
DEBUG nx::native::watch::watcher:   [delete] apps/backend/dist/modules/proveedores/entities/detalle-pedido-compra.entity.d.ts
DEBUG nx::native::watch::watcher:   [delete] apps/backend/dist/modules/ventas/controllers/ventas.controller.js.map
DEBUG nx::native::watch::watcher:   [delete] apps/backend/dist/modules/empleados/controllers/empleados.controller.d.ts
DEBUG nx::native::watch::watcher:   [delete] apps/backend/dist/infra/email/smtp-email.service.js
DEBUG nx::native::watch::watcher:   [delete] apps/backend/dist/modules/inventario/entities/movimiento-inventario.entity.js
DEBUG nx::native::watch::watcher:   [delete] apps/backend/dist/modules/lista-deseos/controllers/lista-deseos.controller.d.ts
DEBUG nx::native::watch::watcher:   [delete] apps/backend/dist/modules/ventas/controllers/ventas.controller.d.ts
DEBUG nx::native::watch::watcher:   [delete] apps/backend/dist/modules/catalogo/catalogo.module.js.map
DEBUG nx::native::watch::watcher:   [delete] apps/backend/dist/modules/inventario/interfaces/inventario.interface.d.ts
DEBUG nx::native::watch::watcher:   [delete] apps/backend/dist/modules/lista-deseos/lista-deseos.module.js
DEBUG nx::native::watch::watcher:   [delete] apps/backend/dist/modules/cuenta/controllers/cuenta.controller.js
DEBUG nx::native::watch::watcher:   [delete] apps/backend/dist/infra/stripe/stripe.module.d.ts
DEBUG nx::native::watch::watcher:   [delete] apps/backend/dist/modules/proveedores/entities/detalle-pedido-compra.entity.js
DEBUG nx::native::watch::watcher:   [delete] apps/backend/dist/modules/catalogo/dto/create-autor.dto.d.ts
DEBUG nx::native::watch::watcher:   [delete] apps/backend/dist/modules/catalogo/services
DEBUG nx::native::watch::watcher:   [delete] apps/backend/dist/modules/reportes/dto/query-historial-ventas.dto.js
DEBUG nx::native::watch::watcher:   [delete] apps/backend/dist/modules/configuracion/dto/update-configuracion.dto.d.ts
DEBUG nx::native::watch::watcher:   [delete] apps/backend/dist/modules/empleados/dto/update-perfil-empleado.dto.js.map
DEBUG nx::native::watch::watcher:   [delete] apps/backend/dist/modules/clientes/dto/update-cliente.dto.d.ts
DEBUG nx::native::watch::watcher:   [delete] apps/backend/dist/modules/empleados/services/empleados.service.js.map
DEBUG nx::native::watch::watcher:   [delete] apps/backend/dist/common/sesiones.d.ts
DEBUG nx::native::watch::watcher:   [delete] apps/backend/dist/modules/lista-deseos/services/lista-deseos.service.js.map
DEBUG nx::native::watch::watcher:   [delete] apps/backend/dist/app.controller.js
DEBUG nx::native::watch::watcher:   [delete] apps/backend/dist/common/auth/jwt-auth.guard.d.ts
DEBUG nx::native::watch::watcher:   [delete] apps/backend/dist/modules/reportes/interfaces/reportes.interface.js
DEBUG nx::native::watch::watcher:   [delete] apps/backend/dist/modules/carrito/entities
DEBUG nx::native::watch::watcher:   [delete] apps/backend/dist/modules/configuracion/controllers/configuracion.controller.d.ts
DEBUG nx::native::watch::watcher:   [delete] apps/backend/dist/common/auth/jwt-auth.guard.js
DEBUG nx::native::watch::watcher:   [delete] apps/backend/dist/modules/catalogo/controllers/catalogo.controller.js
DEBUG nx::native::watch::watcher:   [delete] apps/backend/dist/infra/storage/storage.interface.js.map
DEBUG nx::native::watch::watcher:   [delete] apps/backend/dist/modules/ventas/interfaces/ventas.interface.js
DEBUG nx::native::watch::watcher:   [delete] apps/backend/dist/modules/reportes/reportes.module.js
DEBUG nx::native::watch::watcher:   [delete] apps/backend/dist/modules/proveedores/dto/recibir-pedido-compra.dto.js.map
DEBUG nx::native::watch::watcher:   [delete] apps/backend/dist/modules/inventario/interfaces/inventario.interface.js
DEBUG nx::native::watch::watcher:   [delete] apps/backend/dist/modules/pedidos/services/pedidos.service.d.ts
DEBUG nx::native::watch::watcher:   [delete] apps/backend/dist/modules/carrito/interfaces
DEBUG nx::native::watch::watcher:   [delete] apps/backend/dist/modules/pedidos/services/pedidos.service.js
DEBUG nx::native::watch::watcher:   [delete] apps/backend/dist/modules/reportes/services/reportes.service.d.ts
DEBUG nx::native::watch::watcher:   [delete] apps/backend/dist/modules/clientes/entities/cliente.entity.d.ts
DEBUG nx::native::watch::watcher:   [delete] apps/backend/dist/modules/configuracion/services
DEBUG nx::native::watch::watcher:   [delete] apps/backend/dist/modules/catalogo/controllers/catalogo.controller.d.ts
DEBUG nx::native::watch::watcher:   [delete] apps/backend/dist/modules/ventas/entities/detalle-venta.entity.d.ts
DEBUG nx::native::watch::watcher:   [delete] apps/backend/dist/modules/auth/controllers/auth.controller.d.ts
DEBUG nx::native::watch::watcher:   [delete] apps/backend/dist/modules/carrito/controllers/carrito.controller.d.ts
DEBUG nx::native::watch::watcher:   [delete] apps/backend/dist/modules/configuracion/config-claves.js
DEBUG nx::native::watch::watcher:   [delete] apps/backend/dist/modules/proveedores/dto
DEBUG nx::native::watch::watcher:   [delete] apps/backend/dist/app.service.js.map
DEBUG nx::native::watch::watcher:   [delete] apps/backend/dist/modules/inventario/entities/movimiento-inventario.entity.d.ts
DEBUG nx::native::watch::watcher:   [delete] apps/backend/dist/common/auth/roles.guard.d.ts
DEBUG nx::native::watch::watcher:   [delete] apps/backend/dist/modules/pedidos/entities/direccion-entrega.entity.js.map
DEBUG nx::native::watch::watcher:   [delete] apps/backend/dist/modules/auth/strategies/jwt.strategy.js
DEBUG nx::native::watch::watcher:   [delete] apps/backend/dist/modules/carrito/entities/carrito.entity.js
DEBUG nx::native::watch::watcher:   [delete] apps/backend/dist/modules/pedidos/dto/update-direccion.dto.js.map
DEBUG nx::native::watch::watcher:   [delete] apps/backend/dist/app.module.d.ts
DEBUG nx::native::watch::watcher:   [delete] apps/backend/dist/modules/clientes/entities
DEBUG nx::native::watch::watcher:   [delete] apps/backend/dist/modules/cuenta/services/cuenta.service.js.map
DEBUG nx::native::watch::watcher:   [delete] apps/backend/dist/modules/lista-deseos/services
DEBUG nx::native::watch::watcher:   [delete] apps/backend/dist/modules/clientes/services
DEBUG nx::native::watch::watcher:   [delete] apps/backend/dist/modules/pedidos/dto/update-direccion.dto.js
DEBUG nx::native::watch::watcher:   [delete] apps/backend/dist/modules/configuracion/config-claves.d.ts
DEBUG nx::native::watch::watcher:   [delete] apps/backend/dist/common
DEBUG nx::native::watch::watcher:   [delete] apps/backend/dist/modules/catalogo/dto/create-autor.dto.js
DEBUG nx::native::watch::watcher:   [delete] apps/backend/dist/modules/reportes/dto/query-reporte-ventas.dto.d.ts
DEBUG nx::native::watch::watcher:   [delete] apps/backend/dist/modules/empleados
DEBUG nx::native::watch::watcher:   [delete] apps/backend/dist/modules/catalogo/dto/create-editorial.dto.js.map
DEBUG nx::native::watch::watcher:   [delete] apps/backend/dist/modules/reportes/dto/query-historial-ventas.dto.d.ts
DEBUG nx::native::watch::watcher:   [delete] apps/backend/dist/modules/reportes/reportes.module.js.map
DEBUG nx::native::watch::watcher:   [delete] apps/backend/dist/common/auth/current-user.decorator.js
DEBUG nx::native::watch::watcher:   [delete] apps/backend/dist/modules/proveedores/dto/update-proveedor.dto.js
DEBUG nx::native::watch::watcher:   [delete] apps/backend/dist/modules/catalogo/entities/categoria.entity.js.map
DEBUG nx::native::watch::watcher:   [delete] apps/backend/dist/modules/proveedores/entities/pedido-compra.entity.d.ts
DEBUG nx::native::watch::watcher:   [delete] apps/backend/dist/modules/empleados/dto
DEBUG nx::native::watch::watcher:   [delete] apps/backend/dist/common/auth/jwt-payload.interface.d.ts
DEBUG nx::native::watch::watcher:   [delete] apps/backend/dist/modules/empleados/interfaces/empleados.interface.js.map
DEBUG nx::native::watch::watcher:   [delete] apps/backend/dist/modules/ventas/dto/query-venta.dto.js
DEBUG nx::native::watch::watcher:   [delete] apps/backend/dist/modules/proveedores/dto/create-pedido-compra.dto.js
DEBUG nx::native::watch::watcher:   [delete] apps/backend/dist/modules/ventas/dto
DEBUG nx::native::watch::watcher:   [delete] apps/backend/dist/modules/ventas/ventas.module.d.ts
DEBUG nx::native::watch::watcher:   [delete] apps/backend/dist/modules/catalogo/dto/create-libro.dto.js
DEBUG nx::native::watch::watcher:   [delete] apps/backend/dist/modules/carrito/carrito.module.js.map
DEBUG nx::native::watch::watcher:   [delete] apps/backend/dist/modules/catalogo/entities/editorial.entity.js
DEBUG nx::native::watch::watcher:   [delete] apps/backend/dist/modules/lista-deseos/lista-deseos.module.d.ts
DEBUG nx::native::watch::watcher:   [delete] apps/backend/dist/modules/proveedores/dto/create-pedido-compra.dto.d.ts
DEBUG nx::native::watch::watcher:   [delete] apps/backend/dist/modules/configuracion/controllers
DEBUG nx::native::watch::watcher:   [delete] apps/backend/dist/modules/ventas/interfaces/ventas.interface.js.map
DEBUG nx::native::watch::watcher:   [delete] apps/backend/dist/modules/configuracion/dto/update-configuracion.dto.js
DEBUG nx::native::watch::watcher:   [delete] apps/backend/dist/modules/configuracion/entities/configuracion.entity.js
DEBUG nx::native::watch::watcher:   [delete] apps/backend/dist/modules/catalogo/dto/query-libro.dto.js.map
DEBUG nx::native::watch::watcher:   [delete] apps/backend/dist/modules/lista-deseos/lista-deseos.module.js.map
DEBUG nx::native::watch::watcher:   [delete] apps/backend/dist/modules/ventas/entities/venta.entity.d.ts
DEBUG nx::native::watch::watcher:   [delete] apps/backend/dist/modules/inventario/services
DEBUG nx::native::watch::watcher:   [delete] apps/backend/dist/modules/carrito/interfaces/carrito.interface.js
DEBUG nx::native::watch::watcher:   [delete] apps/backend/dist/modules/carrito/entities/carrito.entity.d.ts
DEBUG nx::native::watch::watcher:   [delete] apps/backend/dist/modules/auth/dto/recuperar-password.dto.d.ts
DEBUG nx::native::watch::watcher:   [delete] apps/backend/dist/modules/auth/services/sesiones-limpieza.service.js.map
DEBUG nx::native::watch::watcher:   [delete] apps/backend/dist/infra/storage
DEBUG nx::native::watch::watcher:   [delete] apps/backend/dist/modules/empleados/dto/update-empleado.dto.js
DEBUG nx::native::watch::watcher:   [delete] apps/backend/dist/main.d.ts
DEBUG nx::native::watch::watcher:   [delete] apps/backend/dist/modules/cuenta/cuenta.module.d.ts
DEBUG nx::native::watch::watcher:   [delete] apps/backend/dist/modules/ventas/dto/create-venta.dto.js
DEBUG nx::native::watch::watcher:   [delete] apps/backend/dist/modules/auth/entities/sesion.entity.js
DEBUG nx::native::watch::watcher:   [delete] apps/backend/dist/modules/proveedores/entities/proveedor.entity.js
DEBUG nx::native::watch::watcher:   [delete] apps/backend/dist/modules/catalogo/entities/libro.entity.d.ts
DEBUG nx::native::watch::watcher:   [delete] apps/backend/dist/modules/auth/services
DEBUG nx::native::watch::watcher:   [delete] apps/backend/dist/modules/reportes/dto/query-reporte-ventas.dto.js
DEBUG nx::native::watch::watcher:   [delete] apps/backend/dist/modules/reportes/dto/query-reporte-ventas.dto.js.map
DEBUG nx::native::watch::watcher:   [delete] apps/backend/dist/modules/pedidos/entities/detalle-pedido-linea.entity.d.ts
DEBUG nx::native::watch::watcher:   [delete] apps/backend/dist/modules/proveedores/proveedores.module.d.ts
DEBUG nx::native::watch::watcher:   [delete] apps/backend/dist/modules/empleados/interfaces/empleados.interface.d.ts
DEBUG nx::native::watch::watcher:   [delete] apps/backend/dist/modules/proveedores/interfaces/proveedores.interface.js
DEBUG nx::native::watch::watcher:   [delete] apps/backend/dist/infra/stripe/stripe.service.d.ts
DEBUG nx::native::watch::watcher:   [delete] apps/backend/dist/modules/carrito/entities/item-carrito.entity.js
DEBUG nx::native::watch::watcher:   [delete] apps/backend/dist/modules/carrito/services/carrito.service.d.ts
DEBUG nx::native::watch::watcher:   [delete] apps/backend/dist/modules/auth/entities/sesion.entity.js.map
DEBUG nx::native::watch::watcher:   [delete] apps/backend/dist/modules/inventario/services/inventario.service.js.map
DEBUG nx::native::watch::watcher:   [delete] apps/backend/dist/modules/pedidos/dto/create-direccion.dto.js
DEBUG nx::native::watch::watcher:   [delete] apps/backend/dist/modules/proveedores/entities
DEBUG nx::native::watch::watcher:   [delete] apps/backend/dist/modules/empleados/dto/create-empleado.dto.js
DEBUG nx::native::watch::watcher:   [delete] apps/backend/dist/common/auth/roles.decorator.js
DEBUG nx::native::watch::watcher:   [delete] apps/backend/dist/modules/pedidos/pedidos.module.d.ts
DEBUG nx::native::watch::watcher:   [delete] apps/backend/dist/modules/pedidos/entities/direccion-entrega.entity.d.ts
DEBUG nx::native::watch::watcher:   [delete] apps/backend/dist/modules/lista-deseos
DEBUG nx::native::watch::watcher:   [delete] apps/backend/dist/modules/clientes/dto
DEBUG nx::native::watch::watcher:   [delete] apps/backend/dist/modules/cuenta/controllers
DEBUG nx::native::watch::watcher:   [delete] apps/backend/dist/modules/catalogo/entities/libro.entity.js
DEBUG nx::native::watch::watcher:   [delete] apps/backend/dist/modules/clientes/controllers/clientes.controller.js.map
DEBUG nx::native::watch::watcher:   [delete] apps/backend/dist/modules/clientes/dto/create-cliente.dto.js
DEBUG nx::native::watch::watcher:   [delete] apps/backend/dist/modules/ventas/entities/detalle-venta.entity.js.map
DEBUG nx::native::watch::watcher:   [delete] apps/backend/dist/modules/inventario/dto
DEBUG nx::native::watch::watcher:   [delete] apps/backend/dist/modules/empleados/interfaces
DEBUG nx::native::watch::watcher:   [delete] apps/backend/dist/modules/auth/dto/registro-cliente.dto.js
DEBUG nx::native::watch::watcher:   [delete] apps/backend/dist/modules/proveedores/proveedores.module.js
DEBUG nx::native::watch::watcher:   [delete] apps/backend/dist/modules/auth/entities/recuperacion-password.entity.d.ts
DEBUG nx::native::watch::watcher:   [delete] apps/backend/dist/modules/proveedores/dto/update-proveedor.dto.js.map
DEBUG nx::native::watch::watcher:   [delete] apps/backend/dist/modules/clientes/controllers
DEBUG nx::native::watch::watcher:   [delete] apps/backend/dist/infra
DEBUG nx::native::watch::watcher:   [delete] apps/backend/dist/modules/catalogo/dto/update-libro.dto.js.map
DEBUG nx::native::watch::watcher:   [delete] apps/backend/dist/modules/proveedores/proveedores.module.js.map
DEBUG nx::native::watch::watcher:   [delete] apps/backend/dist/modules/auth/entities/log-acceso.entity.js
DEBUG nx::native::watch::watcher:   [delete] apps/backend/dist/modules/reportes/interfaces/reportes.interface.js.map
DEBUG nx::native::watch::watcher:   [delete] apps/backend/dist/infra/storage/local-storage.service.js
DEBUG nx::native::watch::watcher:   [delete] apps/backend/dist/modules/catalogo/entities/categoria.entity.d.ts
DEBUG nx::native::watch::watcher:   [delete] apps/backend/dist/modules/pedidos/interfaces/pedidos.interface.js.map
DEBUG nx::native::watch::watcher:   [delete] apps/backend/dist/modules/pedidos/interfaces/pedidos.interface.d.ts
DEBUG nx::native::watch::watcher:   [delete] apps/backend/dist/infra/email/console-email.service.js.map
DEBUG nx::native::watch::watcher:   [delete] apps/backend/dist/modules/inventario/interfaces
DEBUG nx::native::watch::watcher:   [delete] apps/backend/dist/modules/auth/controllers/auth.controller.js
DEBUG nx::native::watch::watcher:   [delete] apps/backend/dist/modules/auth/dto/login.dto.js.map
DEBUG nx::native::watch::watcher:   [delete] apps/backend/dist/modules/catalogo/dto/update-categoria.dto.d.ts
DEBUG nx::native::watch::watcher:   [delete] apps/backend/dist/modules/clientes/dto/ajuste-puntos-cliente.dto.js.map
DEBUG nx::native::watch::watcher:   [delete] apps/backend/dist/modules/clientes/interfaces/clientes.interface.d.ts
DEBUG nx::native::watch::watcher:   [delete] apps/backend/dist/modules/inventario/inventario.module.js.map
DEBUG nx::native::watch::watcher:   [delete] apps/backend/dist/modules/ventas/entities/venta.entity.js
DEBUG nx::native::watch::watcher:   [delete] apps/backend/dist/modules/configuracion/controllers/configuracion.controller.js
DEBUG nx::native::watch::watcher:   [delete] apps/backend/dist/modules/empleados/entities/empleado.entity.d.ts
DEBUG nx::native::watch::watcher:   [delete] apps/backend/dist/modules/catalogo/services/autores-editoriales.service.js.map
DEBUG nx::native::watch::watcher:   [delete] apps/backend/dist/modules/auth/dto/registro-cliente.dto.d.ts
DEBUG nx::native::watch::watcher:   [delete] apps/backend/dist/modules/ventas/services
DEBUG nx::native::watch::watcher:   [delete] apps/backend/dist/modules/pedidos/dto/cambiar-estado.dto.d.ts
DEBUG nx::native::watch::watcher:   [delete] apps/backend/dist/modules/catalogo/entities/autor.entity.d.ts
DEBUG nx::native::watch::watcher:   [delete] apps/backend/dist/common/asignar-definidos.js
DEBUG nx::native::watch::watcher:   [delete] apps/backend/dist/modules/empleados/empleados.module.js
DEBUG nx::native::watch::watcher:   [delete] apps/backend/dist/modules/pedidos/pedidos.module.js.map
DEBUG nx::native::watch::watcher:   [delete] apps/backend/dist/modules/pedidos/services/checkout.service.js
DEBUG nx::native::watch::watcher:   [delete] apps/backend/dist/modules/configuracion/dto
DEBUG nx::native::watch::watcher:   [delete] apps/backend/dist/modules/auth/controllers/auth.controller.js.map
DEBUG nx::native::watch::watcher:   [delete] apps/backend/dist/modules/proveedores/interfaces/proveedores.interface.js.map
DEBUG nx::native::watch::watcher:   [delete] apps/backend/dist/infra/stripe/stripe.service.js
DEBUG nx::native::watch::watcher:   [delete] apps/backend/dist/modules/auth/dto/login.dto.js
DEBUG nx::native::watch::watcher:   [delete] apps/backend/dist/modules/pedidos/dto/checkout.dto.js
DEBUG nx::native::watch::watcher:   [delete] apps/backend/dist/modules/auth/auth.module.js.map
DEBUG nx::native::watch::watcher:   [delete] apps/backend/dist/modules/catalogo/dto/create-categoria.dto.js.map
DEBUG nx::native::watch::watcher:   [delete] apps/backend/dist/modules/empleados/services/empleados.service.js
DEBUG nx::native::watch::watcher:   [delete] apps/backend/dist/common/asignar-definidos.d.ts
DEBUG nx::native::watch::watcher:   [delete] apps/backend/dist/modules/empleados/controllers
DEBUG nx::native::watch::watcher:   [delete] apps/backend/dist/modules/ventas/interfaces
DEBUG nx::native::watch::watcher:   [delete] apps/backend/dist/modules/proveedores/interfaces
DEBUG nx::native::watch::watcher:   [delete] apps/backend/dist/modules/auth/strategies/jwt.strategy.d.ts
DEBUG nx::native::watch::watcher:   [delete] apps/backend/dist/modules/carrito/controllers/carrito.controller.js
DEBUG nx::native::watch::watcher:   [delete] apps/backend/dist/modules/inventario/inventario.module.d.ts
DEBUG nx::native::watch::watcher:   [delete] apps/backend/dist/modules/lista-deseos/entities
DEBUG nx::native::watch::watcher:   [delete] apps/backend/dist/modules/clientes/controllers/clientes.controller.js
DEBUG nx::native::watch::watcher:   [delete] apps/backend/dist/modules/auth/entities/log-acceso.entity.d.ts
DEBUG nx::native::watch::watcher:   [delete] apps/backend/dist/modules/catalogo/catalogo.module.d.ts
DEBUG nx::native::watch::watcher:   [delete] apps/backend/dist/config/typeorm.config.d.ts
DEBUG nx::native::watch::watcher:   [delete] apps/backend/dist/config/typeorm.config.js.map
DEBUG nx::native::watch::watcher:   [delete] apps/backend/dist/modules/clientes/services/clientes.service.d.ts
DEBUG nx::native::watch::watcher:   [delete] apps/backend/dist/modules/carrito/dto/actualizar-item-carrito.dto.js.map
DEBUG nx::native::watch::watcher:   [delete] apps/backend/dist/modules/clientes/entities/transaccion-puntos.entity.js.map
DEBUG nx::native::watch::watcher:   [delete] apps/backend/dist/modules/ventas/services/ventas.service.js.map
DEBUG nx::native::watch::watcher:   [delete] apps/backend/dist/modules/proveedores/entities/pedido-compra.entity.js
DEBUG nx::native::watch::watcher:   [delete] apps/backend/dist/modules/pedidos/controllers
DEBUG nx::native::watch::watcher:   [delete] apps/backend/dist/modules/clientes/dto/create-cliente.dto.js.map
DEBUG nx::native::watch::watcher:   [delete] apps/backend/dist/modules/clientes/dto/ajuste-puntos-cliente.dto.d.ts
DEBUG nx::native::watch::watcher:   [delete] apps/backend/dist/modules/empleados/entities
DEBUG nx::native::watch::watcher:   [delete] apps/backend/dist/modules/catalogo/dto/update-libro.dto.d.ts
DEBUG nx::native::watch::watcher:   [delete] apps/backend/dist/modules/carrito
[NX v23.2.1 Daemon Server] - 2026-09-26T05:40:49.509Z - [WATCHER]: Processing file changes in outputs
DEBUG nx::native::watch::watcher: idle-window emitting events count=2
DEBUG nx::native::watch::watcher:   [update] apps/mcp/dist/index.js
DEBUG nx::native::watch::watcher:   [update] apps/mcp/dist/db.js
[NX v23.2.1 Daemon Server] - 2026-09-26T05:40:50.163Z - [WATCHER]: Processing file changes in outputs
[NX v23.2.1 Daemon Client] - 2026-09-26T05:40:50.184Z - [Messenger] Sending message type: RECORD_OUTPUTS_HASH_BATCH
[NX v23.2.1 Daemon Client] - 2026-09-26T05:40:50.185Z - [Messenger] Message sent
[NX v23.2.1 Daemon Server] - 2026-09-26T05:40:50.190Z - Received raw message of length 171
[NX v23.2.1 Daemon Server] - 2026-09-26T05:40:50.190Z - Received json message of type RECORD_OUTPUTS_HASH_BATCH
[NX v23.2.1 Daemon Server] - 2026-09-26T05:40:50.199Z - Serializing response for RECORD_OUTPUTS_HASH_BATCH message in json mode
[NX v23.2.1 Daemon Server] - 2026-09-26T05:40:50.199Z - Responding to RECORD_OUTPUTS_HASH_BATCH message
[NX v23.2.1 Daemon Server] - 2026-09-26T05:40:50.199Z - [REQUEST]: Responding to the client. recordOutputsHashBatch
[NX v23.2.1 Daemon Server] - 2026-09-26T05:40:50.199Z - Done responding to the client recordOutputsHashBatch
[NX v23.2.1 Daemon Server] - 2026-09-26T05:40:50.199Z - Handled json message RECORD_OUTPUTS_HASH_BATCH. Handling time: 8. Response time: 1.
[NX v23.2.1 Daemon Client] - 2026-09-26T05:40:50.198Z - [Messenger] Received message, length: 2
DEBUG nx::native::watch::watcher: idle-window emitting events count=1
DEBUG nx::native::watch::watcher:   [update] apps/frontend/.angular/cache/21.2.17/frontend/.tsbuildinfo
[NX v23.2.1 Daemon Server] - 2026-09-26T05:40:56.011Z - [WATCHER]: Processing file changes in outputs
DEBUG nx::native::watch::watcher: registering watches for new directories dirs=["C:\\Users\\Gerar\\Downloads\\Proyectos\\bibliohub\\apps\\backend\\dist"]
DEBUG nx::native::watch::watcher: registering watches for new directories dirs=["C:\\Users\\Gerar\\Downloads\\Proyectos\\bibliohub\\apps\\backend\\dist\\modules"]
DEBUG nx::native::watch::watcher: registering watches for new directories dirs=["C:\\Users\\Gerar\\Downloads\\Proyectos\\bibliohub\\apps\\backend\\dist\\modules\\empleados"]
DEBUG nx::native::watch::watcher: registering watches for new directories dirs=["C:\\Users\\Gerar\\Downloads\\Proyectos\\bibliohub\\apps\\backend\\dist\\modules\\auth"]
DEBUG nx::native::watch::watcher: registering watches for new directories dirs=["C:\\Users\\Gerar\\Downloads\\Proyectos\\bibliohub\\apps\\backend\\dist\\modules\\catalogo"]
DEBUG nx::native::watch::watcher: idle-window emitting events count=28
DEBUG nx::native::watch::watcher:   [create] apps/backend/dist/modules/catalogo/entities/libro-autor.entity.js
DEBUG nx::native::watch::watcher:   [create] apps/backend/dist/modules/auth/entities/log-acceso.entity.js.map
DEBUG nx::native::watch::watcher:   [create] apps/backend/dist/modules/catalogo/entities/libro-autor.entity.d.ts
DEBUG nx::native::watch::watcher:   [create] apps/backend/dist/modules/empleados/entities/empleado.entity.js.map
DEBUG nx::native::watch::watcher:   [create] apps/backend/dist/modules/catalogo/entities/libro.entity.js.map
DEBUG nx::native::watch::watcher:   [create] apps/backend/dist/app.service.d.ts
DEBUG nx::native::watch::watcher:   [create] apps/backend/dist/app.controller.js.map
DEBUG nx::native::watch::watcher:   [create] apps/backend/dist/app.service.js
DEBUG nx::native::watch::watcher:   [create] apps/backend/dist/modules/auth/entities/sesion.entity.d.ts
DEBUG nx::native::watch::watcher:   [create] apps/backend/dist/modules/catalogo/entities/libro-autor.entity.js.map
DEBUG nx::native::watch::watcher:   [create] apps/backend/dist/modules/catalogo/entities/editorial.entity.js.map
DEBUG nx::native::watch::watcher:   [create] apps/backend/dist/app.controller.d.ts
DEBUG nx::native::watch::watcher:   [create] apps/backend/dist/modules/catalogo/entities/autor.entity.js
DEBUG nx::native::watch::watcher:   [create] apps/backend/dist/modules/catalogo/entities/autor.entity.js.map
DEBUG nx::native::watch::watcher:   [create] apps/backend/dist/app.controller.js
DEBUG nx::native::watch::watcher:   [create] apps/backend/dist/modules/clientes/entities/cliente.entity.d.ts
DEBUG nx::native::watch::watcher:   [create] apps/backend/dist/app.service.js.map
DEBUG nx::native::watch::watcher:   [create] apps/backend/dist/modules/catalogo/entities/categoria.entity.js.map
DEBUG nx::native::watch::watcher:   [create] apps/backend/dist/modules/catalogo/entities/editorial.entity.js
DEBUG nx::native::watch::watcher:   [update] apps/backend/dist/modules/auth/entities/sesion.entity.js
DEBUG nx::native::watch::watcher:   [create] apps/backend/dist/modules/catalogo/entities/libro.entity.d.ts
DEBUG nx::native::watch::watcher:   [create] apps/backend/dist/modules/auth/entities/sesion.entity.js.map
DEBUG nx::native::watch::watcher:   [create] apps/backend/dist/modules/catalogo/entities/libro.entity.js
DEBUG nx::native::watch::watcher:   [create] apps/backend/dist/modules/auth/entities/log-acceso.entity.js
DEBUG nx::native::watch::watcher:   [create] apps/backend/dist/modules/catalogo/entities/categoria.entity.d.ts
DEBUG nx::native::watch::watcher:   [create] apps/backend/dist/modules/empleados/entities/empleado.entity.d.ts
DEBUG nx::native::watch::watcher:   [create] apps/backend/dist/modules/catalogo/entities/autor.entity.d.ts
DEBUG nx::native::watch::watcher:   [create] apps/backend/dist/modules/auth/entities/log-acceso.entity.d.ts
[NX v23.2.1 Daemon Server] - 2026-09-26T05:40:58.705Z - [WATCHER]: Processing file changes in outputs
DEBUG nx::native::watch::watcher: registering watches for new directories dirs=["C:\\Users\\Gerar\\Downloads\\Proyectos\\bibliohub\\apps\\backend\\dist\\modules\\inventario"]
DEBUG nx::native::watch::watcher: registering watches for new directories dirs=["C:\\Users\\Gerar\\Downloads\\Proyectos\\bibliohub\\apps\\backend\\dist\\modules\\ventas"]
DEBUG nx::native::watch::watcher: registering watches for new directories dirs=["C:\\Users\\Gerar\\Downloads\\Proyectos\\bibliohub\\apps\\backend\\dist\\modules\\proveedores"]
DEBUG nx::native::watch::watcher: registering watches for new directories dirs=["C:\\Users\\Gerar\\Downloads\\Proyectos\\bibliohub\\apps\\backend\\dist\\modules\\configuracion"]
DEBUG nx::native::watch::watcher: registering watches for new directories dirs=["C:\\Users\\Gerar\\Downloads\\Proyectos\\bibliohub\\apps\\backend\\dist\\modules\\carrito"]
DEBUG nx::native::watch::watcher: registering watches for new directories dirs=["C:\\Users\\Gerar\\Downloads\\Proyectos\\bibliohub\\apps\\backend\\dist\\modules\\lista-deseos"]
DEBUG nx::native::watch::watcher: registering watches for new directories dirs=["C:\\Users\\Gerar\\Downloads\\Proyectos\\bibliohub\\apps\\backend\\dist\\modules\\pedidos"]
DEBUG nx::native::watch::watcher: idle-window emitting events count=37
DEBUG nx::native::watch::watcher:   [create] apps/backend/dist/modules/clientes/entities/transaccion-puntos.entity.d.ts
DEBUG nx::native::watch::watcher:   [create] apps/backend/dist/modules/configuracion/entities/configuracion.entity.d.ts
DEBUG nx::native::watch::watcher:   [create] apps/backend/dist/modules/carrito/entities/item-carrito.entity.js.map
DEBUG nx::native::watch::watcher:   [create] apps/backend/dist/modules/catalogo/entities/editorial.entity.d.ts
DEBUG nx::native::watch::watcher:   [create] apps/backend/dist/modules/auth/entities/recuperacion-password.entity.js
DEBUG nx::native::watch::watcher:   [create] apps/backend/dist/modules/carrito/entities/item-carrito.entity.d.ts
DEBUG nx::native::watch::watcher:   [create] apps/backend/dist/modules/proveedores/entities/detalle-pedido-compra.entity.js.map
DEBUG nx::native::watch::watcher:   [create] apps/backend/dist/modules/auth/entities/recuperacion-password.entity.js.map
DEBUG nx::native::watch::watcher:   [create] apps/backend/dist/modules/pedidos/entities/detalle-pedido-linea.entity.js
DEBUG nx::native::watch::watcher:   [create] apps/backend/dist/modules/lista-deseos/entities/lista-deseos.entity.d.ts
DEBUG nx::native::watch::watcher:   [create] apps/backend/dist/modules/lista-deseos/entities/lista-deseos.entity.js.map
DEBUG nx::native::watch::watcher:   [create] apps/backend/dist/modules/inventario/entities/movimiento-inventario.entity.js.map
DEBUG nx::native::watch::watcher:   [create] apps/backend/dist/modules/proveedores/entities/proveedor.entity.js.map
DEBUG nx::native::watch::watcher:   [create] apps/backend/dist/modules/pedidos/entities/detalle-pedido-linea.entity.js.map
DEBUG nx::native::watch::watcher:   [create] apps/backend/dist/modules/ventas/entities/venta.entity.js.map
DEBUG nx::native::watch::watcher:   [create] apps/backend/dist/modules/carrito/entities/carrito.entity.js.map
DEBUG nx::native::watch::watcher:   [create] apps/backend/dist/modules/clientes/entities/transaccion-puntos.entity.js
DEBUG nx::native::watch::watcher:   [create] apps/backend/dist/modules/proveedores/entities/pedido-compra.entity.js.map
DEBUG nx::native::watch::watcher:   [create] apps/backend/dist/modules/configuracion/entities/configuracion.entity.js.map
DEBUG nx::native::watch::watcher:   [create] apps/backend/dist/modules/proveedores/entities/proveedor.entity.d.ts
DEBUG nx::native::watch::watcher:   [create] apps/backend/dist/modules/proveedores/entities/detalle-pedido-compra.entity.d.ts
DEBUG nx::native::watch::watcher:   [update] apps/backend/dist/modules/inventario/entities/movimiento-inventario.entity.js
DEBUG nx::native::watch::watcher:   [create] apps/backend/dist/modules/proveedores/entities/detalle-pedido-compra.entity.js
DEBUG nx::native::watch::watcher:   [create] apps/backend/dist/modules/ventas/entities/detalle-venta.entity.d.ts
DEBUG nx::native::watch::watcher:   [create] apps/backend/dist/modules/inventario/entities/movimiento-inventario.entity.d.ts
DEBUG nx::native::watch::watcher:   [create] apps/backend/dist/modules/pedidos/entities/direccion-entrega.entity.js.map
DEBUG nx::native::watch::watcher:   [create] apps/backend/dist/modules/carrito/entities/carrito.entity.js
DEBUG nx::native::watch::watcher:   [create] apps/backend/dist/modules/proveedores/entities/pedido-compra.entity.d.ts
DEBUG nx::native::watch::watcher:   [create] apps/backend/dist/modules/ventas/entities/venta.entity.d.ts
DEBUG nx::native::watch::watcher:   [create] apps/backend/dist/modules/carrito/entities/carrito.entity.d.ts
DEBUG nx::native::watch::watcher:   [create] apps/backend/dist/modules/pedidos/entities/detalle-pedido-linea.entity.d.ts
DEBUG nx::native::watch::watcher:   [create] apps/backend/dist/modules/pedidos/entities/direccion-entrega.entity.d.ts
DEBUG nx::native::watch::watcher:   [create] apps/backend/dist/modules/ventas/entities/detalle-venta.entity.js.map
DEBUG nx::native::watch::watcher:   [create] apps/backend/dist/modules/auth/entities/recuperacion-password.entity.d.ts
DEBUG nx::native::watch::watcher:   [create] apps/backend/dist/modules/ventas/entities/venta.entity.js
DEBUG nx::native::watch::watcher:   [create] apps/backend/dist/modules/clientes/entities/transaccion-puntos.entity.js.map
DEBUG nx::native::watch::watcher:   [create] apps/backend/dist/modules/proveedores/entities/pedido-compra.entity.js
[NX v23.2.1 Daemon Server] - 2026-09-26T05:40:59.209Z - [WATCHER]: Processing file changes in outputs
DEBUG nx::native::watch::watcher: idle-window emitting events count=3
DEBUG nx::native::watch::watcher:   [create] apps/backend/dist/modules/pedidos/entities/pedido-linea.entity.js.map
DEBUG nx::native::watch::watcher:   [create] apps/backend/dist/modules/pedidos/entities/pedido-linea.entity.d.ts
DEBUG nx::native::watch::watcher:   [create] apps/backend/dist/modules/pedidos/entities/pedido-linea.entity.js
[NX v23.2.1 Daemon Server] - 2026-09-26T05:40:59.365Z - [WATCHER]: Processing file changes in outputs
DEBUG nx::native::watch::watcher: registering watches for new directories dirs=["C:\\Users\\Gerar\\Downloads\\Proyectos\\bibliohub\\apps\\backend\\dist\\config"]
DEBUG nx::native::watch::watcher: registering watches for new directories dirs=["C:\\Users\\Gerar\\Downloads\\Proyectos\\bibliohub\\apps\\backend\\dist\\modules\\auth\\dto"]
DEBUG nx::native::watch::watcher: registering watches for new directories dirs=["C:\\Users\\Gerar\\Downloads\\Proyectos\\bibliohub\\apps\\backend\\dist\\common"]
DEBUG nx::native::watch::watcher: idle-window emitting events count=11
DEBUG nx::native::watch::watcher:   [create] apps/backend/dist/modules/auth/dto/registro-cliente.dto.js.map
DEBUG nx::native::watch::watcher:   [create] apps/backend/dist/config/typeorm.config.js
DEBUG nx::native::watch::watcher:   [create] apps/backend/dist/common/auth/jwt-payload.interface.js.map
DEBUG nx::native::watch::watcher:   [create] apps/backend/dist/modules/auth/dto/login.dto.d.ts
DEBUG nx::native::watch::watcher:   [create] apps/backend/dist/common/auth/jwt-payload.interface.d.ts
DEBUG nx::native::watch::watcher:   [create] apps/backend/dist/modules/auth/dto/registro-cliente.dto.js
DEBUG nx::native::watch::watcher:   [create] apps/backend/dist/modules/auth/dto/login.dto.js.map
DEBUG nx::native::watch::watcher:   [create] apps/backend/dist/modules/auth/dto/registro-cliente.dto.d.ts
DEBUG nx::native::watch::watcher:   [create] apps/backend/dist/modules/auth/dto/login.dto.js
DEBUG nx::native::watch::watcher:   [create] apps/backend/dist/config/typeorm.config.js.map
DEBUG nx::native::watch::watcher:   [create] apps/backend/dist/config/typeorm.config.d.ts
[NX v23.2.1 Daemon Server] - 2026-09-26T05:40:59.865Z - [WATCHER]: Processing file changes in outputs
DEBUG nx::native::watch::watcher: registering watches for new directories dirs=["C:\\Users\\Gerar\\Downloads\\Proyectos\\bibliohub\\apps\\backend\\dist\\modules\\auth\\services"]
DEBUG nx::native::watch::watcher: registering watches for new directories dirs=["C:\\Users\\Gerar\\Downloads\\Proyectos\\bibliohub\\apps\\backend\\dist\\infra"]
DEBUG nx::native::watch::watcher: registering watches for new directories dirs=["C:\\Users\\Gerar\\Downloads\\Proyectos\\bibliohub\\apps\\backend\\dist\\modules\\auth\\controllers"]
DEBUG nx::native::watch::watcher: registering watches for new directories dirs=["C:\\Users\\Gerar\\Downloads\\Proyectos\\bibliohub\\apps\\backend\\dist\\modules\\auth\\strategies"]
DEBUG nx::native::watch::watcher: idle-window emitting events count=32
DEBUG nx::native::watch::watcher:   [create] apps/backend/dist/modules/auth/dto/recuperar-password.dto.js
DEBUG nx::native::watch::watcher:   [create] apps/backend/dist/modules/auth/dto/recuperar-password.dto.js.map
DEBUG nx::native::watch::watcher:   [create] apps/backend/dist/modules/auth/services/sesiones-limpieza.service.d.ts
DEBUG nx::native::watch::watcher:   [create] apps/backend/dist/common/auth/current-user.decorator.d.ts
DEBUG nx::native::watch::watcher:   [create] apps/backend/dist/infra/email/email.interface.js.map
DEBUG nx::native::watch::watcher:   [create] apps/backend/dist/modules/auth/services/recuperacion.service.js.map
DEBUG nx::native::watch::watcher:   [create] apps/backend/dist/common/auth/current-user.decorator.js.map
DEBUG nx::native::watch::watcher:   [create] apps/backend/dist/infra/email/console-email.service.js
DEBUG nx::native::watch::watcher:   [create] apps/backend/dist/modules/auth/services/auth.service.d.ts
DEBUG nx::native::watch::watcher:   [create] apps/backend/dist/common/auth/public.decorator.js
DEBUG nx::native::watch::watcher:   [create] apps/backend/dist/modules/auth/services/auth.service.js
DEBUG nx::native::watch::watcher:   [create] apps/backend/dist/modules/auth/services/recuperacion.service.js
DEBUG nx::native::watch::watcher:   [create] apps/backend/dist/infra/email/email.interface.d.ts
DEBUG nx::native::watch::watcher:   [create] apps/backend/dist/modules/auth/services/auth.service.js.map
DEBUG nx::native::watch::watcher:   [create] apps/backend/dist/modules/auth/strategies/jwt.strategy.js.map
DEBUG nx::native::watch::watcher:   [create] apps/backend/dist/modules/auth/services/recuperacion.service.d.ts
DEBUG nx::native::watch::watcher:   [create] apps/backend/dist/infra/email/console-email.service.d.ts
DEBUG nx::native::watch::watcher:   [create] apps/backend/dist/common/auth/public.decorator.d.ts
DEBUG nx::native::watch::watcher:   [create] apps/backend/dist/common/auth/public.decorator.js.map
DEBUG nx::native::watch::watcher:   [create] apps/backend/dist/modules/auth/services/sesiones-limpieza.service.js
DEBUG nx::native::watch::watcher:   [create] apps/backend/dist/infra/email/smtp-email.service.js.map
DEBUG nx::native::watch::watcher:   [create] apps/backend/dist/infra/email/smtp-email.service.d.ts
DEBUG nx::native::watch::watcher:   [create] apps/backend/dist/infra/email/smtp-email.service.js
DEBUG nx::native::watch::watcher:   [create] apps/backend/dist/modules/auth/controllers/auth.controller.d.ts
DEBUG nx::native::watch::watcher:   [create] apps/backend/dist/modules/auth/strategies/jwt.strategy.js
DEBUG nx::native::watch::watcher:   [create] apps/backend/dist/common/auth/current-user.decorator.js
DEBUG nx::native::watch::watcher:   [create] apps/backend/dist/modules/auth/dto/recuperar-password.dto.d.ts
DEBUG nx::native::watch::watcher:   [create] apps/backend/dist/modules/auth/services/sesiones-limpieza.service.js.map
DEBUG nx::native::watch::watcher:   [create] apps/backend/dist/infra/email/console-email.service.js.map
DEBUG nx::native::watch::watcher:   [create] apps/backend/dist/modules/auth/controllers/auth.controller.js
DEBUG nx::native::watch::watcher:   [create] apps/backend/dist/modules/auth/controllers/auth.controller.js.map
DEBUG nx::native::watch::watcher:   [create] apps/backend/dist/modules/auth/strategies/jwt.strategy.d.ts
[NX v23.2.1 Daemon Server] - 2026-09-26T05:41:00.427Z - [WATCHER]: Processing file changes in outputs
DEBUG nx::native::watch::watcher: registering watches for new directories dirs=["C:\\Users\\Gerar\\Downloads\\Proyectos\\bibliohub\\apps\\backend\\dist\\modules\\catalogo\\dto"]
DEBUG nx::native::watch::watcher: registering watches for new directories dirs=["C:\\Users\\Gerar\\Downloads\\Proyectos\\bibliohub\\apps\\backend\\dist\\modules\\catalogo\\interfaces"]
DEBUG nx::native::watch::watcher: registering watches for new directories dirs=["C:\\Users\\Gerar\\Downloads\\Proyectos\\bibliohub\\apps\\backend\\dist\\infra\\storage"]
DEBUG nx::native::watch::watcher: idle-window emitting events count=27
DEBUG nx::native::watch::watcher:   [create] apps/backend/dist/common/auth/roles.decorator.d.ts
DEBUG nx::native::watch::watcher:   [create] apps/backend/dist/modules/catalogo/interfaces/catalogo.interface.js
DEBUG nx::native::watch::watcher:   [create] apps/backend/dist/modules/auth/auth.module.d.ts
DEBUG nx::native::watch::watcher:   [create] apps/backend/dist/common/auth/roles.decorator.js.map
DEBUG nx::native::watch::watcher:   [create] apps/backend/dist/modules/auth/auth.module.js
DEBUG nx::native::watch::watcher:   [create] apps/backend/dist/modules/catalogo/dto/update-libro.dto.js
DEBUG nx::native::watch::watcher:   [create] apps/backend/dist/common/auth/roles.guard.js.map
DEBUG nx::native::watch::watcher:   [create] apps/backend/dist/modules/catalogo/interfaces/catalogo.interface.js.map
DEBUG nx::native::watch::watcher:   [create] apps/backend/dist/modules/catalogo/dto/create-libro.dto.js.map
DEBUG nx::native::watch::watcher:   [create] apps/backend/dist/common/auth/jwt-auth.guard.js.map
DEBUG nx::native::watch::watcher:   [create] apps/backend/dist/modules/catalogo/dto/query-libro.dto.d.ts
DEBUG nx::native::watch::watcher:   [create] apps/backend/dist/infra/storage/storage.interface.d.ts
DEBUG nx::native::watch::watcher:   [create] apps/backend/dist/infra/storage/storage.interface.js
DEBUG nx::native::watch::watcher:   [create] apps/backend/dist/modules/catalogo/dto/query-libro.dto.js
DEBUG nx::native::watch::watcher:   [create] apps/backend/dist/common/auth/roles.guard.js
DEBUG nx::native::watch::watcher:   [create] apps/backend/dist/modules/catalogo/interfaces/catalogo.interface.d.ts
DEBUG nx::native::watch::watcher:   [create] apps/backend/dist/modules/catalogo/dto/create-libro.dto.d.ts
DEBUG nx::native::watch::watcher:   [create] apps/backend/dist/common/auth/jwt-auth.guard.d.ts
DEBUG nx::native::watch::watcher:   [create] apps/backend/dist/common/auth/jwt-auth.guard.js
DEBUG nx::native::watch::watcher:   [create] apps/backend/dist/infra/storage/storage.interface.js.map
DEBUG nx::native::watch::watcher:   [create] apps/backend/dist/common/auth/roles.guard.d.ts
DEBUG nx::native::watch::watcher:   [create] apps/backend/dist/modules/catalogo/dto/create-libro.dto.js
DEBUG nx::native::watch::watcher:   [create] apps/backend/dist/modules/catalogo/dto/query-libro.dto.js.map
DEBUG nx::native::watch::watcher:   [create] apps/backend/dist/common/auth/roles.decorator.js
DEBUG nx::native::watch::watcher:   [create] apps/backend/dist/modules/catalogo/dto/update-libro.dto.js.map
DEBUG nx::native::watch::watcher:   [create] apps/backend/dist/modules/auth/auth.module.js.map
DEBUG nx::native::watch::watcher:   [create] apps/backend/dist/modules/catalogo/dto/update-libro.dto.d.ts
[NX v23.2.1 Daemon Server] - 2026-09-26T05:41:00.832Z - [WATCHER]: Processing file changes in outputs
DEBUG nx::native::watch::watcher: registering watches for new directories dirs=["C:\\Users\\Gerar\\Downloads\\Proyectos\\bibliohub\\apps\\backend\\dist\\modules\\catalogo\\services"]
DEBUG nx::native::watch::watcher: registering watches for new directories dirs=["C:\\Users\\Gerar\\Downloads\\Proyectos\\bibliohub\\apps\\backend\\dist\\modules\\catalogo\\controllers"]
DEBUG nx::native::watch::watcher: registering watches for new directories dirs=["C:\\Users\\Gerar\\Downloads\\Proyectos\\bibliohub\\apps\\backend\\dist\\modules\\inventario\\dto"]
DEBUG nx::native::watch::watcher: registering watches for new directories dirs=["C:\\Users\\Gerar\\Downloads\\Proyectos\\bibliohub\\apps\\backend\\dist\\modules\\inventario\\interfaces"]
DEBUG nx::native::watch::watcher: idle-window emitting events count=48
DEBUG nx::native::watch::watcher:   [create] apps/backend/dist/modules/catalogo/dto/create-categoria.dto.js
DEBUG nx::native::watch::watcher:   [create] apps/backend/dist/modules/catalogo/dto/update-editorial.dto.js.map
DEBUG nx::native::watch::watcher:   [create] apps/backend/dist/modules/catalogo/services/categorias.service.d.ts
DEBUG nx::native::watch::watcher:   [create] apps/backend/dist/modules/catalogo/dto/update-autor.dto.js
DEBUG nx::native::watch::watcher:   [create] apps/backend/dist/modules/catalogo/services/libros.service.js.map
DEBUG nx::native::watch::watcher:   [create] apps/backend/dist/modules/catalogo/dto/update-editorial.dto.js
DEBUG nx::native::watch::watcher:   [create] apps/backend/dist/modules/catalogo/services/libros.service.d.ts
DEBUG nx::native::watch::watcher:   [create] apps/backend/dist/modules/catalogo/services/categorias.service.js.map
DEBUG nx::native::watch::watcher:   [create] apps/backend/dist/modules/catalogo/services/libros.service.js
DEBUG nx::native::watch::watcher:   [create] apps/backend/dist/modules/inventario/dto/create-movimiento-inventario.dto.d.ts
DEBUG nx::native::watch::watcher:   [create] apps/backend/dist/modules/catalogo/dto/create-editorial.dto.d.ts
DEBUG nx::native::watch::watcher:   [create] apps/backend/dist/modules/inventario/dto/query-movimiento.dto.d.ts
DEBUG nx::native::watch::watcher:   [create] apps/backend/dist/modules/catalogo/dto/update-categoria.dto.js
DEBUG nx::native::watch::watcher:   [create] apps/backend/dist/modules/catalogo/dto/update-categoria.dto.js.map
DEBUG nx::native::watch::watcher:   [create] apps/backend/dist/modules/catalogo/services/autores-editoriales.service.js
DEBUG nx::native::watch::watcher:   [create] apps/backend/dist/common/asignar-definidos.js.map
DEBUG nx::native::watch::watcher:   [create] apps/backend/dist/modules/catalogo/dto/update-autor.dto.js.map
DEBUG nx::native::watch::watcher:   [create] apps/backend/dist/modules/catalogo/catalogo.module.js
DEBUG nx::native::watch::watcher:   [create] apps/backend/dist/modules/inventario/dto/create-movimiento-inventario.dto.js
DEBUG nx::native::watch::watcher:   [create] apps/backend/dist/infra/storage/local-storage.service.d.ts
DEBUG nx::native::watch::watcher:   [create] apps/backend/dist/modules/inventario/interfaces/inventario.interface.js.map
DEBUG nx::native::watch::watcher:   [create] apps/backend/dist/modules/catalogo/services/autores-editoriales.service.d.ts
DEBUG nx::native::watch::watcher:   [create] apps/backend/dist/modules/catalogo/dto/create-autor.dto.js.map
DEBUG nx::native::watch::watcher:   [create] apps/backend/dist/modules/inventario/dto/query-movimiento.dto.js.map
DEBUG nx::native::watch::watcher:   [create] apps/backend/dist/modules/catalogo/dto/update-autor.dto.d.ts
DEBUG nx::native::watch::watcher:   [create] apps/backend/dist/modules/catalogo/dto/create-editorial.dto.js
DEBUG nx::native::watch::watcher:   [create] apps/backend/dist/modules/inventario/dto/query-movimiento.dto.js
DEBUG nx::native::watch::watcher:   [create] apps/backend/dist/infra/storage/local-storage.service.js.map
DEBUG nx::native::watch::watcher:   [create] apps/backend/dist/modules/catalogo/services/categorias.service.js
DEBUG nx::native::watch::watcher:   [create] apps/backend/dist/modules/catalogo/dto/create-categoria.dto.d.ts
DEBUG nx::native::watch::watcher:   [create] apps/backend/dist/modules/catalogo/controllers/catalogo.controller.js.map
DEBUG nx::native::watch::watcher:   [create] apps/backend/dist/modules/catalogo/dto/update-editorial.dto.d.ts
DEBUG nx::native::watch::watcher:   [create] apps/backend/dist/modules/inventario/dto/create-movimiento-inventario.dto.js.map
DEBUG nx::native::watch::watcher:   [create] apps/backend/dist/modules/catalogo/catalogo.module.js.map
DEBUG nx::native::watch::watcher:   [create] apps/backend/dist/modules/inventario/interfaces/inventario.interface.d.ts
DEBUG nx::native::watch::watcher:   [create] apps/backend/dist/modules/catalogo/dto/create-autor.dto.d.ts
DEBUG nx::native::watch::watcher:   [create] apps/backend/dist/modules/catalogo/controllers/catalogo.controller.js
DEBUG nx::native::watch::watcher:   [create] apps/backend/dist/modules/inventario/interfaces/inventario.interface.js
DEBUG nx::native::watch::watcher:   [create] apps/backend/dist/modules/catalogo/controllers/catalogo.controller.d.ts
DEBUG nx::native::watch::watcher:   [create] apps/backend/dist/modules/catalogo/dto/create-autor.dto.js
DEBUG nx::native::watch::watcher:   [create] apps/backend/dist/modules/catalogo/dto/create-editorial.dto.js.map
DEBUG nx::native::watch::watcher:   [create] apps/backend/dist/infra/storage/local-storage.service.js
DEBUG nx::native::watch::watcher:   [create] apps/backend/dist/modules/catalogo/dto/update-categoria.dto.d.ts
DEBUG nx::native::watch::watcher:   [create] apps/backend/dist/modules/catalogo/services/autores-editoriales.service.js.map
DEBUG nx::native::watch::watcher:   [create] apps/backend/dist/common/asignar-definidos.js
DEBUG nx::native::watch::watcher:   [create] apps/backend/dist/modules/catalogo/dto/create-categoria.dto.js.map
DEBUG nx::native::watch::watcher:   [create] apps/backend/dist/common/asignar-definidos.d.ts
DEBUG nx::native::watch::watcher:   [create] apps/backend/dist/modules/catalogo/catalogo.module.d.ts
[NX v23.2.1 Daemon Server] - 2026-09-26T05:41:01.366Z - [WATCHER]: Processing file changes in outputs
DEBUG nx::native::watch::watcher: registering watches for new directories dirs=["C:\\Users\\Gerar\\Downloads\\Proyectos\\bibliohub\\apps\\backend\\dist\\modules\\inventario\\services"]
DEBUG nx::native::watch::watcher: registering watches for new directories dirs=["C:\\Users\\Gerar\\Downloads\\Proyectos\\bibliohub\\apps\\backend\\dist\\modules\\inventario\\controllers"]
DEBUG nx::native::watch::watcher: registering watches for new directories dirs=["C:\\Users\\Gerar\\Downloads\\Proyectos\\bibliohub\\apps\\backend\\dist\\modules\\configuracion\\services"]
DEBUG nx::native::watch::watcher: registering watches for new directories dirs=["C:\\Users\\Gerar\\Downloads\\Proyectos\\bibliohub\\apps\\backend\\dist\\modules\\configuracion\\dto"]
DEBUG nx::native::watch::watcher: registering watches for new directories dirs=["C:\\Users\\Gerar\\Downloads\\Proyectos\\bibliohub\\apps\\backend\\dist\\modules\\configuracion\\controllers"]
DEBUG nx::native::watch::watcher: registering watches for new directories dirs=["C:\\Users\\Gerar\\Downloads\\Proyectos\\bibliohub\\apps\\backend\\dist\\modules\\clientes\\dto"]
DEBUG nx::native::watch::watcher: registering watches for new directories dirs=["C:\\Users\\Gerar\\Downloads\\Proyectos\\bibliohub\\apps\\backend\\dist\\modules\\clientes\\interfaces"]
DEBUG nx::native::watch::watcher: registering watches for new directories dirs=["C:\\Users\\Gerar\\Downloads\\Proyectos\\bibliohub\\apps\\backend\\dist\\modules\\clientes\\services"]
DEBUG nx::native::watch::watcher: registering watches for new directories dirs=["C:\\Users\\Gerar\\Downloads\\Proyectos\\bibliohub\\apps\\backend\\dist\\modules\\clientes\\controllers"]
DEBUG nx::native::watch::watcher: registering watches for new directories dirs=["C:\\Users\\Gerar\\Downloads\\Proyectos\\bibliohub\\apps\\backend\\dist\\modules\\ventas\\dto"]
DEBUG nx::native::watch::watcher: idle-window emitting events count=51
DEBUG nx::native::watch::watcher:   [create] apps/backend/dist/modules/clientes/interfaces/clientes.interface.js.map
DEBUG nx::native::watch::watcher:   [create] apps/backend/dist/modules/ventas/dto/create-venta.dto.js.map
DEBUG nx::native::watch::watcher:   [create] apps/backend/dist/modules/configuracion/services/configuracion.service.js
DEBUG nx::native::watch::watcher:   [create] apps/backend/dist/modules/ventas/dto/create-venta.dto.d.ts
DEBUG nx::native::watch::watcher:   [create] apps/backend/dist/modules/inventario/services/inventario.service.js
DEBUG nx::native::watch::watcher:   [create] apps/backend/dist/modules/clientes/services/clientes.service.js
DEBUG nx::native::watch::watcher:   [create] apps/backend/dist/modules/clientes/dto/query-cliente.dto.js
DEBUG nx::native::watch::watcher:   [create] apps/backend/dist/modules/configuracion/services/configuracion.service.d.ts
DEBUG nx::native::watch::watcher:   [create] apps/backend/dist/modules/configuracion/configuracion.module.js
DEBUG nx::native::watch::watcher:   [create] apps/backend/dist/modules/clientes/clientes.module.js
DEBUG nx::native::watch::watcher:   [create] apps/backend/dist/modules/clientes/services/clientes.service.js.map
DEBUG nx::native::watch::watcher:   [create] apps/backend/dist/modules/clientes/dto/query-cliente.dto.js.map
DEBUG nx::native::watch::watcher:   [create] apps/backend/dist/modules/inventario/services/inventario.service.d.ts
DEBUG nx::native::watch::watcher:   [create] apps/backend/dist/modules/clientes/dto/query-cliente.dto.d.ts
DEBUG nx::native::watch::watcher:   [create] apps/backend/dist/modules/configuracion/configuracion.module.d.ts
DEBUG nx::native::watch::watcher:   [create] apps/backend/dist/modules/clientes/dto/update-cliente.dto.js
DEBUG nx::native::watch::watcher:   [create] apps/backend/dist/modules/inventario/controllers/inventario.controller.js
DEBUG nx::native::watch::watcher:   [create] apps/backend/dist/modules/clientes/interfaces/clientes.interface.js
DEBUG nx::native::watch::watcher:   [create] apps/backend/dist/modules/configuracion/dto/update-configuracion.dto.js.map
DEBUG nx::native::watch::watcher:   [create] apps/backend/dist/modules/clientes/dto/create-cliente.dto.d.ts
DEBUG nx::native::watch::watcher:   [create] apps/backend/dist/modules/inventario/controllers/inventario.controller.d.ts
DEBUG nx::native::watch::watcher:   [create] apps/backend/dist/modules/configuracion/config-claves.js.map
DEBUG nx::native::watch::watcher:   [create] apps/backend/dist/modules/configuracion/services/configuracion.service.js.map
DEBUG nx::native::watch::watcher:   [create] apps/backend/dist/modules/inventario/inventario.module.js
DEBUG nx::native::watch::watcher:   [create] apps/backend/dist/modules/inventario/controllers/inventario.controller.js.map
DEBUG nx::native::watch::watcher:   [create] apps/backend/dist/modules/configuracion/configuracion.module.js.map
DEBUG nx::native::watch::watcher:   [create] apps/backend/dist/modules/clientes/dto/ajuste-puntos-cliente.dto.js
DEBUG nx::native::watch::watcher:   [create] apps/backend/dist/modules/clientes/controllers/clientes.controller.d.ts
DEBUG nx::native::watch::watcher:   [create] apps/backend/dist/modules/configuracion/controllers/configuracion.controller.js.map
DEBUG nx::native::watch::watcher:   [create] apps/backend/dist/modules/clientes/clientes.module.d.ts
DEBUG nx::native::watch::watcher:   [create] apps/backend/dist/modules/clientes/dto/update-cliente.dto.js.map
DEBUG nx::native::watch::watcher:   [create] apps/backend/dist/modules/clientes/clientes.module.js.map
DEBUG nx::native::watch::watcher:   [create] apps/backend/dist/modules/configuracion/dto/update-configuracion.dto.d.ts
DEBUG nx::native::watch::watcher:   [create] apps/backend/dist/modules/clientes/dto/update-cliente.dto.d.ts
DEBUG nx::native::watch::watcher:   [create] apps/backend/dist/modules/configuracion/controllers/configuracion.controller.d.ts
DEBUG nx::native::watch::watcher:   [create] apps/backend/dist/modules/configuracion/config-claves.js
DEBUG nx::native::watch::watcher:   [create] apps/backend/dist/modules/configuracion/config-claves.d.ts
DEBUG nx::native::watch::watcher:   [create] apps/backend/dist/modules/configuracion/dto/update-configuracion.dto.js
DEBUG nx::native::watch::watcher:   [create] apps/backend/dist/modules/ventas/dto/create-venta.dto.js
DEBUG nx::native::watch::watcher:   [create] apps/backend/dist/modules/inventario/services/inventario.service.js.map
DEBUG nx::native::watch::watcher:   [create] apps/backend/dist/modules/clientes/controllers/clientes.controller.js.map
DEBUG nx::native::watch::watcher:   [create] apps/backend/dist/modules/clientes/dto/create-cliente.dto.js
DEBUG nx::native::watch::watcher:   [create] apps/backend/dist/modules/clientes/dto/ajuste-puntos-cliente.dto.js.map
DEBUG nx::native::watch::watcher:   [create] apps/backend/dist/modules/clientes/interfaces/clientes.interface.d.ts
DEBUG nx::native::watch::watcher:   [create] apps/backend/dist/modules/inventario/inventario.module.js.map
DEBUG nx::native::watch::watcher:   [create] apps/backend/dist/modules/configuracion/controllers/configuracion.controller.js
DEBUG nx::native::watch::watcher:   [create] apps/backend/dist/modules/inventario/inventario.module.d.ts
DEBUG nx::native::watch::watcher:   [create] apps/backend/dist/modules/clientes/controllers/clientes.controller.js
DEBUG nx::native::watch::watcher:   [create] apps/backend/dist/modules/clientes/services/clientes.service.d.ts
DEBUG nx::native::watch::watcher:   [create] apps/backend/dist/modules/clientes/dto/create-cliente.dto.js.map
DEBUG nx::native::watch::watcher:   [create] apps/backend/dist/modules/clientes/dto/ajuste-puntos-cliente.dto.d.ts
[NX v23.2.1 Daemon Server] - 2026-09-26T05:41:01.896Z - [WATCHER]: Processing file changes in outputs
DEBUG nx::native::watch::watcher: registering watches for new directories dirs=["C:\\Users\\Gerar\\Downloads\\Proyectos\\bibliohub\\apps\\backend\\dist\\modules\\ventas\\interfaces"]
DEBUG nx::native::watch::watcher: idle-window emitting events count=6
DEBUG nx::native::watch::watcher:   [create] apps/backend/dist/modules/ventas/interfaces/ventas.interface.d.ts
DEBUG nx::native::watch::watcher:   [create] apps/backend/dist/modules/ventas/dto/query-venta.dto.js.map
DEBUG nx::native::watch::watcher:   [create] apps/backend/dist/modules/ventas/dto/query-venta.dto.d.ts
DEBUG nx::native::watch::watcher:   [create] apps/backend/dist/modules/ventas/interfaces/ventas.interface.js
DEBUG nx::native::watch::watcher:   [create] apps/backend/dist/modules/ventas/dto/query-venta.dto.js
DEBUG nx::native::watch::watcher:   [create] apps/backend/dist/modules/ventas/interfaces/ventas.interface.js.map
[NX v23.2.1 Daemon Server] - 2026-09-26T05:41:02.079Z - [WATCHER]: Processing file changes in outputs
DEBUG nx::native::watch::watcher: registering watches for new directories dirs=["C:\\Users\\Gerar\\Downloads\\Proyectos\\bibliohub\\apps\\backend\\dist\\modules\\ventas\\services"]
DEBUG nx::native::watch::watcher: registering watches for new directories dirs=["C:\\Users\\Gerar\\Downloads\\Proyectos\\bibliohub\\apps\\backend\\dist\\modules\\ventas\\controllers"]
DEBUG nx::native::watch::watcher: idle-window emitting events count=6
DEBUG nx::native::watch::watcher:   [create] apps/backend/dist/modules/ventas/services/ventas.service.js
DEBUG nx::native::watch::watcher:   [create] apps/backend/dist/modules/ventas/controllers/ventas.controller.js
DEBUG nx::native::watch::watcher:   [create] apps/backend/dist/modules/ventas/services/ventas.service.d.ts
DEBUG nx::native::watch::watcher:   [create] apps/backend/dist/modules/ventas/controllers/ventas.controller.js.map
DEBUG nx::native::watch::watcher:   [create] apps/backend/dist/modules/ventas/controllers/ventas.controller.d.ts
DEBUG nx::native::watch::watcher:   [create] apps/backend/dist/modules/ventas/services/ventas.service.js.map
[NX v23.2.1 Daemon Server] - 2026-09-26T05:41:02.448Z - [WATCHER]: Processing file changes in outputs
DEBUG nx::native::watch::watcher: registering watches for new directories dirs=["C:\\Users\\Gerar\\Downloads\\Proyectos\\bibliohub\\apps\\backend\\dist\\modules\\proveedores\\dto"]
DEBUG nx::native::watch::watcher: registering watches for new directories dirs=["C:\\Users\\Gerar\\Downloads\\Proyectos\\bibliohub\\apps\\backend\\dist\\modules\\proveedores\\interfaces"]
DEBUG nx::native::watch::watcher: registering watches for new directories dirs=["C:\\Users\\Gerar\\Downloads\\Proyectos\\bibliohub\\apps\\backend\\dist\\modules\\proveedores\\services"]
DEBUG nx::native::watch::watcher: registering watches for new directories dirs=["C:\\Users\\Gerar\\Downloads\\Proyectos\\bibliohub\\apps\\backend\\dist\\modules\\proveedores\\controllers"]
DEBUG nx::native::watch::watcher: idle-window emitting events count=27
DEBUG nx::native::watch::watcher:   [create] apps/backend/dist/modules/proveedores/dto/query-pedido-compra.dto.js.map
DEBUG nx::native::watch::watcher:   [create] apps/backend/dist/modules/proveedores/controllers/proveedores.controller.d.ts
DEBUG nx::native::watch::watcher:   [create] apps/backend/dist/modules/proveedores/dto/query-pedido-compra.dto.d.ts
DEBUG nx::native::watch::watcher:   [create] apps/backend/dist/modules/ventas/ventas.module.js.map
DEBUG nx::native::watch::watcher:   [create] apps/backend/dist/modules/proveedores/dto/update-proveedor.dto.d.ts
DEBUG nx::native::watch::watcher:   [create] apps/backend/dist/modules/proveedores/services/proveedores.service.js.map
DEBUG nx::native::watch::watcher:   [create] apps/backend/dist/modules/proveedores/interfaces/proveedores.interface.d.ts
DEBUG nx::native::watch::watcher:   [create] apps/backend/dist/modules/proveedores/services/proveedores.service.d.ts
DEBUG nx::native::watch::watcher:   [create] apps/backend/dist/modules/proveedores/dto/recibir-pedido-compra.dto.js
DEBUG nx::native::watch::watcher:   [create] apps/backend/dist/modules/proveedores/dto/create-proveedor.dto.d.ts
DEBUG nx::native::watch::watcher:   [create] apps/backend/dist/modules/proveedores/dto/query-pedido-compra.dto.js
DEBUG nx::native::watch::watcher:   [create] apps/backend/dist/modules/proveedores/dto/create-proveedor.dto.js.map
DEBUG nx::native::watch::watcher:   [create] apps/backend/dist/modules/proveedores/services/proveedores.service.js
DEBUG nx::native::watch::watcher:   [create] apps/backend/dist/modules/proveedores/dto/create-proveedor.dto.js
DEBUG nx::native::watch::watcher:   [create] apps/backend/dist/modules/proveedores/controllers/proveedores.controller.js
DEBUG nx::native::watch::watcher:   [create] apps/backend/dist/modules/proveedores/controllers/proveedores.controller.js.map
DEBUG nx::native::watch::watcher:   [create] apps/backend/dist/modules/proveedores/dto/recibir-pedido-compra.dto.d.ts
DEBUG nx::native::watch::watcher:   [create] apps/backend/dist/modules/proveedores/dto/create-pedido-compra.dto.js.map
DEBUG nx::native::watch::watcher:   [create] apps/backend/dist/modules/ventas/ventas.module.js
DEBUG nx::native::watch::watcher:   [create] apps/backend/dist/modules/proveedores/dto/recibir-pedido-compra.dto.js.map
DEBUG nx::native::watch::watcher:   [create] apps/backend/dist/modules/proveedores/dto/update-proveedor.dto.js
DEBUG nx::native::watch::watcher:   [create] apps/backend/dist/modules/proveedores/dto/create-pedido-compra.dto.js
DEBUG nx::native::watch::watcher:   [create] apps/backend/dist/modules/ventas/ventas.module.d.ts
DEBUG nx::native::watch::watcher:   [create] apps/backend/dist/modules/proveedores/dto/create-pedido-compra.dto.d.ts
DEBUG nx::native::watch::watcher:   [create] apps/backend/dist/modules/proveedores/interfaces/proveedores.interface.js
DEBUG nx::native::watch::watcher:   [create] apps/backend/dist/modules/proveedores/dto/update-proveedor.dto.js.map
DEBUG nx::native::watch::watcher:   [create] apps/backend/dist/modules/proveedores/interfaces/proveedores.interface.js.map
[NX v23.2.1 Daemon Server] - 2026-09-26T05:41:03.013Z - [WATCHER]: Processing file changes in outputs
DEBUG nx::native::watch::watcher: registering watches for new directories dirs=["C:\\Users\\Gerar\\Downloads\\Proyectos\\bibliohub\\apps\\backend\\dist\\modules\\reportes"]
DEBUG nx::native::watch::watcher: registering watches for new directories dirs=["C:\\Users\\Gerar\\Downloads\\Proyectos\\bibliohub\\apps\\backend\\dist\\modules\\reportes\\interfaces"]
DEBUG nx::native::watch::watcher: registering watches for new directories dirs=["C:\\Users\\Gerar\\Downloads\\Proyectos\\bibliohub\\apps\\backend\\dist\\modules\\reportes\\services"]
DEBUG nx::native::watch::watcher: registering watches for new directories dirs=["C:\\Users\\Gerar\\Downloads\\Proyectos\\bibliohub\\apps\\backend\\dist\\modules\\reportes\\controllers"]
DEBUG nx::native::watch::watcher: registering watches for new directories dirs=["C:\\Users\\Gerar\\Downloads\\Proyectos\\bibliohub\\apps\\backend\\dist\\modules\\empleados\\dto"]
DEBUG nx::native::watch::watcher: registering watches for new directories dirs=["C:\\Users\\Gerar\\Downloads\\Proyectos\\bibliohub\\apps\\backend\\dist\\modules\\empleados\\interfaces"]
DEBUG nx::native::watch::watcher: registering watches for new directories dirs=["C:\\Users\\Gerar\\Downloads\\Proyectos\\bibliohub\\apps\\backend\\dist\\modules\\empleados\\services"]
DEBUG nx::native::watch::watcher: registering watches for new directories dirs=["C:\\Users\\Gerar\\Downloads\\Proyectos\\bibliohub\\apps\\backend\\dist\\modules\\empleados\\controllers"]
DEBUG nx::native::watch::watcher: idle-window emitting events count=46
DEBUG nx::native::watch::watcher:   [create] apps/backend/dist/modules/empleados/interfaces/empleados.interface.js
DEBUG nx::native::watch::watcher:   [create] apps/backend/dist/modules/empleados/dto/update-perfil-empleado.dto.d.ts
DEBUG nx::native::watch::watcher:   [create] apps/backend/dist/modules/empleados/dto/update-empleado.dto.js.map
DEBUG nx::native::watch::watcher:   [create] apps/backend/dist/modules/empleados/empleados.module.js.map
DEBUG nx::native::watch::watcher:   [create] apps/backend/dist/modules/empleados/services/empleados.service.d.ts
DEBUG nx::native::watch::watcher:   [create] apps/backend/dist/modules/reportes/controllers/reportes.controller.js.map
DEBUG nx::native::watch::watcher:   [create] apps/backend/dist/modules/reportes/interfaces/reportes.interface.d.ts
DEBUG nx::native::watch::watcher:   [create] apps/backend/dist/modules/empleados/dto/change-password.dto.js.map
DEBUG nx::native::watch::watcher:   [create] apps/backend/dist/modules/reportes/controllers/reportes.controller.d.ts
DEBUG nx::native::watch::watcher:   [create] apps/backend/dist/common/sesiones.js.map
DEBUG nx::native::watch::watcher:   [create] apps/backend/dist/modules/reportes/services/reportes.service.js.map
DEBUG nx::native::watch::watcher:   [create] apps/backend/dist/modules/empleados/dto/update-empleado.dto.d.ts
DEBUG nx::native::watch::watcher:   [create] apps/backend/dist/modules/reportes/controllers/reportes.controller.js
DEBUG nx::native::watch::watcher:   [create] apps/backend/dist/common/sesiones.js
DEBUG nx::native::watch::watcher:   [create] apps/backend/dist/modules/empleados/dto/create-empleado.dto.js.map
DEBUG nx::native::watch::watcher:   [create] apps/backend/dist/modules/reportes/dto/query-historial-ventas.dto.js.map
DEBUG nx::native::watch::watcher:   [create] apps/backend/dist/modules/reportes/reportes.module.d.ts
DEBUG nx::native::watch::watcher:   [create] apps/backend/dist/modules/empleados/dto/change-password.dto.js
DEBUG nx::native::watch::watcher:   [create] apps/backend/dist/modules/reportes/services/reportes.service.js
DEBUG nx::native::watch::watcher:   [create] apps/backend/dist/modules/empleados/dto/update-perfil-empleado.dto.js
DEBUG nx::native::watch::watcher:   [create] apps/backend/dist/modules/empleados/controllers/empleados.controller.js
DEBUG nx::native::watch::watcher:   [create] apps/backend/dist/modules/empleados/dto/change-password.dto.d.ts
DEBUG nx::native::watch::watcher:   [create] apps/backend/dist/modules/empleados/controllers/empleados.controller.js.map
DEBUG nx::native::watch::watcher:   [create] apps/backend/dist/modules/empleados/dto/create-empleado.dto.d.ts
DEBUG nx::native::watch::watcher:   [create] apps/backend/dist/modules/empleados/controllers/empleados.controller.d.ts
DEBUG nx::native::watch::watcher:   [create] apps/backend/dist/modules/empleados/services/empleados.service.js.map
DEBUG nx::native::watch::watcher:   [create] apps/backend/dist/modules/empleados/dto/update-perfil-empleado.dto.js.map
DEBUG nx::native::watch::watcher:   [create] apps/backend/dist/common/sesiones.d.ts
DEBUG nx::native::watch::watcher:   [create] apps/backend/dist/modules/reportes/interfaces/reportes.interface.js
DEBUG nx::native::watch::watcher:   [create] apps/backend/dist/modules/reportes/reportes.module.js
DEBUG nx::native::watch::watcher:   [create] apps/backend/dist/modules/reportes/services/reportes.service.d.ts
DEBUG nx::native::watch::watcher:   [create] apps/backend/dist/modules/reportes/dto/query-reporte-ventas.dto.d.ts
DEBUG nx::native::watch::watcher:   [create] apps/backend/dist/modules/reportes/dto/query-historial-ventas.dto.d.ts
DEBUG nx::native::watch::watcher:   [create] apps/backend/dist/modules/reportes/reportes.module.js.map
DEBUG nx::native::watch::watcher:   [create] apps/backend/dist/modules/empleados/interfaces/empleados.interface.js.map
DEBUG nx::native::watch::watcher:   [create] apps/backend/dist/modules/empleados/dto/update-empleado.dto.js
DEBUG nx::native::watch::watcher:   [create] apps/backend/dist/modules/reportes/dto/query-reporte-ventas.dto.js.map
DEBUG nx::native::watch::watcher:   [create] apps/backend/dist/modules/reportes/dto/query-reporte-ventas.dto.js
DEBUG nx::native::watch::watcher:   [create] apps/backend/dist/modules/proveedores/proveedores.module.d.ts
DEBUG nx::native::watch::watcher:   [create] apps/backend/dist/modules/empleados/interfaces/empleados.interface.d.ts
DEBUG nx::native::watch::watcher:   [create] apps/backend/dist/modules/empleados/dto/create-empleado.dto.js
DEBUG nx::native::watch::watcher:   [create] apps/backend/dist/modules/proveedores/proveedores.module.js
DEBUG nx::native::watch::watcher:   [create] apps/backend/dist/modules/proveedores/proveedores.module.js.map
DEBUG nx::native::watch::watcher:   [create] apps/backend/dist/modules/reportes/interfaces/reportes.interface.js.map
DEBUG nx::native::watch::watcher:   [create] apps/backend/dist/modules/empleados/empleados.module.js
DEBUG nx::native::watch::watcher:   [create] apps/backend/dist/modules/empleados/services/empleados.service.js
[NX v23.2.1 Daemon Server] - 2026-09-26T05:41:03.522Z - [WATCHER]: Processing file changes in outputs
DEBUG nx::native::watch::watcher: registering watches for new directories dirs=["C:\\Users\\Gerar\\Downloads\\Proyectos\\bibliohub\\apps\\backend\\dist\\modules\\carrito\\dto"]
DEBUG nx::native::watch::watcher: registering watches for new directories dirs=["C:\\Users\\Gerar\\Downloads\\Proyectos\\bibliohub\\apps\\backend\\dist\\modules\\carrito\\interfaces"]
DEBUG nx::native::watch::watcher: registering watches for new directories dirs=["C:\\Users\\Gerar\\Downloads\\Proyectos\\bibliohub\\apps\\backend\\dist\\modules\\carrito\\services"]
DEBUG nx::native::watch::watcher: registering watches for new directories dirs=["C:\\Users\\Gerar\\Downloads\\Proyectos\\bibliohub\\apps\\backend\\dist\\modules\\carrito\\controllers"]
DEBUG nx::native::watch::watcher: registering watches for new directories dirs=["C:\\Users\\Gerar\\Downloads\\Proyectos\\bibliohub\\apps\\backend\\dist\\infra\\stripe"]
DEBUG nx::native::watch::watcher: registering watches for new directories dirs=["C:\\Users\\Gerar\\Downloads\\Proyectos\\bibliohub\\apps\\backend\\dist\\modules\\pedidos\\services"]
DEBUG nx::native::watch::watcher: registering watches for new directories dirs=["C:\\Users\\Gerar\\Downloads\\Proyectos\\bibliohub\\apps\\backend\\dist\\modules\\pedidos\\dto"]
DEBUG nx::native::watch::watcher: registering watches for new directories dirs=["C:\\Users\\Gerar\\Downloads\\Proyectos\\bibliohub\\apps\\backend\\dist\\modules\\pedidos\\interfaces"]
DEBUG nx::native::watch::watcher: idle-window emitting events count=43
DEBUG nx::native::watch::watcher:   [create] apps/backend/dist/modules/carrito/interfaces/carrito.interface.js.map
DEBUG nx::native::watch::watcher:   [create] apps/backend/dist/infra/stripe/stripe.module.js
DEBUG nx::native::watch::watcher:   [create] apps/backend/dist/modules/pedidos/dto/checkout.dto.js.map
DEBUG nx::native::watch::watcher:   [create] apps/backend/dist/infra/stripe/stripe.module.js.map
DEBUG nx::native::watch::watcher:   [create] apps/backend/dist/modules/pedidos/services/direcciones.service.d.ts
DEBUG nx::native::watch::watcher:   [create] apps/backend/dist/modules/pedidos/dto/update-direccion.dto.d.ts
DEBUG nx::native::watch::watcher:   [create] apps/backend/dist/modules/carrito/carrito.module.js
DEBUG nx::native::watch::watcher:   [create] apps/backend/dist/modules/carrito/dto/agregar-item-carrito.dto.d.ts
DEBUG nx::native::watch::watcher:   [create] apps/backend/dist/modules/carrito/interfaces/carrito.interface.d.ts
DEBUG nx::native::watch::watcher:   [create] apps/backend/dist/infra/stripe/stripe.service.js.map
DEBUG nx::native::watch::watcher:   [create] apps/backend/dist/modules/carrito/carrito.module.d.ts
DEBUG nx::native::watch::watcher:   [create] apps/backend/dist/modules/carrito/dto/actualizar-item-carrito.dto.js
DEBUG nx::native::watch::watcher:   [create] apps/backend/dist/modules/pedidos/dto/create-direccion.dto.d.ts
DEBUG nx::native::watch::watcher:   [create] apps/backend/dist/modules/empleados/empleados.module.d.ts
DEBUG nx::native::watch::watcher:   [create] apps/backend/dist/modules/pedidos/services/direcciones.service.js.map
DEBUG nx::native::watch::watcher:   [create] apps/backend/dist/modules/pedidos/dto/create-direccion.dto.js.map
DEBUG nx::native::watch::watcher:   [create] apps/backend/dist/modules/pedidos/interfaces/pedidos.interface.js
DEBUG nx::native::watch::watcher:   [create] apps/backend/dist/modules/pedidos/dto/checkout.dto.d.ts
DEBUG nx::native::watch::watcher:   [create] apps/backend/dist/modules/carrito/dto/agregar-item-carrito.dto.js.map
DEBUG nx::native::watch::watcher:   [create] apps/backend/dist/modules/carrito/controllers/carrito.controller.js.map
DEBUG nx::native::watch::watcher:   [create] apps/backend/dist/modules/pedidos/services/pedidos.service.js.map
DEBUG nx::native::watch::watcher:   [create] apps/backend/dist/modules/carrito/dto/agregar-item-carrito.dto.js
DEBUG nx::native::watch::watcher:   [create] apps/backend/dist/modules/pedidos/services/direcciones.service.js
DEBUG nx::native::watch::watcher:   [create] apps/backend/dist/modules/carrito/services/carrito.service.js
DEBUG nx::native::watch::watcher:   [create] apps/backend/dist/modules/carrito/dto/actualizar-item-carrito.dto.d.ts
DEBUG nx::native::watch::watcher:   [create] apps/backend/dist/modules/carrito/services/carrito.service.js.map
DEBUG nx::native::watch::watcher:   [create] apps/backend/dist/infra/stripe/stripe.module.d.ts
DEBUG nx::native::watch::watcher:   [create] apps/backend/dist/modules/pedidos/services/pedidos.service.d.ts
DEBUG nx::native::watch::watcher:   [create] apps/backend/dist/modules/pedidos/services/pedidos.service.js
DEBUG nx::native::watch::watcher:   [create] apps/backend/dist/modules/carrito/controllers/carrito.controller.d.ts
DEBUG nx::native::watch::watcher:   [create] apps/backend/dist/modules/pedidos/dto/update-direccion.dto.js.map
DEBUG nx::native::watch::watcher:   [create] apps/backend/dist/modules/pedidos/dto/update-direccion.dto.js
DEBUG nx::native::watch::watcher:   [create] apps/backend/dist/modules/carrito/carrito.module.js.map
DEBUG nx::native::watch::watcher:   [create] apps/backend/dist/modules/carrito/interfaces/carrito.interface.js
DEBUG nx::native::watch::watcher:   [create] apps/backend/dist/infra/stripe/stripe.service.d.ts
DEBUG nx::native::watch::watcher:   [create] apps/backend/dist/modules/carrito/services/carrito.service.d.ts
DEBUG nx::native::watch::watcher:   [create] apps/backend/dist/modules/pedidos/dto/create-direccion.dto.js
DEBUG nx::native::watch::watcher:   [create] apps/backend/dist/modules/pedidos/interfaces/pedidos.interface.d.ts
DEBUG nx::native::watch::watcher:   [create] apps/backend/dist/modules/pedidos/interfaces/pedidos.interface.js.map
DEBUG nx::native::watch::watcher:   [create] apps/backend/dist/infra/stripe/stripe.service.js
DEBUG nx::native::watch::watcher:   [create] apps/backend/dist/modules/pedidos/dto/checkout.dto.js
DEBUG nx::native::watch::watcher:   [create] apps/backend/dist/modules/carrito/controllers/carrito.controller.js
DEBUG nx::native::watch::watcher:   [create] apps/backend/dist/modules/carrito/dto/actualizar-item-carrito.dto.js.map
[NX v23.2.1 Daemon Server] - 2026-09-26T05:41:04.028Z - [WATCHER]: Processing file changes in outputs
DEBUG nx::native::watch::watcher: registering watches for new directories dirs=["C:\\Users\\Gerar\\Downloads\\Proyectos\\bibliohub\\apps\\backend\\dist\\modules\\pedidos\\controllers"]
DEBUG nx::native::watch::watcher: registering watches for new directories dirs=["C:\\Users\\Gerar\\Downloads\\Proyectos\\bibliohub\\apps\\backend\\dist\\modules\\cuenta"]
DEBUG nx::native::watch::watcher: registering watches for new directories dirs=["C:\\Users\\Gerar\\Downloads\\Proyectos\\bibliohub\\apps\\backend\\dist\\modules\\cuenta\\services"]
DEBUG nx::native::watch::watcher: registering watches for new directories dirs=["C:\\Users\\Gerar\\Downloads\\Proyectos\\bibliohub\\apps\\backend\\dist\\modules\\cuenta\\controllers"]
DEBUG nx::native::watch::watcher: idle-window emitting events count=20
DEBUG nx::native::watch::watcher:   [create] apps/backend/dist/modules/cuenta/services/cuenta.service.js
DEBUG nx::native::watch::watcher:   [create] apps/backend/dist/modules/cuenta/services/cuenta.service.d.ts
DEBUG nx::native::watch::watcher:   [create] apps/backend/dist/modules/pedidos/dto/cambiar-estado.dto.js
DEBUG nx::native::watch::watcher:   [create] apps/backend/dist/modules/pedidos/controllers/pedidos.controller.js.map
DEBUG nx::native::watch::watcher:   [create] apps/backend/dist/modules/pedidos/controllers/pedidos.controller.d.ts
DEBUG nx::native::watch::watcher:   [create] apps/backend/dist/modules/pedidos/services/checkout.service.js.map
DEBUG nx::native::watch::watcher:   [create] apps/backend/dist/modules/pedidos/services/checkout.service.d.ts
DEBUG nx::native::watch::watcher:   [create] apps/backend/dist/modules/pedidos/controllers/pedidos.controller.js
DEBUG nx::native::watch::watcher:   [create] apps/backend/dist/modules/pedidos/dto/cambiar-estado.dto.js.map
DEBUG nx::native::watch::watcher:   [create] apps/backend/dist/modules/cuenta/dto/cuenta.dto.js.map
DEBUG nx::native::watch::watcher:   [create] apps/backend/dist/modules/cuenta/controllers/cuenta.controller.d.ts
DEBUG nx::native::watch::watcher:   [create] apps/backend/dist/modules/cuenta/dto/cuenta.dto.d.ts
DEBUG nx::native::watch::watcher:   [create] apps/backend/dist/modules/cuenta/controllers/cuenta.controller.js.map
DEBUG nx::native::watch::watcher:   [create] apps/backend/dist/modules/pedidos/pedidos.module.js
DEBUG nx::native::watch::watcher:   [create] apps/backend/dist/modules/cuenta/controllers/cuenta.controller.js
DEBUG nx::native::watch::watcher:   [create] apps/backend/dist/modules/cuenta/services/cuenta.service.js.map
DEBUG nx::native::watch::watcher:   [create] apps/backend/dist/modules/pedidos/pedidos.module.d.ts
DEBUG nx::native::watch::watcher:   [create] apps/backend/dist/modules/pedidos/dto/cambiar-estado.dto.d.ts
DEBUG nx::native::watch::watcher:   [create] apps/backend/dist/modules/pedidos/pedidos.module.js.map
DEBUG nx::native::watch::watcher:   [create] apps/backend/dist/modules/pedidos/services/checkout.service.js
[NX v23.2.1 Daemon Server] - 2026-09-26T05:41:04.566Z - [WATCHER]: Processing file changes in outputs
DEBUG nx::native::watch::watcher: registering watches for new directories dirs=["C:\\Users\\Gerar\\Downloads\\Proyectos\\bibliohub\\apps\\backend\\dist\\modules\\lista-deseos\\services"]
DEBUG nx::native::watch::watcher: registering watches for new directories dirs=["C:\\Users\\Gerar\\Downloads\\Proyectos\\bibliohub\\apps\\backend\\dist\\modules\\lista-deseos\\controllers"]
DEBUG nx::native::watch::watcher: idle-window emitting events count=15
DEBUG nx::native::watch::watcher:   [create] apps/backend/dist/modules/lista-deseos/services/lista-deseos.service.d.ts
DEBUG nx::native::watch::watcher:   [create] apps/backend/dist/modules/lista-deseos/controllers/lista-deseos.controller.js.map
DEBUG nx::native::watch::watcher:   [create] apps/backend/dist/modules/lista-deseos/controllers/lista-deseos.controller.js
DEBUG nx::native::watch::watcher:   [create] apps/backend/dist/app.module.js.map
DEBUG nx::native::watch::watcher:   [create] apps/backend/dist/modules/lista-deseos/services/lista-deseos.service.js
DEBUG nx::native::watch::watcher:   [create] apps/backend/dist/app.module.js
DEBUG nx::native::watch::watcher:   [create] apps/backend/dist/modules/cuenta/cuenta.module.js.map
DEBUG nx::native::watch::watcher:   [create] apps/backend/dist/modules/cuenta/cuenta.module.js
DEBUG nx::native::watch::watcher:   [create] apps/backend/dist/modules/lista-deseos/controllers/lista-deseos.controller.d.ts
DEBUG nx::native::watch::watcher:   [create] apps/backend/dist/modules/lista-deseos/lista-deseos.module.js
DEBUG nx::native::watch::watcher:   [create] apps/backend/dist/modules/lista-deseos/services/lista-deseos.service.js.map
DEBUG nx::native::watch::watcher:   [create] apps/backend/dist/app.module.d.ts
DEBUG nx::native::watch::watcher:   [create] apps/backend/dist/modules/lista-deseos/lista-deseos.module.d.ts
DEBUG nx::native::watch::watcher:   [create] apps/backend/dist/modules/lista-deseos/lista-deseos.module.js.map
DEBUG nx::native::watch::watcher:   [create] apps/backend/dist/modules/cuenta/cuenta.module.d.ts
[NX v23.2.1 Daemon Server] - 2026-09-26T05:41:04.945Z - [WATCHER]: Processing file changes in outputs
DEBUG nx::native::watch::watcher: idle-window emitting events count=3
DEBUG nx::native::watch::watcher:   [create] apps/backend/dist/main.js
DEBUG nx::native::watch::watcher:   [create] apps/backend/dist/main.js.map
DEBUG nx::native::watch::watcher:   [create] apps/backend/dist/main.d.ts
[NX v23.2.1 Daemon Server] - 2026-09-26T05:41:05.101Z - [WATCHER]: Processing file changes in outputs
[NX v23.2.1 Daemon Client] - 2026-09-26T05:41:05.710Z - [Messenger] Sending message type: RECORD_OUTPUTS_HASH_BATCH
[NX v23.2.1 Daemon Client] - 2026-09-26T05:41:05.712Z - [Messenger] Message sent
[NX v23.2.1 Daemon Server] - 2026-09-26T05:41:05.716Z - Received raw message of length 176
[NX v23.2.1 Daemon Server] - 2026-09-26T05:41:05.716Z - Received json message of type RECORD_OUTPUTS_HASH_BATCH
[NX v23.2.1 Daemon Server] - 2026-09-26T05:41:05.791Z - Serializing response for RECORD_OUTPUTS_HASH_BATCH message in json mode
[NX v23.2.1 Daemon Server] - 2026-09-26T05:41:05.791Z - Responding to RECORD_OUTPUTS_HASH_BATCH message
[NX v23.2.1 Daemon Server] - 2026-09-26T05:41:05.791Z - [REQUEST]: Responding to the client. recordOutputsHashBatch
[NX v23.2.1 Daemon Server] - 2026-09-26T05:41:05.796Z - Done responding to the client recordOutputsHashBatch
[NX v23.2.1 Daemon Server] - 2026-09-26T05:41:05.796Z - Handled json message RECORD_OUTPUTS_HASH_BATCH. Handling time: 75. Response time: 5.
[NX v23.2.1 Daemon Client] - 2026-09-26T05:41:05.795Z - [Messenger] Received message, length: 2
DEBUG nx::native::watch::watcher: registering watches for new directories dirs=["C:\\Users\\Gerar\\Downloads\\Proyectos\\bibliohub\\apps\\frontend\\dist\\frontend\\browser\\login"]
DEBUG nx::native::watch::watcher: registering watches for new directories dirs=["C:\\Users\\Gerar\\Downloads\\Proyectos\\bibliohub\\apps\\frontend\\dist\\frontend\\browser\\covers"]
DEBUG nx::native::watch::watcher: registering watches for new directories dirs=["C:\\Users\\Gerar\\Downloads\\Proyectos\\bibliohub\\apps\\frontend\\dist\\frontend\\browser\\covers\\categorias"]
DEBUG nx::native::watch::watcher: idle-window emitting events count=133
DEBUG nx::native::watch::watcher:   [create] apps/frontend/dist/frontend/3rdpartylicenses.txt
DEBUG nx::native::watch::watcher:   [delete] apps/frontend/dist/frontend/browser/chunk-ZI4W5COU.js
DEBUG nx::native::watch::watcher:   [create] apps/frontend/dist/frontend/browser/chunk-RW7WMIUA.js
DEBUG nx::native::watch::watcher:   [delete] apps/frontend/dist/frontend/browser/login
DEBUG nx::native::watch::watcher:   [delete] apps/frontend/dist/frontend/browser/chunk-LTY4NW5D.js
DEBUG nx::native::watch::watcher:   [delete] apps/frontend/dist/frontend/browser/chunk-VMR7ISCL.js
DEBUG nx::native::watch::watcher:   [create] apps/frontend/dist/frontend/browser/chunk-VJ4XNORZ.js
DEBUG nx::native::watch::watcher:   [create] apps/frontend/dist/frontend/browser/chunk-XHEL65VA.js
DEBUG nx::native::watch::watcher:   [create] apps/frontend/dist/frontend/browser/chunk-2RV24FVR.js
DEBUG nx::native::watch::watcher:   [create] apps/frontend/dist/frontend/browser/hoja-personajes.webp
DEBUG nx::native::watch::watcher:   [create] apps/frontend/dist/frontend/browser/chunk-AIO7TAYF.js
DEBUG nx::native::watch::watcher:   [create] apps/frontend/dist/frontend/browser/covers/categorias/romance.jpg
DEBUG nx::native::watch::watcher:   [create] apps/frontend/dist/frontend/browser/chunk-IOJO34V4.js
DEBUG nx::native::watch::watcher:   [create] apps/frontend/dist/frontend/browser/chunk-VVUMN2Z3.js
DEBUG nx::native::watch::watcher:   [create] apps/frontend/dist/frontend/browser/chunk-GKKKH6WZ.js
DEBUG nx::native::watch::watcher:   [delete] apps/frontend/dist/frontend/browser/chunk-WU7V5WMP.js
DEBUG nx::native::watch::watcher:   [create] apps/frontend/dist/frontend/browser/covers/categorias/narrativa.jpg
DEBUG nx::native::watch::watcher:   [create] apps/frontend/dist/frontend/browser/chunk-H53IDL3R.js
DEBUG nx::native::watch::watcher:   [create] apps/frontend/dist/frontend/browser/login/4.png
DEBUG nx::native::watch::watcher:   [create] apps/frontend/dist/frontend/browser/chunk-DVIC3V6E.js
DEBUG nx::native::watch::watcher:   [create] apps/frontend/dist/frontend/browser/chunk-FB36LTF7.js
DEBUG nx::native::watch::watcher:   [create] apps/frontend/dist/frontend/browser/covers/categorias/misterio.jpg
DEBUG nx::native::watch::watcher:   [delete] apps/frontend/dist/frontend/browser/chunk-BDKOUZUS.js
DEBUG nx::native::watch::watcher:   [create] apps/frontend/dist/frontend/browser/chunk-ZWRIL2R6.js
DEBUG nx::native::watch::watcher:   [create] apps/frontend/dist/frontend/browser/login/2.png
DEBUG nx::native::watch::watcher:   [delete] apps/frontend/dist/frontend/browser/chunk-7JIW23S3.js
DEBUG nx::native::watch::watcher:   [create] apps/frontend/dist/frontend/browser/chunk-PPXAQBEK.js
DEBUG nx::native::watch::watcher:   [delete] apps/frontend/dist/frontend/browser/chunk-RDYWMRWA.js
DEBUG nx::native::watch::watcher:   [create] apps/frontend/dist/frontend/browser/chunk-IMD46TIP.js
DEBUG nx::native::watch::watcher:   [create] apps/frontend/dist/frontend/browser/chunk-5ZBEFNK3.js
DEBUG nx::native::watch::watcher:   [create] apps/frontend/dist/frontend/browser/covers/categorias/poesia.jpg
DEBUG nx::native::watch::watcher:   [create] apps/frontend/dist/frontend/browser/logo_blanco.png
DEBUG nx::native::watch::watcher:   [create] apps/frontend/dist/frontend/browser/chunk-KNT3YVSD.js
DEBUG nx::native::watch::watcher:   [create] apps/frontend/dist/frontend/browser/chunk-2TGSJEFO.js
DEBUG nx::native::watch::watcher:   [create] apps/frontend/dist/frontend/browser/chunk-4E7LQGBR.js
DEBUG nx::native::watch::watcher:   [create] apps/frontend/dist/frontend/browser/chunk-BGX6ZWR4.js
DEBUG nx::native::watch::watcher:   [create] apps/frontend/dist/frontend/browser/chunk-NP2SZBCN.js
DEBUG nx::native::watch::watcher:   [create] apps/frontend/dist/frontend/browser/covers/categorias/ensayo.jpg
DEBUG nx::native::watch::watcher:   [delete] apps/frontend/dist/frontend/browser/main-ATQ2LBPG.js
DEBUG nx::native::watch::watcher:   [create] apps/frontend/dist/frontend/browser/chunk-F7GCFRNQ.js
DEBUG nx::native::watch::watcher:   [create] apps/frontend/dist/frontend/browser/chunk-5PBTIIXZ.js
DEBUG nx::native::watch::watcher:   [create] apps/frontend/dist/frontend/browser/chunk-YLLA6KAQ.js
DEBUG nx::native::watch::watcher:   [delete] apps/frontend/dist/frontend/browser/chunk-VMWH6GNI.js
DEBUG nx::native::watch::watcher:   [create] apps/frontend/dist/frontend/browser/chunk-5M4BJMGC.js
DEBUG nx::native::watch::watcher:   [delete] apps/frontend/dist/frontend/browser/chunk-LLN6535U.js
DEBUG nx::native::watch::watcher:   [create] apps/frontend/dist/frontend/browser/chunk-MZFETJ6G.js
DEBUG nx::native::watch::watcher:   [create] apps/frontend/dist/frontend/browser/main-JXBHMD6L.js
DEBUG nx::native::watch::watcher:   [delete] apps/frontend/dist/frontend/browser/chunk-D266L5J7.js
DEBUG nx::native::watch::watcher:   [create] apps/frontend/dist/frontend/browser/chunk-HSCQVDT5.js
DEBUG nx::native::watch::watcher:   [create] apps/frontend/dist/frontend/browser/login/3.png
DEBUG nx::native::watch::watcher:   [create] apps/frontend/dist/frontend/browser/chunk-DETODCQD.js
DEBUG nx::native::watch::watcher:   [create] apps/frontend/dist/frontend/browser/chunk-DQOTHBVK.js
DEBUG nx::native::watch::watcher:   [create] apps/frontend/dist/frontend/browser/chunk-654MQKAV.js
DEBUG nx::native::watch::watcher:   [create] apps/frontend/dist/frontend/browser/chunk-DZOVG5LL.js
DEBUG nx::native::watch::watcher:   [create] apps/frontend/dist/frontend/browser/chunk-Q4JCAW6D.js
DEBUG nx::native::watch::watcher:   [create] apps/frontend/dist/frontend/browser/chunk-MHDZUR2N.js
DEBUG nx::native::watch::watcher:   [create] apps/frontend/dist/frontend/browser/chunk-OM6VXERY.js
DEBUG nx::native::watch::watcher:   [delete] apps/frontend/dist/frontend/browser/chunk-LMKZI7GY.js
DEBUG nx::native::watch::watcher:   [create] apps/frontend/dist/frontend/browser/chunk-52C47AJ6.js
DEBUG nx::native::watch::watcher:   [delete] apps/frontend/dist/frontend/browser/chunk-2YGP3XDT.js
DEBUG nx::native::watch::watcher:   [create] apps/frontend/dist/frontend/browser/chunk-DLA5YA7O.js
DEBUG nx::native::watch::watcher:   [delete] apps/frontend/dist/frontend/browser/chunk-Q5BNDU42.js
DEBUG nx::native::watch::watcher:   [create] apps/frontend/dist/frontend/browser/chunk-OX3ENISM.js
DEBUG nx::native::watch::watcher:   [delete] apps/frontend/dist/frontend/browser/chunk-JAKQ5GUV.js
DEBUG nx::native::watch::watcher:   [create] apps/frontend/dist/frontend/browser/chunk-N4Q5EDSC.js
DEBUG nx::native::watch::watcher:   [create] apps/frontend/dist/frontend/browser/chunk-BX5XTBGR.js
DEBUG nx::native::watch::watcher:   [create] apps/frontend/dist/frontend/browser/chunk-GHJ46NAN.js
DEBUG nx::native::watch::watcher:   [create] apps/frontend/dist/frontend/browser/chunk-E67ZEIQK.js
DEBUG nx::native::watch::watcher:   [create] apps/frontend/dist/frontend/browser/chunk-46SGFW3B.js
DEBUG nx::native::watch::watcher:   [create] apps/frontend/dist/frontend/browser/covers/categorias/infantil.jpg
DEBUG nx::native::watch::watcher:   [create] apps/frontend/dist/frontend/browser/login/5.png
DEBUG nx::native::watch::watcher:   [create] apps/frontend/dist/frontend/browser/covers/categorias/ciencia-ficcion.jpg
DEBUG nx::native::watch::watcher:   [create] apps/frontend/dist/frontend/browser/chunk-DKKQFFMO.js
DEBUG nx::native::watch::watcher:   [create] apps/frontend/dist/frontend/browser/chunk-MQ4T74IY.js
DEBUG nx::native::watch::watcher:   [create] apps/frontend/dist/frontend/browser/chunk-TRCJ5P4T.js
DEBUG nx::native::watch::watcher:   [delete] apps/frontend/dist/frontend/browser/chunk-RMW4WZND.js
DEBUG nx::native::watch::watcher:   [create] apps/frontend/dist/frontend/browser/chunk-BURJ55YD.js
DEBUG nx::native::watch::watcher:   [create] apps/frontend/dist/frontend/browser/chunk-XQZG73TH.js
DEBUG nx::native::watch::watcher:   [delete] apps/frontend/dist/frontend/browser/styles-LUZSPCQ3.css
DEBUG nx::native::watch::watcher:   [create] apps/frontend/dist/frontend/browser/chunk-3Y4U6HFP.js
DEBUG nx::native::watch::watcher:   [create] apps/frontend/dist/frontend/browser/chunk-LTJF2OCS.js
DEBUG nx::native::watch::watcher:   [create] apps/frontend/dist/frontend/browser/chunk-7CGTOI24.js
DEBUG nx::native::watch::watcher:   [create] apps/frontend/dist/frontend/browser/logo.svg
DEBUG nx::native::watch::watcher:   [create] apps/frontend/dist/frontend/browser/chunk-CLZNMDPJ.js
DEBUG nx::native::watch::watcher:   [create] apps/frontend/dist/frontend/browser/styles-OVORCZO6.css
DEBUG nx::native::watch::watcher:   [create] apps/frontend/dist/frontend/browser/chunk-JS2CFRKU.js
DEBUG nx::native::watch::watcher:   [create] apps/frontend/dist/frontend/browser/chunk-G2LDB3OK.js
DEBUG nx::native::watch::watcher:   [create] apps/frontend/dist/frontend/browser/chunk-O5YIURCE.js
DEBUG nx::native::watch::watcher:   [create] apps/frontend/dist/frontend/browser/chunk-4IAPGPQ5.js
DEBUG nx::native::watch::watcher:   [delete] apps/frontend/dist/frontend/browser/chunk-5R3BHVVT.js
DEBUG nx::native::watch::watcher:   [delete] apps/frontend/dist/frontend/browser/chunk-HRT3C23N.js
DEBUG nx::native::watch::watcher:   [create] apps/frontend/dist/frontend/browser/chunk-F4ALUWFR.js
DEBUG nx::native::watch::watcher:   [create] apps/frontend/dist/frontend/browser/chunk-LU3JBZGP.js
DEBUG nx::native::watch::watcher:   [create] apps/frontend/dist/frontend/browser/chunk-K63B4T2H.js
DEBUG nx::native::watch::watcher:   [create] apps/frontend/dist/frontend/browser/chunk-5XBWSSLQ.js
DEBUG nx::native::watch::watcher:   [delete] apps/frontend/dist/frontend/browser/chunk-PBPYMAZA.js
DEBUG nx::native::watch::watcher:   [create] apps/frontend/dist/frontend/prerendered-routes.json
DEBUG nx::native::watch::watcher:   [delete] apps/frontend/dist/frontend/browser/covers/categorias
DEBUG nx::native::watch::watcher:   [create] apps/frontend/dist/frontend/browser/chunk-EKJMNP7O.js
DEBUG nx::native::watch::watcher:   [create] apps/frontend/dist/frontend/browser/chunk-VOSKJTWI.js
DEBUG nx::native::watch::watcher:   [create] apps/frontend/dist/frontend/browser/chunk-OIF25QV2.js
DEBUG nx::native::watch::watcher:   [create] apps/frontend/dist/frontend/browser/chunk-SMINUT4Z.js
DEBUG nx::native::watch::watcher:   [create] apps/frontend/dist/frontend/browser/covers/categorias/terror.png
DEBUG nx::native::watch::watcher:   [create] apps/frontend/dist/frontend/browser/chunk-YONMEYGK.js
DEBUG nx::native::watch::watcher:   [create] apps/frontend/dist/frontend/browser/login/1.png
DEBUG nx::native::watch::watcher:   [create] apps/frontend/dist/frontend/browser/covers/categorias/desktop.ini
DEBUG nx::native::watch::watcher:   [create] apps/frontend/dist/frontend/browser/chunk-GK7ML6VK.js
DEBUG nx::native::watch::watcher:   [create] apps/frontend/dist/frontend/browser/chunk-YS3VZRVK.js
DEBUG nx::native::watch::watcher:   [delete] apps/frontend/dist/frontend/browser/chunk-H7EVLZTM.js
DEBUG nx::native::watch::watcher:   [create] apps/frontend/dist/frontend/browser/chunk-3GX2JEDA.js
DEBUG nx::native::watch::watcher:   [delete] apps/frontend/dist/frontend/browser/chunk-DTZJYZS2.js
DEBUG nx::native::watch::watcher:   [create] apps/frontend/dist/frontend/browser/chunk-B6LHQFGV.js
DEBUG nx::native::watch::watcher:   [create] apps/frontend/dist/frontend/browser/chunk-ZQVYBKJZ.js
DEBUG nx::native::watch::watcher:   [create] apps/frontend/dist/frontend/browser/chunk-HXFR264T.js
DEBUG nx::native::watch::watcher:   [create] apps/frontend/dist/frontend/browser/chunk-KYTJ536S.js
DEBUG nx::native::watch::watcher:   [create] apps/frontend/dist/frontend/browser/chunk-I4IZRWYL.js
DEBUG nx::native::watch::watcher:   [delete] apps/frontend/dist/frontend/browser/chunk-I5FSV6AW.js
DEBUG nx::native::watch::watcher:   [create] apps/frontend/dist/frontend/browser/chunk-66QCS2ZV.js
DEBUG nx::native::watch::watcher:   [delete] apps/frontend/dist/frontend/browser/chunk-EQLNVNKZ.js
DEBUG nx::native::watch::watcher:   [create] apps/frontend/dist/frontend/browser/logo_negro.png
DEBUG nx::native::watch::watcher:   [create] apps/frontend/dist/frontend/browser/index.html
DEBUG nx::native::watch::watcher:   [create] apps/frontend/dist/frontend/browser/chunk-JNIFKV5Q.js
DEBUG nx::native::watch::watcher:   [create] apps/frontend/dist/frontend/browser/chunk-AX6MVX5E.js
DEBUG nx::native::watch::watcher:   [create] apps/frontend/dist/frontend/browser/chunk-JQEUJQPB.js
DEBUG nx::native::watch::watcher:   [create] apps/frontend/dist/frontend/browser/covers/categorias/fantasia.jpg
DEBUG nx::native::watch::watcher:   [create] apps/frontend/dist/frontend/browser/chunk-MSPBSWZV.js
DEBUG nx::native::watch::watcher:   [delete] apps/frontend/dist/frontend/browser/covers
DEBUG nx::native::watch::watcher:   [create] apps/frontend/dist/frontend/browser/chunk-RGNRFPTA.js
DEBUG nx::native::watch::watcher:   [create] apps/frontend/dist/frontend/browser/chunk-CZUMIRKP.js
DEBUG nx::native::watch::watcher:   [create] apps/frontend/dist/frontend/browser/chunk-RGJ2ZBCH.js
DEBUG nx::native::watch::watcher:   [create] apps/frontend/dist/frontend/browser/logo.png
DEBUG nx::native::watch::watcher:   [delete] apps/frontend/dist/frontend/browser/chunk-HYYTVQAX.js
DEBUG nx::native::watch::watcher:   [create] apps/frontend/dist/frontend/browser/chunk-J36E6DR3.js
[NX v23.2.1 Daemon Server] - 2026-09-26T05:41:06.222Z - [WATCHER]: Processing file changes in outputs
[NX v23.2.1 Daemon Client] - 2026-09-26T05:41:06.727Z - [Messenger] Sending message type: RECORD_OUTPUTS_HASH_BATCH
[NX v23.2.1 Daemon Client] - 2026-09-26T05:41:06.729Z - [Messenger] Message sent
[NX v23.2.1 Daemon Server] - 2026-09-26T05:41:06.731Z - Received raw message of length 178
[NX v23.2.1 Daemon Server] - 2026-09-26T05:41:06.732Z - Received json message of type RECORD_OUTPUTS_HASH_BATCH
[NX v23.2.1 Daemon Server] - 2026-09-26T05:41:06.753Z - Serializing response for RECORD_OUTPUTS_HASH_BATCH message in json mode
[NX v23.2.1 Daemon Server] - 2026-09-26T05:41:06.753Z - Responding to RECORD_OUTPUTS_HASH_BATCH message
[NX v23.2.1 Daemon Server] - 2026-09-26T05:41:06.753Z - [REQUEST]: Responding to the client. recordOutputsHashBatch
[NX v23.2.1 Daemon Server] - 2026-09-26T05:41:06.759Z - Done responding to the client recordOutputsHashBatch
[NX v23.2.1 Daemon Server] - 2026-09-26T05:41:06.759Z - Handled json message RECORD_OUTPUTS_HASH_BATCH. Handling time: 21. Response time: 6.
[NX v23.2.1 Daemon Client] - 2026-09-26T05:41:06.758Z - [Messenger] Received message, length: 2
[NX v23.2.1 Daemon Client] - 2026-09-26T05:41:07.015Z - [Messenger] Sending message type: RECORD_TASK_RUNS
[NX v23.2.1 Daemon Client] - 2026-09-26T05:41:07.016Z - [Messenger] Message sent
[NX v23.2.1 Daemon Server] - 2026-09-26T05:41:07.018Z - Received raw message of length 603
[NX v23.2.1 Daemon Server] - 2026-09-26T05:41:07.018Z - Received json message of type RECORD_TASK_RUNS
[NX v23.2.1 Daemon Server] - 2026-09-26T05:41:07.020Z - Serializing response for RECORD_TASK_RUNS message in json mode
[NX v23.2.1 Daemon Server] - 2026-09-26T05:41:07.020Z - Responding to RECORD_TASK_RUNS message
[NX v23.2.1 Daemon Server] - 2026-09-26T05:41:07.020Z - [REQUEST]: Responding to the client. handleRecordTaskRuns
[NX v23.2.1 Daemon Server] - 2026-09-26T05:41:07.020Z - Done responding to the client handleRecordTaskRuns
[NX v23.2.1 Daemon Server] - 2026-09-26T05:41:07.021Z - Handled json message RECORD_TASK_RUNS. Handling time: 2. Response time: 1.
[NX v23.2.1 Daemon Client] - 2026-09-26T05:41:07.020Z - [Messenger] Received message, length: 4
[NX v23.2.1 Daemon Client] - 2026-09-26T05:41:07.022Z - [Messenger] Sending message type: GET_FLAKY_TASKS
[NX v23.2.1 Daemon Client] - 2026-09-26T05:41:07.023Z - [Messenger] Message sent
[NX v23.2.1 Daemon Server] - 2026-09-26T05:41:07.025Z - Received raw message of length 171
[NX v23.2.1 Daemon Server] - 2026-09-26T05:41:07.025Z - Received json message of type GET_FLAKY_TASKS
[NX v23.2.1 Daemon Server] - 2026-09-26T05:41:07.025Z - Serializing response for GET_FLAKY_TASKS message in json mode
[NX v23.2.1 Daemon Server] - 2026-09-26T05:41:07.025Z - Responding to GET_FLAKY_TASKS message
[NX v23.2.1 Daemon Server] - 2026-09-26T05:41:07.026Z - [REQUEST]: Responding to the client. handleGetFlakyTasks
[NX v23.2.1 Daemon Server] - 2026-09-26T05:41:07.026Z - Done responding to the client handleGetFlakyTasks
[NX v23.2.1 Daemon Server] - 2026-09-26T05:41:07.026Z - Handled json message GET_FLAKY_TASKS. Handling time: 0. Response time: 1.
[NX v23.2.1 Daemon Client] - 2026-09-26T05:41:07.025Z - [Messenger] Received message, length: 2
[NX v23.2.1 Daemon Server] - 2026-09-26T05:41:07.029Z - Established a connection. Number of open connections: 2
[NX v23.2.1 Daemon Server] - 2026-09-26T05:41:07.030Z - Closed a connection. Number of open connections: 1
[NX v23.2.1 Daemon Client] - 2026-09-26T05:41:07.028Z - [Messenger] Sending message type: GET_CONFIGURE_AI_AGENTS_STATUS
[NX v23.2.1 Daemon Client] - 2026-09-26T05:41:07.030Z - [Messenger] Message sent
[NX v23.2.1 Daemon Server] - 2026-09-26T05:41:07.033Z - Received raw message of length 109
[NX v23.2.1 Daemon Server] - 2026-09-26T05:41:07.033Z - Received json message of type GET_CONFIGURE_AI_AGENTS_STATUS
[NX v23.2.1 Daemon Server] - 2026-09-26T05:41:07.034Z - [AI-AGENTS]: Returning cached agent configuration status
[NX v23.2.1 Daemon Server] - 2026-09-26T05:41:07.034Z - Serializing response for GET_CONFIGURE_AI_AGENTS_STATUS message in json mode
[NX v23.2.1 Daemon Server] - 2026-09-26T05:41:07.034Z - Responding to GET_CONFIGURE_AI_AGENTS_STATUS message
[NX v23.2.1 Daemon Server] - 2026-09-26T05:41:07.034Z - [REQUEST]: Responding to the client. handleGetConfigureAiAgentsStatus
[NX v23.2.1 Daemon Server] - 2026-09-26T05:41:07.034Z - Done responding to the client handleGetConfigureAiAgentsStatus
[NX v23.2.1 Daemon Server] - 2026-09-26T05:41:07.034Z - Handled json message GET_CONFIGURE_AI_AGENTS_STATUS. Handling time: 0. Response time: 0.
[NX v23.2.1 Daemon Client] - 2026-09-26T05:41:07.034Z - [Messenger] Received message, length: 104
[NX v23.2.1 Daemon Client] - 2026-09-26T05:41:07.041Z - [Messenger] Sending message type: POST_TASKS_EXECUTION
[NX v23.2.1 Daemon Client] - 2026-09-26T05:41:07.044Z - [Messenger] Message sent
[NX v23.2.1 Daemon Server] - 2026-09-26T05:41:07.047Z - Received raw message of length 87972
[NX v23.2.1 Daemon Server] - 2026-09-26T05:41:07.049Z - Received json message of type POST_TASKS_EXECUTION
[NX v23.2.1 Daemon Server] - 2026-09-26T05:41:07.050Z - Serializing response for POST_TASKS_EXECUTION message in json mode
[NX v23.2.1 Daemon Server] - 2026-09-26T05:41:07.050Z - Responding to POST_TASKS_EXECUTION message
[NX v23.2.1 Daemon Server] - 2026-09-26T05:41:07.050Z - [REQUEST]: Responding to the client. handleRunPostTasksExecution
[NX v23.2.1 Daemon Server] - 2026-09-26T05:41:07.050Z - Time taken for 'postTasksExecution' 0.9225999999980559ms
[NX v23.2.1 Daemon Server] - 2026-09-26T05:41:07.054Z - Done responding to the client handleRunPostTasksExecution
[NX v23.2.1 Daemon Server] - 2026-09-26T05:41:07.054Z - Handled json message POST_TASKS_EXECUTION. Handling time: 1. Response time: 4.
[NX v23.2.1 Daemon Client] - 2026-09-26T05:41:07.053Z - [Messenger] Received message, length: 4
[NX v23.2.1 Daemon Server] - 2026-09-26T05:41:07.071Z - Closed a connection. Number of open connections: 0
[NX v23.2.1 Daemon Server] - 2026-09-26T05:41:09.576Z - Established a connection. Number of open connections: 1
[NX v23.2.1 Daemon Server] - 2026-09-26T05:41:09.579Z - Closed a connection. Number of open connections: 0
[NX v23.2.1 Daemon Server] - 2026-09-26T05:41:09.582Z - Established a connection. Number of open connections: 1
[NX v23.2.1 Daemon Server] - 2026-09-26T05:41:09.583Z - Closed a connection. Number of open connections: 0
[NX v23.2.1 Daemon Server] - 2026-09-26T05:41:09.583Z - Established a connection. Number of open connections: 1
[NX v23.2.1 Daemon Client] - 2026-09-26T05:41:09.582Z - [Messenger] Setting up socket listeners
[NX v23.2.1 Daemon Client] - 2026-09-26T05:41:09.585Z - [Messenger] listen() complete
[NX v23.2.1 Daemon Client] - 2026-09-26T05:41:10.987Z - [Messenger] Sending message type: GET_NX_CONSOLE_STATUS
[NX v23.2.1 Daemon Client] - 2026-09-26T05:41:10.989Z - [Messenger] Message sent
[NX v23.2.1 Daemon Server] - 2026-09-26T05:41:10.995Z - Received raw message of length 6989
[NX v23.2.1 Daemon Server] - 2026-09-26T05:41:10.995Z - Received json message of type GET_NX_CONSOLE_STATUS
[NX v23.2.1 Daemon Server] - 2026-09-26T05:41:10.997Z - Serializing response for GET_NX_CONSOLE_STATUS message in json mode
[NX v23.2.1 Daemon Server] - 2026-09-26T05:41:10.997Z - Responding to GET_NX_CONSOLE_STATUS message
[NX v23.2.1 Daemon Server] - 2026-09-26T05:41:10.997Z - [REQUEST]: Responding to the client. handleGetNxConsoleStatus
[NX v23.2.1 Daemon Server] - 2026-09-26T05:41:10.997Z - Done responding to the client handleGetNxConsoleStatus
[NX v23.2.1 Daemon Server] - 2026-09-26T05:41:10.997Z - Handled json message GET_NX_CONSOLE_STATUS. Handling time: 0. Response time: 0.
[NX v23.2.1 Daemon Client] - 2026-09-26T05:41:10.998Z - [Messenger] Received message, length: 22
[NX v23.2.1 Daemon Client] - 2026-09-26T05:41:11.482Z - [Messenger] Sending message type: REQUEST_PROJECT_GRAPH
[NX v23.2.1 Daemon Client] - 2026-09-26T05:41:11.483Z - [Messenger] Message sent
[NX v23.2.1 Daemon Server] - 2026-09-26T05:41:11.485Z - Received raw message of length 100
[NX v23.2.1 Daemon Server] - 2026-09-26T05:41:11.485Z - Received json message of type REQUEST_PROJECT_GRAPH
[NX v23.2.1 Daemon Server] - 2026-09-26T05:41:11.485Z - [REQUEST]: Client Request for Project Graph Received
DEBUG nx::native::watch::watcher: force-flush END count=0 replies=1 elapsed=17.6544ms
[NX v23.2.1 Daemon Server] - 2026-09-26T05:41:11.504Z - Reusing in-memory cached project graph because no files changed.
[NX v23.2.1 Daemon Server] - 2026-09-26T05:41:11.505Z - Serializing response for REQUEST_PROJECT_GRAPH message in json mode
[NX v23.2.1 Daemon Server] - 2026-09-26T05:41:11.505Z - Responding to REQUEST_PROJECT_GRAPH message
[NX v23.2.1 Daemon Server] - 2026-09-26T05:41:11.505Z - [REQUEST]: Responding to the client. project-graph
[NX v23.2.1 Daemon Server] - 2026-09-26T05:41:11.510Z - Time taken for 'total for creating and serializing project graph' 19.21940000000177ms
[NX v23.2.1 Daemon Server] - 2026-09-26T05:41:11.511Z - Done responding to the client project-graph
[NX v23.2.1 Daemon Server] - 2026-09-26T05:41:11.511Z - Handled json message REQUEST_PROJECT_GRAPH. Handling time: 20. Response time: 6.
[NX v23.2.1 Daemon Client] - 2026-09-26T05:41:11.510Z - [Messenger] Received message, length: 549526
[NX v23.2.1 Daemon Client] - 2026-09-26T05:41:11.521Z - [Messenger] Sending message type: PRE_TASKS_EXECUTION
[NX v23.2.1 Daemon Client] - 2026-09-26T05:41:11.522Z - [Messenger] Message sent
[NX v23.2.1 Daemon Server] - 2026-09-26T05:41:11.525Z - Received raw message of length 999
[NX v23.2.1 Daemon Server] - 2026-09-26T05:41:11.526Z - Received json message of type PRE_TASKS_EXECUTION
[NX v23.2.1 Daemon Server] - 2026-09-26T05:41:11.527Z - Serializing response for PRE_TASKS_EXECUTION message in json mode
[NX v23.2.1 Daemon Server] - 2026-09-26T05:41:11.527Z - Responding to PRE_TASKS_EXECUTION message
[NX v23.2.1 Daemon Server] - 2026-09-26T05:41:11.527Z - [REQUEST]: Responding to the client. handleRunPreTasksExecution
[NX v23.2.1 Daemon Server] - 2026-09-26T05:41:11.527Z - Time taken for 'preTasksExecution' 1.0109000000011292ms
[NX v23.2.1 Daemon Server] - 2026-09-26T05:41:11.531Z - Done responding to the client handleRunPreTasksExecution
[NX v23.2.1 Daemon Server] - 2026-09-26T05:41:11.532Z - Handled json message PRE_TASKS_EXECUTION. Handling time: 1. Response time: 5.
[NX v23.2.1 Daemon Client] - 2026-09-26T05:41:11.530Z - [Messenger] Received message, length: 2
[NX v23.2.1 Daemon Client] - 2026-09-26T05:41:12.018Z - [Messenger] Sending message type: HASH_TASKS
[NX v23.2.1 Daemon Client] - 2026-09-26T05:41:12.019Z - [Messenger] Message sent
[NX v23.2.1 Daemon Server] - 2026-09-26T05:41:12.025Z - Received raw message of length 20768
[NX v23.2.1 Daemon Server] - 2026-09-26T05:41:12.026Z - Received json message of type HASH_TASKS
DEBUG nx::native::watch::watcher: force-flush END count=0 replies=1 elapsed=23.7645ms
[NX v23.2.1 Daemon Server] - 2026-09-26T05:41:12.051Z - Reusing in-memory cached project graph because no files changed.
DEBUG nx::native::tasks::hash_planner: get_plans_internal COMPLETED in 1.6245ms - processed 2 tasks (setup: 11.3µs, parallel_planning: 1.6094ms, pool: 1200 unique instructions)
DEBUG nx::native::tasks::task_hasher: hash_plans COMPLETED in 10.2419ms - processed 2 plans (setup: 356µs, hashing: 9.8807ms, assembly: 6.8354ms)
[NX v23.2.1 Daemon Server] - 2026-09-26T05:41:12.068Z - Serializing response for HASH_TASKS message in json mode
[NX v23.2.1 Daemon Server] - 2026-09-26T05:41:12.069Z - Responding to HASH_TASKS message
[NX v23.2.1 Daemon Server] - 2026-09-26T05:41:12.069Z - [REQUEST]: Responding to the client. handleHashTasks
[NX v23.2.1 Daemon Server] - 2026-09-26T05:41:12.073Z - Done responding to the client handleHashTasks
[NX v23.2.1 Daemon Server] - 2026-09-26T05:41:12.073Z - Handled json message HASH_TASKS. Handling time: 42. Response time: 5.
[NX v23.2.1 Daemon Client] - 2026-09-26T05:41:12.072Z - [Messenger] Received message, length: 71548
[NX v23.2.1 Daemon Client] - 2026-09-26T05:41:12.151Z - [Messenger] Sending message type: GET_ESTIMATED_TASK_TIMINGS
[NX v23.2.1 Daemon Client] - 2026-09-26T05:41:12.152Z - [Messenger] Message sent
[NX v23.2.1 Daemon Server] - 2026-09-26T05:41:12.180Z - Received raw message of length 200
[NX v23.2.1 Daemon Server] - 2026-09-26T05:41:12.181Z - Received json message of type GET_ESTIMATED_TASK_TIMINGS
[NX v23.2.1 Daemon Server] - 2026-09-26T05:41:12.181Z - Serializing response for GET_ESTIMATED_TASK_TIMINGS message in json mode
[NX v23.2.1 Daemon Server] - 2026-09-26T05:41:12.182Z - Responding to GET_ESTIMATED_TASK_TIMINGS message
[NX v23.2.1 Daemon Server] - 2026-09-26T05:41:12.182Z - [REQUEST]: Responding to the client. handleGetEstimatedTaskTimings
[NX v23.2.1 Daemon Server] - 2026-09-26T05:41:12.182Z - Done responding to the client handleGetEstimatedTaskTimings
[NX v23.2.1 Daemon Server] - 2026-09-26T05:41:12.182Z - Handled json message GET_ESTIMATED_TASK_TIMINGS. Handling time: 0. Response time: 1.
[NX v23.2.1 Daemon Client] - 2026-09-26T05:41:12.181Z - [Messenger] Received message, length: 50
DEBUG nx::native::watch::watcher: idle-window emitting events count=1
DEBUG nx::native::watch::watcher:   [update] apps/frontend/.angular/cache/21.2.17/frontend/.tsbuildinfo
[NX v23.2.1 Daemon Server] - 2026-09-26T05:41:21.773Z - [WATCHER]: Processing file changes in outputs
DEBUG nx::native::watch::watcher: idle-window emitting events count=1
DEBUG nx::native::watch::watcher:   [update] apps/frontend/.angular/cache/21.2.17/frontend/vitest/da39a3ee5e6b4b0d3255bfef95601890afd80709/results.json
[NX v23.2.1 Daemon Server] - 2026-09-26T05:41:29.200Z - [WATCHER]: Processing file changes in outputs
[NX v23.2.1 Daemon Client] - 2026-09-26T05:41:29.364Z - [Messenger] Sending message type: RECORD_TASK_RUNS
[NX v23.2.1 Daemon Client] - 2026-09-26T05:41:29.365Z - [Messenger] Message sent
[NX v23.2.1 Daemon Server] - 2026-09-26T05:41:29.367Z - Received raw message of length 447
[NX v23.2.1 Daemon Server] - 2026-09-26T05:41:29.368Z - Received json message of type RECORD_TASK_RUNS
[NX v23.2.1 Daemon Server] - 2026-09-26T05:41:29.370Z - Serializing response for RECORD_TASK_RUNS message in json mode
[NX v23.2.1 Daemon Server] - 2026-09-26T05:41:29.370Z - Responding to RECORD_TASK_RUNS message
[NX v23.2.1 Daemon Server] - 2026-09-26T05:41:29.370Z - [REQUEST]: Responding to the client. handleRecordTaskRuns
[NX v23.2.1 Daemon Server] - 2026-09-26T05:41:29.371Z - Done responding to the client handleRecordTaskRuns
[NX v23.2.1 Daemon Server] - 2026-09-26T05:41:29.371Z - Handled json message RECORD_TASK_RUNS. Handling time: 2. Response time: 1.
[NX v23.2.1 Daemon Client] - 2026-09-26T05:41:29.371Z - [Messenger] Received message, length: 4
[NX v23.2.1 Daemon Server] - 2026-09-26T05:41:29.374Z - Established a connection. Number of open connections: 2
[NX v23.2.1 Daemon Server] - 2026-09-26T05:41:29.375Z - Closed a connection. Number of open connections: 1
[NX v23.2.1 Daemon Client] - 2026-09-26T05:41:29.374Z - [Messenger] Sending message type: GET_CONFIGURE_AI_AGENTS_STATUS
[NX v23.2.1 Daemon Client] - 2026-09-26T05:41:29.375Z - [Messenger] Message sent
[NX v23.2.1 Daemon Server] - 2026-09-26T05:41:29.379Z - Received raw message of length 109
[NX v23.2.1 Daemon Server] - 2026-09-26T05:41:29.379Z - Received json message of type GET_CONFIGURE_AI_AGENTS_STATUS
[NX v23.2.1 Daemon Server] - 2026-09-26T05:41:29.379Z - [AI-AGENTS]: Returning cached agent configuration status
[NX v23.2.1 Daemon Server] - 2026-09-26T05:41:29.379Z - Serializing response for GET_CONFIGURE_AI_AGENTS_STATUS message in json mode
[NX v23.2.1 Daemon Server] - 2026-09-26T05:41:29.380Z - Responding to GET_CONFIGURE_AI_AGENTS_STATUS message
[NX v23.2.1 Daemon Server] - 2026-09-26T05:41:29.380Z - [REQUEST]: Responding to the client. handleGetConfigureAiAgentsStatus
[NX v23.2.1 Daemon Server] - 2026-09-26T05:41:29.380Z - Done responding to the client handleGetConfigureAiAgentsStatus
[NX v23.2.1 Daemon Server] - 2026-09-26T05:41:29.380Z - Handled json message GET_CONFIGURE_AI_AGENTS_STATUS. Handling time: 0. Response time: 1.
[NX v23.2.1 Daemon Client] - 2026-09-26T05:41:29.379Z - [Messenger] Received message, length: 104
[NX v23.2.1 Daemon Client] - 2026-09-26T05:41:29.384Z - [Messenger] Sending message type: POST_TASKS_EXECUTION
[NX v23.2.1 Daemon Client] - 2026-09-26T05:41:29.387Z - [Messenger] Message sent
[NX v23.2.1 Daemon Server] - 2026-09-26T05:41:29.389Z - Received raw message of length 77415
[NX v23.2.1 Daemon Server] - 2026-09-26T05:41:29.391Z - Received json message of type POST_TASKS_EXECUTION
[NX v23.2.1 Daemon Server] - 2026-09-26T05:41:29.392Z - Serializing response for POST_TASKS_EXECUTION message in json mode
[NX v23.2.1 Daemon Server] - 2026-09-26T05:41:29.392Z - Responding to POST_TASKS_EXECUTION message
[NX v23.2.1 Daemon Server] - 2026-09-26T05:41:29.392Z - [REQUEST]: Responding to the client. handleRunPostTasksExecution
[NX v23.2.1 Daemon Server] - 2026-09-26T05:41:29.392Z - Time taken for 'postTasksExecution' 0.8326000000015483ms
[NX v23.2.1 Daemon Server] - 2026-09-26T05:41:29.393Z - Done responding to the client handleRunPostTasksExecution
[NX v23.2.1 Daemon Server] - 2026-09-26T05:41:29.393Z - Handled json message POST_TASKS_EXECUTION. Handling time: 1. Response time: 1.
[NX v23.2.1 Daemon Client] - 2026-09-26T05:41:29.392Z - [Messenger] Received message, length: 4
[NX v23.2.1 Daemon Server] - 2026-09-26T05:41:29.411Z - Closed a connection. Number of open connections: 0
[NX v23.2.1 Daemon Server] - 2026-09-26T05:41:31.976Z - Established a connection. Number of open connections: 1
[NX v23.2.1 Daemon Server] - 2026-09-26T05:41:31.977Z - Closed a connection. Number of open connections: 0
[NX v23.2.1 Daemon Server] - 2026-09-26T05:41:31.981Z - Established a connection. Number of open connections: 1
[NX v23.2.1 Daemon Server] - 2026-09-26T05:41:31.981Z - Closed a connection. Number of open connections: 0
[NX v23.2.1 Daemon Server] - 2026-09-26T05:41:31.982Z - Established a connection. Number of open connections: 1
[NX v23.2.1 Daemon Client] - 2026-09-26T05:41:31.983Z - [Messenger] Setting up socket listeners
[NX v23.2.1 Daemon Client] - 2026-09-26T05:41:31.986Z - [Messenger] listen() complete
[NX v23.2.1 Daemon Client] - 2026-09-26T05:41:33.445Z - [Messenger] Sending message type: GET_NX_CONSOLE_STATUS
[NX v23.2.1 Daemon Client] - 2026-09-26T05:41:33.447Z - [Messenger] Message sent
[NX v23.2.1 Daemon Server] - 2026-09-26T05:41:33.450Z - Received raw message of length 6989
[NX v23.2.1 Daemon Server] - 2026-09-26T05:41:33.451Z - Received json message of type GET_NX_CONSOLE_STATUS
[NX v23.2.1 Daemon Server] - 2026-09-26T05:41:33.452Z - Serializing response for GET_NX_CONSOLE_STATUS message in json mode
[NX v23.2.1 Daemon Server] - 2026-09-26T05:41:33.452Z - Responding to GET_NX_CONSOLE_STATUS message
[NX v23.2.1 Daemon Server] - 2026-09-26T05:41:33.453Z - [REQUEST]: Responding to the client. handleGetNxConsoleStatus
[NX v23.2.1 Daemon Server] - 2026-09-26T05:41:33.453Z - Done responding to the client handleGetNxConsoleStatus
[NX v23.2.1 Daemon Server] - 2026-09-26T05:41:33.453Z - Handled json message GET_NX_CONSOLE_STATUS. Handling time: 0. Response time: 1.
[NX v23.2.1 Daemon Client] - 2026-09-26T05:41:33.455Z - [Messenger] Received message, length: 22
[NX v23.2.1 Daemon Client] - 2026-09-26T05:41:33.809Z - [Messenger] Sending message type: REQUEST_PROJECT_GRAPH
[NX v23.2.1 Daemon Client] - 2026-09-26T05:41:33.810Z - [Messenger] Message sent
[NX v23.2.1 Daemon Server] - 2026-09-26T05:41:33.812Z - Received raw message of length 100
[NX v23.2.1 Daemon Server] - 2026-09-26T05:41:33.812Z - Received json message of type REQUEST_PROJECT_GRAPH
[NX v23.2.1 Daemon Server] - 2026-09-26T05:41:33.812Z - [REQUEST]: Client Request for Project Graph Received
DEBUG nx::native::watch::watcher: force-flush END count=0 replies=1 elapsed=18.0424ms
[NX v23.2.1 Daemon Server] - 2026-09-26T05:41:33.831Z - Reusing in-memory cached project graph because no files changed.
[NX v23.2.1 Daemon Server] - 2026-09-26T05:41:33.832Z - Serializing response for REQUEST_PROJECT_GRAPH message in json mode
[NX v23.2.1 Daemon Server] - 2026-09-26T05:41:33.833Z - Responding to REQUEST_PROJECT_GRAPH message
[NX v23.2.1 Daemon Server] - 2026-09-26T05:41:33.833Z - [REQUEST]: Responding to the client. project-graph
[NX v23.2.1 Daemon Server] - 2026-09-26T05:41:33.837Z - Time taken for 'total for creating and serializing project graph' 19.29080000000249ms
[NX v23.2.1 Daemon Server] - 2026-09-26T05:41:33.837Z - Done responding to the client project-graph
[NX v23.2.1 Daemon Server] - 2026-09-26T05:41:33.837Z - Handled json message REQUEST_PROJECT_GRAPH. Handling time: 20. Response time: 5.
[NX v23.2.1 Daemon Client] - 2026-09-26T05:41:33.838Z - [Messenger] Received message, length: 549526
[NX v23.2.1 Daemon Client] - 2026-09-26T05:41:33.848Z - [Messenger] Sending message type: PRE_TASKS_EXECUTION
[NX v23.2.1 Daemon Client] - 2026-09-26T05:41:33.849Z - [Messenger] Message sent
[NX v23.2.1 Daemon Server] - 2026-09-26T05:41:33.851Z - Received raw message of length 997
[NX v23.2.1 Daemon Server] - 2026-09-26T05:41:33.851Z - Received json message of type PRE_TASKS_EXECUTION
[NX v23.2.1 Daemon Server] - 2026-09-26T05:41:33.852Z - Serializing response for PRE_TASKS_EXECUTION message in json mode
[NX v23.2.1 Daemon Server] - 2026-09-26T05:41:33.852Z - Responding to PRE_TASKS_EXECUTION message
[NX v23.2.1 Daemon Server] - 2026-09-26T05:41:33.852Z - [REQUEST]: Responding to the client. handleRunPreTasksExecution
[NX v23.2.1 Daemon Server] - 2026-09-26T05:41:33.852Z - Time taken for 'preTasksExecution' 0.877200000002631ms
[NX v23.2.1 Daemon Server] - 2026-09-26T05:41:33.852Z - Done responding to the client handleRunPreTasksExecution
[NX v23.2.1 Daemon Server] - 2026-09-26T05:41:33.852Z - Handled json message PRE_TASKS_EXECUTION. Handling time: 1. Response time: 0.
[NX v23.2.1 Daemon Client] - 2026-09-26T05:41:33.853Z - [Messenger] Received message, length: 2
[NX v23.2.1 Daemon Client] - 2026-09-26T05:41:34.286Z - [Messenger] Sending message type: HASH_TASKS
[NX v23.2.1 Daemon Client] - 2026-09-26T05:41:34.288Z - [Messenger] Message sent
[NX v23.2.1 Daemon Server] - 2026-09-26T05:41:34.293Z - Received raw message of length 10813
[NX v23.2.1 Daemon Server] - 2026-09-26T05:41:34.293Z - Received json message of type HASH_TASKS
DEBUG nx::native::watch::watcher: force-flush END count=0 replies=1 elapsed=22.6522ms
[NX v23.2.1 Daemon Server] - 2026-09-26T05:41:34.318Z - Reusing in-memory cached project graph because no files changed.
DEBUG nx::native::tasks::hash_planner: get_plans_internal COMPLETED in 1.8313ms - processed 1 tasks (setup: 13µs, parallel_planning: 1.8128ms, pool: 1200 unique instructions)
DEBUG nx::native::tasks::task_hasher: hash_plans COMPLETED in 5.4882ms - processed 1 plans (setup: 430.8µs, hashing: 5.0476ms, assembly: 2.1634ms)
[NX v23.2.1 Daemon Server] - 2026-09-26T05:41:34.328Z - Serializing response for HASH_TASKS message in json mode
[NX v23.2.1 Daemon Server] - 2026-09-26T05:41:34.329Z - Responding to HASH_TASKS message
[NX v23.2.1 Daemon Server] - 2026-09-26T05:41:34.329Z - [REQUEST]: Responding to the client. handleHashTasks
[NX v23.2.1 Daemon Server] - 2026-09-26T05:41:34.333Z - Done responding to the client handleHashTasks
[NX v23.2.1 Daemon Server] - 2026-09-26T05:41:34.333Z - Handled json message HASH_TASKS. Handling time: 35. Response time: 5.
[NX v23.2.1 Daemon Client] - 2026-09-26T05:41:34.333Z - [Messenger] Received message, length: 34824
[NX v23.2.1 Daemon Client] - 2026-09-26T05:41:34.370Z - [Messenger] Sending message type: GET_ESTIMATED_TASK_TIMINGS
[NX v23.2.1 Daemon Client] - 2026-09-26T05:41:34.371Z - [Messenger] Message sent
[NX v23.2.1 Daemon Server] - 2026-09-26T05:41:34.400Z - Received raw message of length 159
[NX v23.2.1 Daemon Server] - 2026-09-26T05:41:34.400Z - Received json message of type GET_ESTIMATED_TASK_TIMINGS
[NX v23.2.1 Daemon Server] - 2026-09-26T05:41:34.401Z - Serializing response for GET_ESTIMATED_TASK_TIMINGS message in json mode
[NX v23.2.1 Daemon Server] - 2026-09-26T05:41:34.401Z - Responding to GET_ESTIMATED_TASK_TIMINGS message
[NX v23.2.1 Daemon Server] - 2026-09-26T05:41:34.401Z - [REQUEST]: Responding to the client. handleGetEstimatedTaskTimings
[NX v23.2.1 Daemon Server] - 2026-09-26T05:41:34.401Z - Done responding to the client handleGetEstimatedTaskTimings
[NX v23.2.1 Daemon Server] - 2026-09-26T05:41:34.401Z - Handled json message GET_ESTIMATED_TASK_TIMINGS. Handling time: 1. Response time: 0.
[NX v23.2.1 Daemon Client] - 2026-09-26T05:41:34.402Z - [Messenger] Received message, length: 2
[NX v23.2.1 Daemon Client] - 2026-09-26T05:41:51.364Z - [Messenger] Sending message type: RECORD_TASK_RUNS
[NX v23.2.1 Daemon Client] - 2026-09-26T05:41:51.365Z - [Messenger] Message sent
[NX v23.2.1 Daemon Server] - 2026-09-26T05:41:51.368Z - Received raw message of length 278
[NX v23.2.1 Daemon Server] - 2026-09-26T05:41:51.368Z - Received json message of type RECORD_TASK_RUNS
[NX v23.2.1 Daemon Server] - 2026-09-26T05:41:51.370Z - Serializing response for RECORD_TASK_RUNS message in json mode
[NX v23.2.1 Daemon Server] - 2026-09-26T05:41:51.370Z - Responding to RECORD_TASK_RUNS message
[NX v23.2.1 Daemon Server] - 2026-09-26T05:41:51.370Z - [REQUEST]: Responding to the client. handleRecordTaskRuns
[NX v23.2.1 Daemon Server] - 2026-09-26T05:41:51.370Z - Done responding to the client handleRecordTaskRuns
[NX v23.2.1 Daemon Server] - 2026-09-26T05:41:51.370Z - Handled json message RECORD_TASK_RUNS. Handling time: 2. Response time: 0.
[NX v23.2.1 Daemon Client] - 2026-09-26T05:41:51.371Z - [Messenger] Received message, length: 4
[NX v23.2.1 Daemon Server] - 2026-09-26T05:41:51.372Z - Established a connection. Number of open connections: 2
[NX v23.2.1 Daemon Server] - 2026-09-26T05:41:51.373Z - Closed a connection. Number of open connections: 1
[NX v23.2.1 Daemon Client] - 2026-09-26T05:41:51.373Z - [Messenger] Sending message type: GET_CONFIGURE_AI_AGENTS_STATUS
[NX v23.2.1 Daemon Client] - 2026-09-26T05:41:51.374Z - [Messenger] Message sent
[NX v23.2.1 Daemon Server] - 2026-09-26T05:41:51.375Z - Received raw message of length 109
[NX v23.2.1 Daemon Server] - 2026-09-26T05:41:51.375Z - Received json message of type GET_CONFIGURE_AI_AGENTS_STATUS
[NX v23.2.1 Daemon Server] - 2026-09-26T05:41:51.375Z - [AI-AGENTS]: Returning cached agent configuration status
[NX v23.2.1 Daemon Server] - 2026-09-26T05:41:51.375Z - Serializing response for GET_CONFIGURE_AI_AGENTS_STATUS message in json mode
[NX v23.2.1 Daemon Server] - 2026-09-26T05:41:51.375Z - Responding to GET_CONFIGURE_AI_AGENTS_STATUS message
[NX v23.2.1 Daemon Server] - 2026-09-26T05:41:51.375Z - [REQUEST]: Responding to the client. handleGetConfigureAiAgentsStatus
[NX v23.2.1 Daemon Server] - 2026-09-26T05:41:51.375Z - Done responding to the client handleGetConfigureAiAgentsStatus
[NX v23.2.1 Daemon Server] - 2026-09-26T05:41:51.376Z - Handled json message GET_CONFIGURE_AI_AGENTS_STATUS. Handling time: 0. Response time: 1.
[NX v23.2.1 Daemon Client] - 2026-09-26T05:41:51.376Z - [Messenger] Received message, length: 104
[NX v23.2.1 Daemon Client] - 2026-09-26T05:41:51.381Z - [Messenger] Sending message type: POST_TASKS_EXECUTION
[NX v23.2.1 Daemon Client] - 2026-09-26T05:41:51.383Z - [Messenger] Message sent
[NX v23.2.1 Daemon Server] - 2026-09-26T05:41:51.383Z - Received raw message of length 36867
[NX v23.2.1 Daemon Server] - 2026-09-26T05:41:51.384Z - Received json message of type POST_TASKS_EXECUTION
[NX v23.2.1 Daemon Server] - 2026-09-26T05:41:51.385Z - Serializing response for POST_TASKS_EXECUTION message in json mode
[NX v23.2.1 Daemon Server] - 2026-09-26T05:41:51.386Z - Responding to POST_TASKS_EXECUTION message
[NX v23.2.1 Daemon Server] - 2026-09-26T05:41:51.386Z - [REQUEST]: Responding to the client. handleRunPostTasksExecution
[NX v23.2.1 Daemon Server] - 2026-09-26T05:41:51.386Z - Time taken for 'postTasksExecution' 1.145699999993667ms
[NX v23.2.1 Daemon Server] - 2026-09-26T05:41:51.389Z - Done responding to the client handleRunPostTasksExecution
[NX v23.2.1 Daemon Server] - 2026-09-26T05:41:51.389Z - Handled json message POST_TASKS_EXECUTION. Handling time: 1. Response time: 4.
[NX v23.2.1 Daemon Client] - 2026-09-26T05:41:51.390Z - [Messenger] Received message, length: 4
